{"type":"FeatureCollection","features":[{"type":"Feature","properties":{"NOMBRE_DESTINO":"ABADIA","ID_DESTINO":"ABADIA","NOMBRE_GRAFO":"http://datos.segittur.es/abadia","ID_GRAFO":"abadia","F_ALTA_GRAFO":"2026-09-17 00:00:00","TRIPLETAS_GRAFO":null,"TRIPLETAS_GRAFO 09/07/2026":null,"TRIPLETAS_GRAFO 27/07/2026":null,"TRIPLETAS_GRAFO 30/07/2026":null,"TRIPLETAS_GRAFO 21/08/2026":null,"TRIPLETAS_GRAFO 10/09/2026":null,"TRIPLETAS_GRAFO 18/09/2026":44,"c_ine":"10001000000","join_status":"matched"},"geometry":{"type":"Polygon","coordinates":[[[-6.028931787,40.25798031],[-6.060886087,40.294707675],[-6.056018927,40.313544236],[-6.048012192,40.31838529],[-6.015654028,40.316306637],[-6.005319899,40.305370803],[-5.978879649,40.296975786],[-5.968485238,40.289559931],[-5.961258235,40.26520944],[-5.940668813,40.259213606],[-5.94633364,40.251043908],[-5.959589695,40.250948599],[-5.971930295,40.241489742],[-6.005376076,40.262332888],[-6.028931787,40.25798031]]]}},{"type":"Feature","properties":{"NOMBRE_DESTINO":"ABANILLA","ID_DESTINO":"ABANILLA","NOMBRE_GRAFO":"http://datos.segittur.es/abanilla","ID_GRAFO":"abanilla","F_ALTA_GRAFO":"2026-06-08 00:00:00","TRIPLETAS_GRAFO":"Sin datos","TRIPLETAS_GRAFO 09/07/2026":"Sin datos","TRIPLETAS_GRAFO 27/07/2026":451,"TRIPLETAS_GRAFO 30/07/2026":572,"TRIPLETAS_GRAFO 21/08/2026":613,"TRIPLETAS_GRAFO 10/09/2026":1574,"TRIPLETAS_GRAFO 18/09/2026":1574,"c_ine":"30001000000","join_status":"matched"},"geometry":{"type":"Polygon","coordinates":[[[-1.14138448,38.316113043],[-1.119538019,38.321538151],[-1.084381684,38.346193761],[-1.058611799,38.345485053],[-0.989336947,38.320712709],[-0.971331227,38.290208112],[-0.968057607,38.255773003],[-0.988798446,38.199410111],[-1.009078714,38.166710476],[-1.03674468,38.13771634],[-1.078677538,38.171326971],[-1.111465445,38.209770518],[-1.131250754,38.252469529],[-1.14138448,38.316113043]]]}},{"type":"Feature","properties":{"NOMBRE_DESTINO":"ABARAN","ID_DESTINO":"ABARAN","NOMBRE_GRAFO":"http://datos.segittur.es/abaran","ID_GRAFO":"abaran","F_ALTA_GRAFO":"2026-06-08 00:00:00","TRIPLETAS_GRAFO":"Sin datos","TRIPLETAS_GRAFO 09/07/2026":"Sin datos","TRIPLETAS_GRAFO 27/07/2026":158,"TRIPLETAS_GRAFO 30/07/2026":158,"TRIPLETAS_GRAFO 21/08/2026":158,"TRIPLETAS_GRAFO 10/09/2026":158,"TRIPLETAS_GRAFO 18/09/2026":191,"c_ine":"30002000000","join_status":"matched"},"geometry":{"type":"Polygon","coordinates":[[[-1.46691035,38.194350312],[-1.431003231,38.21355461],[-1.408324512,38.2133033],[-1.365771439,38.224803201],[-1.366855296,38.232523288],[-1.340062282,38.258695626],[-1.341915843,38.276690987],[-1.321321903,38.294772635],[-1.318872947,38.31327772],[-1.252397869,38.319811949],[-1.236650583,38.307500707],[-1.208756223,38.300896208],[-1.197166906,38.289404983],[-1.213122072,38.271687734],[-1.226812453,38.269362902],[-1.246750469,38.250547027],[-1.30165979,38.251132323],[-1.336262998,38.224430732],[-1.351165829,38.203564897],[-1.370602189,38.195702342],[-1.385822769,38.200969847],[-1.392223678,38.187865117],[-1.399675974,38.189320786],[-1.404288351,38.179070308],[-1.419285897,38.17283532],[-1.450989275,38.172203504],[-1.466321677,38.183029788],[-1.46691035,38.194350312]]]}},{"type":"Feature","properties":{"NOMBRE_DESTINO":"ACEBO","ID_DESTINO":"ACEBO","NOMBRE_GRAFO":"http://datos.segittur.es/acebo","ID_GRAFO":"acebo","F_ALTA_GRAFO":"2026-09-11 00:00:00","TRIPLETAS_GRAFO":null,"TRIPLETAS_GRAFO 09/07/2026":null,"TRIPLETAS_GRAFO 27/07/2026":null,"TRIPLETAS_GRAFO 30/07/2026":null,"TRIPLETAS_GRAFO 21/08/2026":null,"TRIPLETAS_GRAFO 10/09/2026":null,"TRIPLETAS_GRAFO 18/09/2026":101,"c_ine":"10003000000","join_status":"matched"},"geometry":{"type":"Polygon","coordinates":[[[-6.770386647,40.204228634],[-6.765041746,40.23155573],[-6.755550507,40.246264977],[-6.718224687,40.269239351],[-6.690137055,40.242662486],[-6.691974337,40.232580114],[-6.680383588,40.22404283],[-6.671653534,40.202084356],[-6.676849877,40.180025231],[-6.692935705,40.171370973],[-6.693345775,40.176329262],[-6.729808285,40.185875914],[-6.747941444,40.183794467],[-6.757385869,40.199797736],[-6.770386647,40.204228634]]]}},{"type":"Feature","properties":{"NOMBRE_DESTINO":"ACEHUCHE","ID_DESTINO":"ACEHUCHE","NOMBRE_GRAFO":"http://datos.segittur.es/acehuche","ID_GRAFO":"acehuche","F_ALTA_GRAFO":"2026-09-17 00:00:00","TRIPLETAS_GRAFO":null,"TRIPLETAS_GRAFO 09/07/2026":null,"TRIPLETAS_GRAFO 27/07/2026":null,"TRIPLETAS_GRAFO 30/07/2026":null,"TRIPLETAS_GRAFO 21/08/2026":null,"TRIPLETAS_GRAFO 10/09/2026":null,"TRIPLETAS_GRAFO 18/09/2026":62,"c_ine":"10004000000","join_status":"matched"},"geometry":{"type":"Polygon","coordinates":[[[-6.763743378,39.773275559],[-6.718592729,39.783163518],[-6.699734647,39.802438126],[-6.684632407,39.800613604],[-6.679817407,39.810818138],[-6.664422491,39.811423036],[-6.654271023,39.841105866],[-6.65792951,39.848394073],[-6.648639153,39.854991841],[-6.596345785,39.836901829],[-6.581713836,39.825799198],[-6.580386907,39.808573902],[-6.551675961,39.795541863],[-6.553681766,39.786878671],[-6.583159605,39.780341436],[-6.59424116,39.763146585],[-6.614824005,39.775773281],[-6.628646728,39.759165336],[-6.647308608,39.761858146],[-6.651333092,39.769549217],[-6.670328805,39.760672285],[-6.696617318,39.766492768],[-6.712595069,39.759992657],[-6.751244364,39.760846587],[-6.763743378,39.773275559]]]}},{"type":"Feature","properties":{"NOMBRE_DESTINO":"ACEITUNA","ID_DESTINO":"ACEITUNA","NOMBRE_GRAFO":"http://datos.segittur.es/aceituna","ID_GRAFO":"aceituna","F_ALTA_GRAFO":"2026-09-11 00:00:00","TRIPLETAS_GRAFO":null,"TRIPLETAS_GRAFO 09/07/2026":null,"TRIPLETAS_GRAFO 27/07/2026":null,"TRIPLETAS_GRAFO 30/07/2026":null,"TRIPLETAS_GRAFO 21/08/2026":null,"TRIPLETAS_GRAFO 10/09/2026":null,"TRIPLETAS_GRAFO 18/09/2026":38,"c_ine":"10005000000","join_status":"matched"},"geometry":{"type":"Polygon","coordinates":[[[-6.356349544,40.160042073],[-6.321958838,40.164232428],[-6.295346291,40.159418509],[-6.291451953,40.150009113],[-6.248692553,40.117270678],[-6.239145751,40.117826588],[-6.243588826,40.1101092],[-6.260548227,40.112253522],[-6.271922218,40.09943073],[-6.322449581,40.117013371],[-6.345872905,40.11428472],[-6.356349544,40.160042073]]]}},{"type":"Feature","properties":{"NOMBRE_DESTINO":"ADEJE","ID_DESTINO":"ADEJE","NOMBRE_GRAFO":"http://datos.segittur.es/adeje","ID_GRAFO":"adeje","F_ALTA_GRAFO":"2026-02-20 00:00:00","TRIPLETAS_GRAFO":32,"TRIPLETAS_GRAFO 09/07/2026":32,"TRIPLETAS_GRAFO 27/07/2026":92,"TRIPLETAS_GRAFO 30/07/2026":92,"TRIPLETAS_GRAFO 21/08/2026":109,"TRIPLETAS_GRAFO 10/09/2026":282,"TRIPLETAS_GRAFO 18/09/2026":282,"c_ine":"38001000000","join_status":"matched"},"geometry":{"type":"MultiPolygon","coordinates":[[[[-16.74565079,28.09072417],[-16.74493578,28.09068543],[-16.74474566,28.09050826],[-16.74565079,28.09072417]]],[[[-16.74876296,28.09217994],[-16.74801598,28.09180229],[-16.74885588,28.09213633],[-16.74876296,28.09217994]]],[[[-16.76199704,28.09980527],[-16.76234357,28.09977374],[-16.76178452,28.09994157],[-16.76199704,28.09980527]]],[[[-16.76078045,28.1004039],[-16.7615275,28.10003241],[-16.76157297,28.10007424],[-16.76078045,28.1004039]]],[[[-16.78118405,28.12319672],[-16.78052057,28.12308712],[-16.78115707,28.12285775],[-16.78118405,28.12319672]]],[[[-16.78393075,28.12616442],[-16.7839,28.12602854],[-16.78396976,28.12606103],[-16.78393075,28.12616442]]],[[[-16.73823373,28.08393961],[-16.73802482,28.08328886],[-16.73833841,28.08393107],[-16.73823373,28.08393961]]],[[[-16.73899925,28.08528364],[-16.73894954,28.0847879],[-16.73912296,28.0852568],[-16.73899925,28.08528364]]],[[[-16.73984484,28.08673314],[-16.73951198,28.08596935],[-16.73998769,28.08669342],[-16.73984484,28.08673314]]],[[[-16.74413736,28.09014597],[-16.74362945,28.09007662],[-16.74358587,28.08996166],[-16.74413736,28.09014597]]],[[[-16.801116106,28.157095002],[-16.720275402,28.17880044],[-16.680698929,28.212784673],[-16.660408877,28.201326023],[-16.687436193,28.139145703],[-16.68427518,28.119392293],[-16.691348855,28.095378353],[-16.722044963,28.066152602],[-16.73345132,28.06703786],[-16.73878996,28.08789357],[-16.77722493,28.11756165],[-16.77592125,28.11967589],[-16.79516016,28.14266194],[-16.801116106,28.157095002]]]]}},{"type":"Feature","properties":{"NOMBRE_DESTINO":"AGOST","ID_DESTINO":"AGOST","NOMBRE_GRAFO":"http://datos.segittur.es/agost","ID_GRAFO":"agost","F_ALTA_GRAFO":"2026-07-10 00:00:00","TRIPLETAS_GRAFO":null,"TRIPLETAS_GRAFO 09/07/2026":null,"TRIPLETAS_GRAFO 27/07/2026":null,"TRIPLETAS_GRAFO 30/07/2026":null,"TRIPLETAS_GRAFO 21/08/2026":null,"TRIPLETAS_GRAFO 10/09/2026":106,"TRIPLETAS_GRAFO 18/09/2026":106,"c_ine":"03002000000","join_status":"matched"},"geometry":{"type":"Polygon","coordinates":[[[-0.705757123,38.452139098],[-0.668545849,38.465811472],[-0.653306626,38.485834357],[-0.655462226,38.494302234],[-0.631434407,38.502261142],[-0.626464852,38.485644549],[-0.591537101,38.45701705],[-0.608343852,38.434240916],[-0.608944223,38.423692888],[-0.577880114,38.397707873],[-0.63630519,38.396378861],[-0.663618551,38.407208019],[-0.686925236,38.423979937],[-0.705757123,38.452139098]]]}},{"type":"Feature","properties":{"NOMBRE_DESTINO":"AGUILAS","ID_DESTINO":"AGUILAS","NOMBRE_GRAFO":"http://datos.segittur.es/aguilas","ID_GRAFO":"aguilas","F_ALTA_GRAFO":"2026-06-08 00:00:00","TRIPLETAS_GRAFO":"Sin datos","TRIPLETAS_GRAFO 09/07/2026":"Sin datos","TRIPLETAS_GRAFO 27/07/2026":151,"TRIPLETAS_GRAFO 30/07/2026":184,"TRIPLETAS_GRAFO 21/08/2026":184,"TRIPLETAS_GRAFO 10/09/2026":184,"TRIPLETAS_GRAFO 18/09/2026":267,"c_ine":"30003000000","join_status":"matched"},"geometry":{"type":"MultiPolygon","coordinates":[[[[-1.623316486,37.37816253],[-1.623177524,37.378350188],[-1.623067736,37.378177659],[-1.623316486,37.37816253]]],[[[-1.545845412,37.407617855],[-1.547309822,37.409600705],[-1.543662773,37.408888853],[-1.545845412,37.407617855]]],[[[-1.494869102,37.422157463],[-1.494888631,37.422310932],[-1.494810809,37.42224685],[-1.494869102,37.422157463]]],[[[-1.529293211,37.422050143],[-1.529738256,37.422407188],[-1.529106625,37.422345249],[-1.529293211,37.422050143]]],[[[-1.502157997,37.429532551],[-1.501986537,37.42962952],[-1.50211334,37.429504946],[-1.502157997,37.429532551]]],[[[-1.702417707,37.422942655],[-1.687119659,37.430497897],[-1.698220355,37.45517246],[-1.690686515,37.464480794],[-1.691808422,37.476660847],[-1.685052124,37.4788661],[-1.675097898,37.498817801],[-1.651804913,37.510802736],[-1.647446174,37.527246549],[-1.633853193,37.534778034],[-1.621865202,37.531835683],[-1.621466367,37.525837447],[-1.609827532,37.52796321],[-1.609351423,37.534708256],[-1.58596394,37.550545421],[-1.548317859,37.566050142],[-1.523523947,37.555612243],[-1.524237025,37.509691834],[-1.468413586,37.473615765],[-1.481519022,37.452549492],[-1.484217108,37.435378483],[-1.477352219,37.428891036],[-1.486219984,37.422921236],[-1.498017418,37.422386794],[-1.501326838,37.430973098],[-1.504508731,37.432374369],[-1.519009915,37.431781902],[-1.547180322,37.410455351],[-1.559638215,37.411301853],[-1.559132676,37.404662091],[-1.572621665,37.407691931],[-1.578522845,37.400940174],[-1.590804247,37.402096731],[-1.625808197,37.38025554],[-1.626136503,37.374022246],[-1.702417707,37.422942655]]],[[[-1.467799031,37.471155176],[-1.468187533,37.471511716],[-1.467879351,37.471651925],[-1.467799031,37.471155176]]],[[[-1.46848724,37.47289457],[-1.468248356,37.472963575],[-1.468227585,37.472873177],[-1.46848724,37.47289457]]]]}},{"type":"Feature","properties":{"NOMBRE_DESTINO":"AGURAINSALVATIERRA","ID_DESTINO":"AGURAINSALVATIERRA","NOMBRE_GRAFO":"http://datos.segittur.es/agurainsalvatierra","ID_GRAFO":"agurainsalvatierra","F_ALTA_GRAFO":"2026-08-05 00:00:00","TRIPLETAS_GRAFO":null,"TRIPLETAS_GRAFO 09/07/2026":null,"TRIPLETAS_GRAFO 27/07/2026":null,"TRIPLETAS_GRAFO 30/07/2026":null,"TRIPLETAS_GRAFO 21/08/2026":null,"TRIPLETAS_GRAFO 10/09/2026":1940,"TRIPLETAS_GRAFO 18/09/2026":1940,"c_ine":"01051000000","join_status":"matched"},"geometry":{"type":"MultiPolygon","coordinates":[[[[-2.428383594,42.858161991],[-2.425242006,42.865584472],[-2.408644881,42.862690043],[-2.396798919,42.871047869],[-2.395359159,42.879279948],[-2.388166493,42.878539223],[-2.381104736,42.869658116],[-2.364337725,42.866711361],[-2.356937535,42.855530553],[-2.36953188,42.854412111],[-2.369625958,42.839220905],[-2.331528188,42.814744107],[-2.354030109,42.804688476],[-2.409049091,42.806409314],[-2.406650796,42.828189794],[-2.418392345,42.827295676],[-2.428383594,42.858161991]]],[[[-2.421049716,42.893542223],[-2.405668008,42.894660802],[-2.400998767,42.883605126],[-2.420885314,42.886274259],[-2.421049716,42.893542223]]]]}},{"type":"Feature","properties":{"NOMBRE_DESTINO":"AHIGAL","ID_DESTINO":"AHIGAL","NOMBRE_GRAFO":"http://datos.segittur.es/ahigal","ID_GRAFO":"ahigal","F_ALTA_GRAFO":"2026-09-17 00:00:00","TRIPLETAS_GRAFO":null,"TRIPLETAS_GRAFO 09/07/2026":null,"TRIPLETAS_GRAFO 27/07/2026":null,"TRIPLETAS_GRAFO 30/07/2026":null,"TRIPLETAS_GRAFO 21/08/2026":null,"TRIPLETAS_GRAFO 10/09/2026":null,"TRIPLETAS_GRAFO 18/09/2026":55,"c_ine":"10006000000","join_status":"matched"},"geometry":{"type":"Polygon","coordinates":[[[-6.268371412,40.201498576],[-6.255626563,40.217196841],[-6.232703702,40.2218841],[-6.209540808,40.22354714],[-6.187425538,40.216007553],[-6.173384982,40.203918989],[-6.180719926,40.184181262],[-6.172567253,40.168003332],[-6.176012088,40.163324212],[-6.156765789,40.131056245],[-6.178822013,40.106295347],[-6.22298955,40.118295803],[-6.227227133,40.123302672],[-6.219394816,40.122917417],[-6.204121298,40.145940074],[-6.213673473,40.15486225],[-6.207710505,40.157855959],[-6.213365865,40.162274547],[-6.208791356,40.179046477],[-6.226875946,40.195656557],[-6.268371412,40.201498576]]]}},{"type":"Feature","properties":{"NOMBRE_DESTINO":"AIGUES","ID_DESTINO":"AIGUES","NOMBRE_GRAFO":"http://datos.segittur.es/aigues","ID_GRAFO":"aigues","F_ALTA_GRAFO":"2026-07-10 00:00:00","TRIPLETAS_GRAFO":null,"TRIPLETAS_GRAFO 09/07/2026":null,"TRIPLETAS_GRAFO 27/07/2026":null,"TRIPLETAS_GRAFO 30/07/2026":null,"TRIPLETAS_GRAFO 21/08/2026":null,"TRIPLETAS_GRAFO 10/09/2026":30,"TRIPLETAS_GRAFO 18/09/2026":30,"c_ine":"03004000000","join_status":"matched"},"geometry":{"type":"Polygon","coordinates":[[[-0.392963135,38.491748668],[-0.375086804,38.529704557],[-0.377894629,38.536398842],[-0.362266313,38.537146701],[-0.332024748,38.51706247],[-0.341463691,38.509880269],[-0.338553587,38.500786119],[-0.353256542,38.49473167],[-0.364101044,38.480929697],[-0.376107851,38.49466964],[-0.392963135,38.491748668]]]}},{"type":"Feature","properties":{"NOMBRE_DESTINO":"ALANIS","ID_DESTINO":"ALANIS","NOMBRE_GRAFO":"http://datos.segittur.es/alanis","ID_GRAFO":"alanis","F_ALTA_GRAFO":"2026-07-21 00:00:00","TRIPLETAS_GRAFO":null,"TRIPLETAS_GRAFO 09/07/2026":null,"TRIPLETAS_GRAFO 27/07/2026":null,"TRIPLETAS_GRAFO 30/07/2026":null,"TRIPLETAS_GRAFO 21/08/2026":1180,"TRIPLETAS_GRAFO 10/09/2026":1180,"TRIPLETAS_GRAFO 18/09/2026":1180,"c_ine":"41002000000","join_status":"matched"},"geometry":{"type":"Polygon","coordinates":[[[-5.766619062,37.99864254],[-5.752872733,38.004905501],[-5.758065625,38.01311833],[-5.742122762,38.027511346],[-5.741136849,38.05056467],[-5.730613037,38.075822126],[-5.734900009,38.086255384],[-5.693631034,38.083739753],[-5.632500837,38.138556877],[-5.584788526,38.131705555],[-5.58168423,38.11547392],[-5.5573463,38.107959936],[-5.538781449,38.093810594],[-5.539575102,38.082151796],[-5.495554297,38.042393859],[-5.489025776,38.028935156],[-5.49645997,37.993888037],[-5.516058671,37.980648037],[-5.549388706,37.97892993],[-5.599544702,37.986653184],[-5.602723101,38.014407522],[-5.615191692,38.02074453],[-5.635875464,38.00896537],[-5.658918535,38.011618166],[-5.672886303,37.983540186],[-5.660754808,37.962217102],[-5.683097772,37.950630503],[-5.766619062,37.99864254]]]}},{"type":"Feature","properties":{"NOMBRE_DESTINO":"ALBACETE","ID_DESTINO":"ALBACETE","NOMBRE_GRAFO":"http://datos.segittur.es/albacete","ID_GRAFO":"albacete","F_ALTA_GRAFO":"2025-10-06 09:27:21.672000","TRIPLETAS_GRAFO":554,"TRIPLETAS_GRAFO 09/07/2026":554,"TRIPLETAS_GRAFO 27/07/2026":554,"TRIPLETAS_GRAFO 30/07/2026":554,"TRIPLETAS_GRAFO 21/08/2026":554,"TRIPLETAS_GRAFO 10/09/2026":554,"TRIPLETAS_GRAFO 18/09/2026":554,"c_ine":"02003000000","join_status":"matched"},"geometry":{"type":"Polygon","coordinates":[[[-2.180345567,39.100000655],[-2.107876546,39.119009803],[-2.058008973,39.077116635],[-2.013991945,39.050183844],[-1.940545463,39.064316799],[-1.919292145,39.087627615],[-1.931304994,39.118669973],[-1.928216153,39.146472454],[-1.967242903,39.16845259],[-1.977002896,39.18654134],[-1.957166786,39.172578995],[-1.935325414,39.180058643],[-1.923575269,39.167849224],[-1.920161265,39.17612556],[-1.883801956,39.170790965],[-1.845605105,39.174825034],[-1.831760931,39.157954146],[-1.824610837,39.167541733],[-1.798111681,39.160936889],[-1.812410356,39.15584827],[-1.813413668,39.143657964],[-1.793386173,39.152318872],[-1.724781949,39.12800646],[-1.71247583,39.107125815],[-1.66860727,39.07959728],[-1.819402539,38.924083393],[-1.815059323,38.912159184],[-1.780168722,38.883322994],[-1.803277115,38.868495524],[-1.802530806,38.858359345],[-1.816066827,38.84731089],[-1.809273747,38.834670328],[-1.826027822,38.820361604],[-1.843682238,38.784558416],[-1.813714415,38.767976428],[-1.796709462,38.778564736],[-1.782077349,38.766599375],[-1.776868458,38.77728009],[-1.762226149,38.769709648],[-1.755451905,38.754949344],[-1.766327961,38.740665514],[-1.75595156,38.74751315],[-1.735234243,38.733752256],[-1.735764631,38.724026696],[-1.729276271,38.718990218],[-1.753033751,38.705007237],[-1.739208378,38.690784149],[-1.726281209,38.694805483],[-1.720951293,38.686365853],[-1.687023452,38.704769376],[-1.69475225,38.719781312],[-1.679206088,38.736236966],[-1.675483018,38.727578285],[-1.641719305,38.712640393],[-1.622828752,38.680004107],[-1.667225036,38.672351586],[-1.69051988,38.677505205],[-1.708491102,38.673355285],[-1.845538298,38.689218524],[-1.893656192,38.780901561],[-1.970367437,38.821829328],[-1.983158006,38.798848895],[-2.001781412,38.81350246],[-2.0561037,38.88689075],[-2.048798533,38.889390667],[-2.059316038,38.900340751],[-2.054335474,38.920585704],[-2.081032811,38.985445162],[-2.160716957,39.085483029],[-2.180345567,39.100000655]]]}},{"type":"Feature","properties":{"NOMBRE_DESTINO":"ALBUDEITE","ID_DESTINO":"ALBUDEITE","NOMBRE_GRAFO":"http://datos.segittur.es/albudeite","ID_GRAFO":"albudeite","F_ALTA_GRAFO":"2026-06-08 00:00:00","TRIPLETAS_GRAFO":"Sin datos","TRIPLETAS_GRAFO 09/07/2026":"Sin datos","TRIPLETAS_GRAFO 27/07/2026":83,"TRIPLETAS_GRAFO 30/07/2026":116,"TRIPLETAS_GRAFO 21/08/2026":116,"TRIPLETAS_GRAFO 10/09/2026":116,"TRIPLETAS_GRAFO 18/09/2026":116,"c_ine":"30004000000","join_status":"matched"},"geometry":{"type":"Polygon","coordinates":[[[-1.398338996,38.000153563],[-1.405031587,38.039087514],[-1.385751183,38.053539553],[-1.367213757,38.05174244],[-1.368894271,38.045349256],[-1.358739098,38.037250327],[-1.354511581,38.023511044],[-1.398338996,38.000153563]]]}},{"type":"Feature","properties":{"NOMBRE_DESTINO":"ALCALALI","ID_DESTINO":"ALCALALI","NOMBRE_GRAFO":"http://datos.segittur.es/alcalali","ID_GRAFO":"alcalali","F_ALTA_GRAFO":"2026-07-10 00:00:00","TRIPLETAS_GRAFO":null,"TRIPLETAS_GRAFO 09/07/2026":null,"TRIPLETAS_GRAFO 27/07/2026":null,"TRIPLETAS_GRAFO 30/07/2026":null,"TRIPLETAS_GRAFO 21/08/2026":null,"TRIPLETAS_GRAFO 10/09/2026":113,"TRIPLETAS_GRAFO 18/09/2026":113,"c_ine":"03006000000","join_status":"matched"},"geometry":{"type":"Polygon","coordinates":[[[-0.05747495,38.725251993],[-0.053072903,38.759276837],[-0.00819379,38.783045454],[0.004323309,38.777696808],[0.005572554,38.76862684],[-0.029817299,38.755902524],[-0.043527309,38.722168834],[-0.051122049,38.718090319],[-0.05747495,38.725251993]]]}},{"type":"Feature","properties":{"NOMBRE_DESTINO":"ALCANTARA","ID_DESTINO":"ALCANTARA","NOMBRE_GRAFO":"http://datos.segittur.es/alcantara","ID_GRAFO":"alcantara","F_ALTA_GRAFO":"2026-09-17 00:00:00","TRIPLETAS_GRAFO":null,"TRIPLETAS_GRAFO 09/07/2026":null,"TRIPLETAS_GRAFO 27/07/2026":null,"TRIPLETAS_GRAFO 30/07/2026":null,"TRIPLETAS_GRAFO 21/08/2026":null,"TRIPLETAS_GRAFO 10/09/2026":null,"TRIPLETAS_GRAFO 18/09/2026":557,"c_ine":"10008000000","join_status":"matched"},"geometry":{"type":"Polygon","coordinates":[[[-7.064958781,39.658054193],[-7.015357137,39.670624998],[-6.999520338,39.714166189],[-6.987270091,39.727594766],[-6.993942917,39.740299874],[-6.987182348,39.763190167],[-6.976832579,39.772320993],[-6.989468174,39.794672756],[-6.987204109,39.810027165],[-6.970897491,39.825049329],[-6.948383811,39.827526392],[-6.934862226,39.838595183],[-6.931501319,39.85220124],[-6.920266635,39.858627848],[-6.827928646,39.826527616],[-6.843475603,39.789878766],[-6.859197141,39.778332394],[-6.834620296,39.763305758],[-6.816176298,39.759618342],[-6.763743378,39.773275559],[-6.751244364,39.760846587],[-6.712595069,39.759992657],[-6.696617318,39.766492768],[-6.670328805,39.760672285],[-6.651333092,39.769549217],[-6.627614323,39.734843609],[-6.60790537,39.728703652],[-6.602389328,39.713509593],[-6.616799523,39.706071674],[-6.755816432,39.704993124],[-6.745716418,39.723468087],[-6.756629304,39.74206467],[-6.827706916,39.734587615],[-6.827908395,39.707471688],[-6.81845591,39.676909409],[-6.837293484,39.672117657],[-6.853655083,39.6764926],[-6.862143965,39.657332932],[-6.857382034,39.549063148],[-6.919930313,39.515084804],[-6.942468598,39.513294826],[-6.959676767,39.534954843],[-6.968335174,39.536874705],[-6.996530977,39.573940725],[-7.013058957,39.585672803],[-7.012991716,39.607875381],[-7.036609553,39.627382811],[-7.039966393,39.641423468],[-7.064958781,39.658054193]],[[-6.952214204,39.774873935],[-6.944398295,39.779436166],[-6.926545209,39.775845401],[-6.919900154,39.790156249],[-6.953320811,39.794181653],[-6.957139406,39.788908756],[-6.952214204,39.774873935]]]}},{"type":"Feature","properties":{"NOMBRE_DESTINO":"ALCAUDETE","ID_DESTINO":"ALCAUDETE","NOMBRE_GRAFO":"http://datos.segittur.es/alcaudete","ID_GRAFO":"alcaudete","F_ALTA_GRAFO":"2026-02-20 08:11:35.032000","TRIPLETAS_GRAFO":1818,"TRIPLETAS_GRAFO 09/07/2026":1818,"TRIPLETAS_GRAFO 27/07/2026":1818,"TRIPLETAS_GRAFO 30/07/2026":1818,"TRIPLETAS_GRAFO 21/08/2026":1818,"TRIPLETAS_GRAFO 10/09/2026":1818,"TRIPLETAS_GRAFO 18/09/2026":1818,"c_ine":"23003000000","join_status":"matched"},"geometry":{"type":"Polygon","coordinates":[[[-4.218698119,37.626954103],[-4.228102572,37.63953552],[-4.17541716,37.677376781],[-4.164368469,37.681506131],[-4.117186799,37.677419858],[-4.077540564,37.70479198],[-4.061290505,37.682082083],[-4.071759029,37.667963027],[-4.071806983,37.642851715],[-4.054717513,37.633415615],[-4.031736668,37.631140178],[-3.989592744,37.598783257],[-4.004047645,37.584446986],[-4.002371471,37.568354447],[-4.015902543,37.51565499],[-4.059774881,37.505472276],[-4.085415953,37.513603907],[-4.09777243,37.511326761],[-4.099096587,37.530665627],[-4.109184679,37.533248371],[-4.114968288,37.547723093],[-4.122312989,37.546833454],[-4.120975716,37.554299937],[-4.14541919,37.563268205],[-4.15000518,37.574354963],[-4.160991617,37.57515684],[-4.161307235,37.587879904],[-4.170522297,37.58847466],[-4.163023189,37.599371647],[-4.172619111,37.610588713],[-4.187827914,37.616562327],[-4.207669766,37.609850731],[-4.220674896,37.619946612],[-4.218698119,37.626954103]]]}},{"type":"Feature","properties":{"NOMBRE_DESTINO":"ALCOLEJA","ID_DESTINO":"ALCOLEJA","NOMBRE_GRAFO":"http://datos.segittur.es/alcoleja","ID_GRAFO":"alcoleja","F_ALTA_GRAFO":"2026-07-10 00:00:00","TRIPLETAS_GRAFO":null,"TRIPLETAS_GRAFO 09/07/2026":null,"TRIPLETAS_GRAFO 27/07/2026":null,"TRIPLETAS_GRAFO 30/07/2026":null,"TRIPLETAS_GRAFO 21/08/2026":null,"TRIPLETAS_GRAFO 10/09/2026":110,"TRIPLETAS_GRAFO 18/09/2026":110,"c_ine":"03008000000","join_status":"matched"},"geometry":{"type":"Polygon","coordinates":[[[-0.342068927,38.684107566],[-0.320863348,38.686497446],[-0.302559232,38.680472385],[-0.312678728,38.676669184],[-0.305616975,38.650144293],[-0.310517429,38.641697921],[-0.325531353,38.644502002],[-0.335610706,38.654003184],[-0.35343506,38.649236483],[-0.35436955,38.661303722],[-0.343476325,38.672787322],[-0.342068927,38.684107566]]]}},{"type":"Feature","properties":{"NOMBRE_DESTINO":"ALCOLLARIN","ID_DESTINO":"ALCOLLARIN","NOMBRE_GRAFO":"http://datos.segittur.es/alcollarin","ID_GRAFO":"alcollarin","F_ALTA_GRAFO":"2026-09-17 00:00:00","TRIPLETAS_GRAFO":null,"TRIPLETAS_GRAFO 09/07/2026":null,"TRIPLETAS_GRAFO 27/07/2026":null,"TRIPLETAS_GRAFO 30/07/2026":null,"TRIPLETAS_GRAFO 21/08/2026":null,"TRIPLETAS_GRAFO 10/09/2026":null,"TRIPLETAS_GRAFO 18/09/2026":111,"c_ine":"10009000000","join_status":"matched"},"geometry":{"type":"Polygon","coordinates":[[[-5.768372227,39.221298233],[-5.764318494,39.235457513],[-5.776560889,39.25390472],[-5.747866186,39.290549309],[-5.732752847,39.287382662],[-5.732628982,39.273764002],[-5.694183136,39.238975405],[-5.657250781,39.169571145],[-5.663954555,39.161363843],[-5.687388874,39.157735413],[-5.706754376,39.146431126],[-5.714098905,39.135233137],[-5.72690458,39.152618924],[-5.734501661,39.205945462],[-5.728129435,39.210040857],[-5.768372227,39.221298233]]]}},{"type":"Feature","properties":{"NOMBRE_DESTINO":"ALCOSSER","ID_DESTINO":"ALCOSSER","NOMBRE_GRAFO":"http://datos.segittur.es/alcosser","ID_GRAFO":"alcosser","F_ALTA_GRAFO":"2026-07-10 00:00:00","TRIPLETAS_GRAFO":null,"TRIPLETAS_GRAFO 09/07/2026":null,"TRIPLETAS_GRAFO 27/07/2026":null,"TRIPLETAS_GRAFO 30/07/2026":null,"TRIPLETAS_GRAFO 21/08/2026":null,"TRIPLETAS_GRAFO 10/09/2026":30,"TRIPLETAS_GRAFO 18/09/2026":30,"c_ine":"03007000000","join_status":"matched"},"geometry":{"type":"Polygon","coordinates":[[[-0.415758199,38.800336878],[-0.387823112,38.806085349],[-0.384540274,38.789118853],[-0.415593813,38.78735937],[-0.415758199,38.800336878]]]}},{"type":"Feature","properties":{"NOMBRE_DESTINO":"ALCUESCAR","ID_DESTINO":"ALCUESCAR","NOMBRE_GRAFO":"http://datos.segittur.es/alcuescar","ID_GRAFO":"alcuescar","F_ALTA_GRAFO":"2026-09-14 00:00:00","TRIPLETAS_GRAFO":null,"TRIPLETAS_GRAFO 09/07/2026":null,"TRIPLETAS_GRAFO 27/07/2026":null,"TRIPLETAS_GRAFO 30/07/2026":null,"TRIPLETAS_GRAFO 21/08/2026":null,"TRIPLETAS_GRAFO 10/09/2026":null,"TRIPLETAS_GRAFO 18/09/2026":98,"c_ine":"10010000000","join_status":"matched"},"geometry":{"type":"MultiPolygon","coordinates":[[[[-6.230854793,39.089796142],[-6.221504268,39.099751649],[-6.171642602,39.07104186],[-6.168465615,39.058933038],[-6.202933736,39.057079056],[-6.230854793,39.089796142]]],[[[-6.319483755,39.18394967],[-6.305744767,39.194987562],[-6.271736277,39.207736619],[-6.248718336,39.236738182],[-6.235135987,39.236898655],[-6.199368675,39.21067226],[-6.188286774,39.191358796],[-6.190883783,39.182372083],[-6.170715108,39.156365153],[-6.172396278,39.138273],[-6.21206432,39.131864317],[-6.253389346,39.137187055],[-6.278728387,39.130862337],[-6.319483755,39.18394967]]]]}},{"type":"Feature","properties":{"NOMBRE_DESTINO":"ALDEACENTENERA","ID_DESTINO":"ALDEACENTENERA","NOMBRE_GRAFO":"http://datos.segittur.es/aldeacentenera","ID_GRAFO":"aldeacentenera","F_ALTA_GRAFO":"2026-09-14 00:00:00","TRIPLETAS_GRAFO":null,"TRIPLETAS_GRAFO 09/07/2026":null,"TRIPLETAS_GRAFO 27/07/2026":null,"TRIPLETAS_GRAFO 30/07/2026":null,"TRIPLETAS_GRAFO 21/08/2026":null,"TRIPLETAS_GRAFO 10/09/2026":null,"TRIPLETAS_GRAFO 18/09/2026":13,"c_ine":"10011000000","join_status":"matched"},"geometry":{"type":"Polygon","coordinates":[[[-5.698921957,39.526938264],[-5.691411187,39.541489912],[-5.699904301,39.56577782],[-5.665603675,39.593118124],[-5.593331914,39.574440236],[-5.566632375,39.537638466],[-5.576015119,39.520791818],[-5.570841865,39.515825511],[-5.58916545,39.51157194],[-5.584859093,39.506154524],[-5.59562199,39.499437383],[-5.58396125,39.489769722],[-5.601677677,39.486897095],[-5.598940921,39.481778363],[-5.605237203,39.479475333],[-5.607216403,39.484845131],[-5.615768674,39.483490855],[-5.614753459,39.479045435],[-5.633123699,39.47296434],[-5.629575613,39.469495277],[-5.642069843,39.463023101],[-5.661406219,39.467825002],[-5.677811288,39.482501444],[-5.671337255,39.490127457],[-5.685295568,39.496634207],[-5.699186917,39.490529007],[-5.695975557,39.50370182],[-5.681657825,39.516329639],[-5.698921957,39.526938264]]]}},{"type":"Feature","properties":{"NOMBRE_DESTINO":"ALDEANUEVA DE LA VERA","ID_DESTINO":"ALDEANUEVA_DE_LA_VERA","NOMBRE_GRAFO":"http://datos.segittur.es/aldeanueva_de_la_vera","ID_GRAFO":"aldeanueva de la vera","F_ALTA_GRAFO":"2026-06-01 00:00:00","TRIPLETAS_GRAFO":629,"TRIPLETAS_GRAFO 09/07/2026":629,"TRIPLETAS_GRAFO 27/07/2026":629,"TRIPLETAS_GRAFO 30/07/2026":629,"TRIPLETAS_GRAFO 21/08/2026":629,"TRIPLETAS_GRAFO 10/09/2026":629,"TRIPLETAS_GRAFO 18/09/2026":642,"c_ine":"10014000000","join_status":"matched"},"geometry":{"type":"Polygon","coordinates":[[[-5.725483635,40.125128692],[-5.750034638,40.13131275],[-5.752822333,40.155297005],[-5.745539985,40.163063513],[-5.722158319,40.174371082],[-5.694854558,40.171362122],[-5.68085469,40.176056076],[-5.685290229,40.158703418],[-5.675662645,40.143442052],[-5.684133413,40.126356218],[-5.681423363,40.105178548],[-5.686919907,40.089548532],[-5.698235618,40.093654181],[-5.700532304,40.110202097],[-5.722650833,40.117953118],[-5.725483635,40.125128692]]]}},{"type":"Feature","properties":{"NOMBRE_DESTINO":"ALEDO","ID_DESTINO":"ALEDO","NOMBRE_GRAFO":"http://datos.segittur.es/aledo","ID_GRAFO":"aledo","F_ALTA_GRAFO":"2026-03-05 15:18:20.935000","TRIPLETAS_GRAFO":1674,"TRIPLETAS_GRAFO 09/07/2026":1674,"TRIPLETAS_GRAFO 27/07/2026":1674,"TRIPLETAS_GRAFO 30/07/2026":1674,"TRIPLETAS_GRAFO 21/08/2026":1674,"TRIPLETAS_GRAFO 10/09/2026":1674,"TRIPLETAS_GRAFO 18/09/2026":1674,"c_ine":"30006000000","join_status":"matched"},"geometry":{"type":"Polygon","coordinates":[[[-1.66098965,37.797141029],[-1.653225025,37.81986855],[-1.632356772,37.82188678],[-1.587831105,37.817098822],[-1.560557494,37.805077285],[-1.559086163,37.791245845],[-1.571009619,37.786316142],[-1.574750963,37.770471461],[-1.658569641,37.753441481],[-1.66098965,37.797141029]]]}},{"type":"Feature","properties":{"NOMBRE_DESTINO":"ALEGRIADULANTZI","ID_DESTINO":"ALEGRIADULANTZI","NOMBRE_GRAFO":"http://datos.segittur.es/alegriadulantzi","ID_GRAFO":"alegriadulantzi","F_ALTA_GRAFO":"2026-06-03 00:00:00","TRIPLETAS_GRAFO":"Sin datos","TRIPLETAS_GRAFO 09/07/2026":795,"TRIPLETAS_GRAFO 27/07/2026":"Sin datos","TRIPLETAS_GRAFO 30/07/2026":"Sin datos","TRIPLETAS_GRAFO 21/08/2026":"Sin datos","TRIPLETAS_GRAFO 10/09/2026":870,"TRIPLETAS_GRAFO 18/09/2026":870,"c_ine":"01001000000","join_status":"matched"},"geometry":{"type":"MultiPolygon","coordinates":[[[[-2.546155595,42.785883623],[-2.54930217,42.800358689],[-2.534876222,42.822525955],[-2.528375289,42.813575016],[-2.533519738,42.788336181],[-2.546155595,42.785883623]]],[[[-2.526424061,42.831946761],[-2.527579291,42.85205118],[-2.518600595,42.860829736],[-2.488689389,42.857151505],[-2.47116787,42.84780527],[-2.484373444,42.837527756],[-2.484268327,42.826675942],[-2.502285977,42.830150998],[-2.507142413,42.821067734],[-2.50786423,42.810318505],[-2.499175822,42.807831222],[-2.496148077,42.798164159],[-2.501640858,42.790326631],[-2.510854815,42.797183589],[-2.512213484,42.823340867],[-2.526424061,42.831946761]]]]}},{"type":"Feature","properties":{"NOMBRE_DESTINO":"ALFAFARA","ID_DESTINO":"ALFAFARA","NOMBRE_GRAFO":"http://datos.segittur.es/alfafara","ID_GRAFO":"alfafara","F_ALTA_GRAFO":"2026-07-10 00:00:00","TRIPLETAS_GRAFO":null,"TRIPLETAS_GRAFO 09/07/2026":null,"TRIPLETAS_GRAFO 27/07/2026":null,"TRIPLETAS_GRAFO 30/07/2026":null,"TRIPLETAS_GRAFO 21/08/2026":null,"TRIPLETAS_GRAFO 10/09/2026":242,"TRIPLETAS_GRAFO 18/09/2026":242,"c_ine":"03010000000","join_status":"matched"},"geometry":{"type":"Polygon","coordinates":[[[-0.59521673,38.79509717],[-0.548261506,38.805653219],[-0.531521039,38.767224827],[-0.565642197,38.755426626],[-0.584260873,38.768363867],[-0.59521673,38.79509717]]]}},{"type":"Feature","properties":{"NOMBRE_DESTINO":"ALGORFA","ID_DESTINO":"ALGORFA","NOMBRE_GRAFO":"http://datos.segittur.es/algorfa","ID_GRAFO":"algorfa","F_ALTA_GRAFO":"2026-07-10 00:00:00","TRIPLETAS_GRAFO":null,"TRIPLETAS_GRAFO 09/07/2026":null,"TRIPLETAS_GRAFO 27/07/2026":null,"TRIPLETAS_GRAFO 30/07/2026":null,"TRIPLETAS_GRAFO 21/08/2026":null,"TRIPLETAS_GRAFO 10/09/2026":73,"TRIPLETAS_GRAFO 18/09/2026":73,"c_ine":"03012000000","join_status":"matched"},"geometry":{"type":"Polygon","coordinates":[[[-0.817598682,38.055722579],[-0.810891688,38.090317768],[-0.801849011,38.094158807],[-0.795356827,38.093541496],[-0.783642986,38.0687477],[-0.775114226,38.06996512],[-0.769374899,38.062277894],[-0.753233902,38.073283487],[-0.740757889,38.06122398],[-0.735939659,38.049095622],[-0.741122665,38.046837363],[-0.742307973,38.058958566],[-0.749086135,38.051154258],[-0.770686234,38.049867421],[-0.774402198,38.0603638],[-0.782676341,38.058105337],[-0.78091301,38.047438838],[-0.813909162,38.042605689],[-0.817598682,38.055722579]]]}},{"type":"Feature","properties":{"NOMBRE_DESTINO":"ALGUENA","ID_DESTINO":"ALGUENA","NOMBRE_GRAFO":"http://datos.segittur.es/alguena","ID_GRAFO":"alguena","F_ALTA_GRAFO":"2026-07-10 00:00:00","TRIPLETAS_GRAFO":null,"TRIPLETAS_GRAFO 09/07/2026":null,"TRIPLETAS_GRAFO 27/07/2026":null,"TRIPLETAS_GRAFO 30/07/2026":null,"TRIPLETAS_GRAFO 21/08/2026":null,"TRIPLETAS_GRAFO 10/09/2026":20,"TRIPLETAS_GRAFO 18/09/2026":20,"c_ine":"03013000000","join_status":"matched"},"geometry":{"type":"Polygon","coordinates":[[[-1.058611799,38.345485053],[-1.03121346,38.357734271],[-1.023872598,38.355501983],[-1.027543222,38.348969628],[-1.005661827,38.356938837],[-1.001495139,38.35299375],[-0.978276177,38.366147344],[-0.98282431,38.349383315],[-0.977597698,38.345652388],[-0.97056021,38.359014236],[-0.971633333,38.329169601],[-0.989336947,38.320712709],[-1.058611799,38.345485053]]]}},{"type":"Feature","properties":{"NOMBRE_DESTINO":"ALHAMA DE MURCIA","ID_DESTINO":"ALHAMA_DE_MURCIA","NOMBRE_GRAFO":"http://datos.segittur.es/alhama_de_murcia","ID_GRAFO":"alhama de murcia","F_ALTA_GRAFO":"2026-06-08 00:00:00","TRIPLETAS_GRAFO":"Sin datos","TRIPLETAS_GRAFO 09/07/2026":"Sin datos","TRIPLETAS_GRAFO 27/07/2026":156,"TRIPLETAS_GRAFO 30/07/2026":189,"TRIPLETAS_GRAFO 21/08/2026":189,"TRIPLETAS_GRAFO 10/09/2026":222,"TRIPLETAS_GRAFO 18/09/2026":291,"c_ine":"30008000000","join_status":"matched"},"geometry":{"type":"Polygon","coordinates":[[[-1.564500869,37.886479903],[-1.503511124,37.887017111],[-1.467636208,37.898558752],[-1.410711405,37.905914906],[-1.389503909,37.88938227],[-1.362465411,37.880501677],[-1.356190845,37.871212864],[-1.359433537,37.860335462],[-1.316946109,37.875182307],[-1.306521274,37.889533148],[-1.282566598,37.904590128],[-1.26836161,37.848377533],[-1.286270783,37.82557482],[-1.290670933,37.800552919],[-1.272406629,37.742624724],[-1.325200315,37.724863038],[-1.369475875,37.721475716],[-1.487789719,37.814484695],[-1.564500869,37.886479903]]]}},{"type":"Feature","properties":{"NOMBRE_DESTINO":"ALIA","ID_DESTINO":"ALIA","NOMBRE_GRAFO":"http://datos.segittur.es/alia","ID_GRAFO":"alia","F_ALTA_GRAFO":"2026-09-14 00:00:00","TRIPLETAS_GRAFO":null,"TRIPLETAS_GRAFO 09/07/2026":null,"TRIPLETAS_GRAFO 27/07/2026":null,"TRIPLETAS_GRAFO 30/07/2026":null,"TRIPLETAS_GRAFO 21/08/2026":null,"TRIPLETAS_GRAFO 10/09/2026":null,"TRIPLETAS_GRAFO 18/09/2026":18,"c_ine":"10017000000","join_status":"matched"},"geometry":{"type":"Polygon","coordinates":[[[-5.380021943,39.475998114],[-5.353797675,39.516694542],[-5.31699435,39.549551515],[-5.215958596,39.582433008],[-5.202069592,39.592021558],[-5.145962771,39.549524215],[-5.123499345,39.521557555],[-5.086019535,39.491658464],[-5.052431854,39.483931684],[-5.009054258,39.43508287],[-4.952950512,39.394386948],[-4.974637989,39.394330978],[-4.969092185,39.383343002],[-4.984181651,39.37174337],[-5.008884821,39.378274975],[-5.019602303,39.368286858],[-5.053834662,39.362426054],[-5.089869624,39.390363142],[-5.113584528,39.38746617],[-5.111857348,39.357513477],[-5.123545933,39.33649751],[-5.153427373,39.319695182],[-5.247619782,39.301823716],[-5.283087653,39.319521904],[-5.303191,39.319594363],[-5.329621847,39.346754161],[-5.334146167,39.362060444],[-5.328698177,39.412189213],[-5.312335866,39.402416243],[-5.311492275,39.390937129],[-5.295782677,39.407924491],[-5.276892028,39.414494254],[-5.286026481,39.438108666],[-5.272050363,39.450653259],[-5.263090379,39.477900906],[-5.285152867,39.480667545],[-5.296489159,39.503660794],[-5.339045845,39.472919812],[-5.380021943,39.475998114]]]}},{"type":"Feature","properties":{"NOMBRE_DESTINO":"ALISEDA","ID_DESTINO":"ALISEDA","NOMBRE_GRAFO":"http://datos.segittur.es/aliseda","ID_GRAFO":"aliseda","F_ALTA_GRAFO":"2026-09-14 00:00:00","TRIPLETAS_GRAFO":null,"TRIPLETAS_GRAFO 09/07/2026":null,"TRIPLETAS_GRAFO 27/07/2026":null,"TRIPLETAS_GRAFO 30/07/2026":null,"TRIPLETAS_GRAFO 21/08/2026":null,"TRIPLETAS_GRAFO 10/09/2026":null,"TRIPLETAS_GRAFO 18/09/2026":138,"c_ine":"10018000000","join_status":"matched"},"geometry":{"type":"Polygon","coordinates":[[[-6.678490702,39.366399602],[-6.72040685,39.35074422],[-6.734506568,39.362145277],[-6.737938242,39.372744261],[-6.730580033,39.379042402],[-6.746185647,39.403246407],[-6.768857594,39.403215707],[-6.757531852,39.404825503],[-6.758920071,39.411427684],[-6.739505575,39.440705234],[-6.705102194,39.44798651],[-6.700547954,39.462443765],[-6.680652964,39.461301596],[-6.683456399,39.455637389],[-6.673949738,39.445211113],[-6.658623982,39.43273364],[-6.649828065,39.43600068],[-6.648687893,39.428848821],[-6.639903885,39.425656619],[-6.660045942,39.415755508],[-6.64753671,39.407015665],[-6.647356694,39.393546627],[-6.633932246,39.385176198],[-6.654116555,39.368501539],[-6.678490702,39.366399602]]]}},{"type":"Feature","properties":{"NOMBRE_DESTINO":"ALMADEN DE LA PLATA","ID_DESTINO":"ALMADEN_DE_LA_PLATA","NOMBRE_GRAFO":"http://datos.segittur.es/almaden_de_la_plata","ID_GRAFO":"almaden de la plata","F_ALTA_GRAFO":"2026-06-12 00:00:00","TRIPLETAS_GRAFO":"Sin datos","TRIPLETAS_GRAFO 09/07/2026":"Sin datos","TRIPLETAS_GRAFO 27/07/2026":16,"TRIPLETAS_GRAFO 30/07/2026":16,"TRIPLETAS_GRAFO 21/08/2026":1394,"TRIPLETAS_GRAFO 10/09/2026":1394,"TRIPLETAS_GRAFO 18/09/2026":1394,"c_ine":"41009000000","join_status":"matched"},"geometry":{"type":"Polygon","coordinates":[[[-6.136641516,37.780391699],[-6.138198517,37.795459628],[-6.126428396,37.797169263],[-6.127133362,37.811458096],[-6.121660167,37.816594778],[-6.142551287,37.856060168],[-6.163619487,37.857937261],[-6.159987612,37.87240526],[-6.102755921,37.9169681],[-6.069391577,37.921159215],[-6.038964459,37.916120041],[-6.006652936,37.921122099],[-5.954349221,37.907022285],[-5.95436605,37.892371483],[-5.962347809,37.889828158],[-5.962877371,37.878930636],[-5.928326251,37.861568019],[-5.942958944,37.848579755],[-5.924559448,37.838721709],[-5.918256326,37.823964472],[-5.922389297,37.810315379],[-5.909419627,37.805449833],[-5.906996973,37.797986853],[-5.930813886,37.782288248],[-5.945664199,37.795180768],[-5.966590322,37.798295508],[-5.990603656,37.792606315],[-6.001864271,37.801798398],[-6.02449239,37.795876339],[-6.025202886,37.779612946],[-6.063217383,37.787793485],[-6.093762345,37.774858648],[-6.128690653,37.769782428],[-6.136641516,37.780391699]]]}},{"type":"Feature","properties":{"NOMBRE_DESTINO":"ALMARAZ","ID_DESTINO":"ALMARAZ","NOMBRE_GRAFO":"http://datos.segittur.es/almaraz","ID_GRAFO":"almaraz","F_ALTA_GRAFO":"2026-09-14 00:00:00","TRIPLETAS_GRAFO":null,"TRIPLETAS_GRAFO 09/07/2026":null,"TRIPLETAS_GRAFO 27/07/2026":null,"TRIPLETAS_GRAFO 30/07/2026":null,"TRIPLETAS_GRAFO 21/08/2026":null,"TRIPLETAS_GRAFO 10/09/2026":null,"TRIPLETAS_GRAFO 18/09/2026":77,"c_ine":"10019000000","join_status":"matched"},"geometry":{"type":"Polygon","coordinates":[[[-5.70641463,39.804979318],[-5.697918765,39.821581289],[-5.681201783,39.833913864],[-5.657015611,39.839091586],[-5.643210092,39.820372377],[-5.648388953,39.801598042],[-5.620079753,39.777426376],[-5.6384927,39.764817161],[-5.659570115,39.774119079],[-5.678949005,39.774402971],[-5.698084331,39.784292124],[-5.697248993,39.801166083],[-5.70641463,39.804979318]]]}},{"type":"Feature","properties":{"NOMBRE_DESTINO":"ALMOHARIN","ID_DESTINO":"ALMOHARIN","NOMBRE_GRAFO":"http://datos.segittur.es/almoharin","ID_GRAFO":"almoharin","F_ALTA_GRAFO":"2026-09-14 00:00:00","TRIPLETAS_GRAFO":null,"TRIPLETAS_GRAFO 09/07/2026":null,"TRIPLETAS_GRAFO 27/07/2026":null,"TRIPLETAS_GRAFO 30/07/2026":null,"TRIPLETAS_GRAFO 21/08/2026":null,"TRIPLETAS_GRAFO 10/09/2026":null,"TRIPLETAS_GRAFO 18/09/2026":45,"c_ine":"10020000000","join_status":"matched"},"geometry":{"type":"Polygon","coordinates":[[[-6.125359883,39.049736654],[-6.133369209,39.07644548],[-6.127477534,39.094802637],[-6.133863361,39.107594594],[-6.1071274,39.109523551],[-6.094892285,39.119598444],[-6.088821813,39.175555066],[-6.078217494,39.18675354],[-6.03800619,39.204520559],[-5.990442752,39.200716347],[-5.995428524,39.189444596],[-5.987489019,39.181558896],[-5.994841652,39.175352285],[-5.994954142,39.162187861],[-6.009243274,39.131739851],[-6.078619909,39.09360219],[-6.125359883,39.049736654]]]}},{"type":"Feature","properties":{"NOMBRE_DESTINO":"ALPUENTE","ID_DESTINO":"ALPUENTE","NOMBRE_GRAFO":"http://datos.segittur.es/alpuente","ID_GRAFO":"alpuente","F_ALTA_GRAFO":"2026-02-20 08:09:58.780000","TRIPLETAS_GRAFO":4769,"TRIPLETAS_GRAFO 09/07/2026":4749,"TRIPLETAS_GRAFO 27/07/2026":4749,"TRIPLETAS_GRAFO 30/07/2026":4749,"TRIPLETAS_GRAFO 21/08/2026":4749,"TRIPLETAS_GRAFO 10/09/2026":4749,"TRIPLETAS_GRAFO 18/09/2026":4749,"c_ine":"46036000000","join_status":"matched"},"geometry":{"type":"Polygon","coordinates":[[[-1.090756707,39.912957698],[-1.085937257,39.976327834],[-1.057575687,39.98047725],[-1.025248068,39.974615347],[-0.989381323,39.981827004],[-0.976292704,39.975743378],[-0.981531189,39.839747058],[-0.994133386,39.821137106],[-1.044108249,39.816008821],[-1.066607713,39.899314116],[-1.090756707,39.912957698]]]}},{"type":"Feature","properties":{"NOMBRE_DESTINO":"ALTEA","ID_DESTINO":"ALTEA","NOMBRE_GRAFO":"http://datos.segittur.es/altea","ID_GRAFO":"altea","F_ALTA_GRAFO":"2025-06-18 07:10:50","TRIPLETAS_GRAFO":226,"TRIPLETAS_GRAFO 09/07/2026":507,"TRIPLETAS_GRAFO 27/07/2026":558,"TRIPLETAS_GRAFO 30/07/2026":558,"TRIPLETAS_GRAFO 21/08/2026":558,"TRIPLETAS_GRAFO 10/09/2026":558,"TRIPLETAS_GRAFO 18/09/2026":558,"c_ine":"03018000000","join_status":"matched"},"geometry":{"type":"MultiPolygon","coordinates":[[[[-0.019192844,38.616672851],[-0.019952293,38.617095646],[-0.019210169,38.617316372],[-0.019192844,38.616672851]]],[[[-0.079292834,38.621309645],[-0.060040261,38.664666302],[0.010189511,38.632356799],[-0.013961759,38.627552764],[-0.030965005,38.616723666],[-0.063639241,38.576872601],[-0.084500032,38.601925228],[-0.078078605,38.606251597],[-0.079292834,38.621309645]]],[[[-0.014024048,38.623903763],[-0.014106483,38.624131099],[-0.013877786,38.624107238],[-0.014024048,38.623903763]]]]}},{"type":"Feature","properties":{"NOMBRE_DESTINO":"AMURRIO","ID_DESTINO":"AMURRIO","NOMBRE_GRAFO":"http://datos.segittur.es/amurrio","ID_GRAFO":"amurrio","F_ALTA_GRAFO":"2026-08-06 00:00:00","TRIPLETAS_GRAFO":null,"TRIPLETAS_GRAFO 09/07/2026":null,"TRIPLETAS_GRAFO 27/07/2026":null,"TRIPLETAS_GRAFO 30/07/2026":null,"TRIPLETAS_GRAFO 21/08/2026":null,"TRIPLETAS_GRAFO 10/09/2026":3515,"TRIPLETAS_GRAFO 18/09/2026":3515,"c_ine":"01002000000","join_status":"matched"},"geometry":{"type":"MultiPolygon","coordinates":[[[[-3.033015692,42.983335791],[-3.009088257,42.981652872],[-3.001080691,42.989499403],[-2.954943525,42.993223843],[-2.959460873,42.97083915],[-2.969260425,42.968068714],[-2.977386193,42.936872668],[-2.994638338,42.952042018],[-3.017036742,42.953209386],[-3.020603427,42.960661704],[-3.041868093,42.969224593],[-3.045177481,42.97305595],[-3.033015692,42.983335791]]],[[[-3.015664388,43.040477784],[-3.018052885,43.052814125],[-3.000729441,43.067921246],[-3.002607859,43.084721341],[-2.971693408,43.095158658],[-2.929923203,43.072164257],[-2.917200413,43.058881893],[-2.886050081,43.045512465],[-2.897214571,43.035905819],[-2.916468475,43.032022445],[-2.91668647,43.016380996],[-2.92917936,43.016371458],[-2.947293237,43.001991379],[-2.985709198,42.992165799],[-2.99164008,43.000563098],[-2.98579132,43.011629413],[-3.032723735,43.020197744],[-3.015664388,43.040477784]]]]}},{"type":"Feature","properties":{"NOMBRE_DESTINO":"ANANA","ID_DESTINO":"ANANA","NOMBRE_GRAFO":"http://datos.segittur.es/anana","ID_GRAFO":"anana","F_ALTA_GRAFO":"2026-08-06 00:00:00","TRIPLETAS_GRAFO":null,"TRIPLETAS_GRAFO 09/07/2026":null,"TRIPLETAS_GRAFO 27/07/2026":null,"TRIPLETAS_GRAFO 30/07/2026":null,"TRIPLETAS_GRAFO 21/08/2026":null,"TRIPLETAS_GRAFO 10/09/2026":1471,"TRIPLETAS_GRAFO 18/09/2026":1471,"c_ine":"01049000000","join_status":"matched"},"geometry":{"type":"Polygon","coordinates":[[[-3.015375511,42.791578654],[-3.017273724,42.803267458],[-3.008958451,42.81130127],[-3.020420957,42.817027254],[-3.014419866,42.841063497],[-2.987316251,42.833075977],[-2.971628303,42.837044484],[-2.953341495,42.828573486],[-2.969595597,42.816025459],[-2.967073344,42.798293123],[-2.98842819,42.782123448],[-3.015375511,42.791578654]]]}},{"type":"Feature","properties":{"NOMBRE_DESTINO":"ARAMAIO","ID_DESTINO":"ARAMAIO","NOMBRE_GRAFO":"http://datos.segittur.es/aramaio","ID_GRAFO":"aramaio","F_ALTA_GRAFO":"2026-08-05 00:00:00","TRIPLETAS_GRAFO":null,"TRIPLETAS_GRAFO 09/07/2026":null,"TRIPLETAS_GRAFO 27/07/2026":null,"TRIPLETAS_GRAFO 30/07/2026":null,"TRIPLETAS_GRAFO 21/08/2026":null,"TRIPLETAS_GRAFO 10/09/2026":988,"TRIPLETAS_GRAFO 18/09/2026":988,"c_ine":"01003000000","join_status":"matched"},"geometry":{"type":"Polygon","coordinates":[[[-2.661132064,43.065759072],[-2.661239504,43.073906253],[-2.632686975,43.087009136],[-2.592559814,43.081227764],[-2.546386904,43.088009021],[-2.540781981,43.076221376],[-2.5480712,43.074494193],[-2.524854969,43.045354021],[-2.549277278,43.019996195],[-2.58166843,43.007862743],[-2.596109698,43.008792936],[-2.600589374,43.001065051],[-2.592773658,42.987481334],[-2.602719147,42.982248334],[-2.622990388,42.994921941],[-2.6354747,42.995628946],[-2.627746393,43.011732183],[-2.633624465,43.01990989],[-2.63369653,43.04481827],[-2.661132064,43.065759072]]]}},{"type":"Feature","properties":{"NOMBRE_DESTINO":"ARJONILLA","ID_DESTINO":"ARJONILLA","NOMBRE_GRAFO":"http://datos.segittur.es/arjonilla","ID_GRAFO":"arjonilla","F_ALTA_GRAFO":"2026-06-08 00:00:00","TRIPLETAS_GRAFO":null,"TRIPLETAS_GRAFO 09/07/2026":null,"TRIPLETAS_GRAFO 27/07/2026":null,"TRIPLETAS_GRAFO 30/07/2026":null,"TRIPLETAS_GRAFO 21/08/2026":374,"TRIPLETAS_GRAFO 10/09/2026":374,"TRIPLETAS_GRAFO 18/09/2026":374,"c_ine":"23007000000","join_status":"matched"},"geometry":{"type":"Polygon","coordinates":[[[-4.172602288,37.987312167],[-4.15427659,38.004535566],[-4.130708794,38.011100009],[-4.124238431,38.021535098],[-4.109850816,38.009541216],[-4.095860521,38.012457139],[-4.065121522,38.001095499],[-4.107107344,37.954330337],[-4.127270502,37.943477337],[-4.144562919,37.948952263],[-4.172602288,37.987312167]]]}},{"type":"Feature","properties":{"NOMBRE_DESTINO":"ARMINON","ID_DESTINO":"ARMINON","NOMBRE_GRAFO":"http://datos.segittur.es/arminon","ID_GRAFO":"arminon","F_ALTA_GRAFO":"2026-08-06 00:00:00","TRIPLETAS_GRAFO":null,"TRIPLETAS_GRAFO 09/07/2026":null,"TRIPLETAS_GRAFO 27/07/2026":null,"TRIPLETAS_GRAFO 30/07/2026":null,"TRIPLETAS_GRAFO 21/08/2026":null,"TRIPLETAS_GRAFO 10/09/2026":717,"TRIPLETAS_GRAFO 18/09/2026":717,"c_ine":"01006000000","join_status":"matched"},"geometry":{"type":"MultiPolygon","coordinates":[[[[-2.905065991,42.69561315],[-2.88341526,42.69286329],[-2.884767291,42.684724279],[-2.895054518,42.679312676],[-2.901396187,42.682578477],[-2.905065991,42.69561315]]],[[[-2.880295615,42.699372161],[-2.874429853,42.707912324],[-2.891828506,42.70921814],[-2.889151804,42.730856208],[-2.874474818,42.727796946],[-2.868859622,42.740135242],[-2.854214175,42.736399877],[-2.846739377,42.730761531],[-2.855221628,42.728755496],[-2.851602455,42.725103567],[-2.838383835,42.721492187],[-2.854997538,42.714940604],[-2.863526908,42.701649707],[-2.880295615,42.699372161]]]]}},{"type":"Feature","properties":{"NOMBRE_DESTINO":"ARRAIAMAEZTU","ID_DESTINO":"ARRAIAMAEZTU","NOMBRE_GRAFO":"http://datos.segittur.es/arraiamaeztu","ID_GRAFO":"arraiamaeztu","F_ALTA_GRAFO":"2026-08-05 00:00:00","TRIPLETAS_GRAFO":null,"TRIPLETAS_GRAFO 09/07/2026":null,"TRIPLETAS_GRAFO 27/07/2026":null,"TRIPLETAS_GRAFO 30/07/2026":null,"TRIPLETAS_GRAFO 21/08/2026":null,"TRIPLETAS_GRAFO 10/09/2026":5177,"TRIPLETAS_GRAFO 18/09/2026":5177,"c_ine":"01037000000","join_status":"matched"},"geometry":{"type":"Polygon","coordinates":[[[-2.527065609,42.788138525],[-2.497154489,42.793206654],[-2.47674935,42.78562237],[-2.438127457,42.792228688],[-2.4246886,42.80412984],[-2.369296525,42.804368568],[-2.365016895,42.787603881],[-2.371906217,42.779816298],[-2.357784524,42.76581537],[-2.37692707,42.754646561],[-2.380120899,42.746874201],[-2.37307678,42.740225727],[-2.377801472,42.732038545],[-2.407606427,42.730927244],[-2.414192751,42.712571933],[-2.424922555,42.710420133],[-2.416567821,42.700228459],[-2.417901057,42.69084244],[-2.428340154,42.685365758],[-2.428620985,42.67871202],[-2.441530671,42.675029574],[-2.45947525,42.680213144],[-2.462130665,42.692131101],[-2.499352201,42.701270054],[-2.508696609,42.710028074],[-2.50222909,42.714034531],[-2.50507397,42.720233725],[-2.521507172,42.725770229],[-2.517494405,42.734461715],[-2.52739441,42.754666582],[-2.508925732,42.764449616],[-2.527065609,42.788138525]]]}},{"type":"Feature","properties":{"NOMBRE_DESTINO":"ARRATZUAUBARRUNDIA","ID_DESTINO":"ARRATZUAUBARRUNDIA","NOMBRE_GRAFO":"http://datos.segittur.es/arratzuaubarrundia","ID_GRAFO":"arratzuaubarrundia","F_ALTA_GRAFO":"2026-06-03 00:00:00","TRIPLETAS_GRAFO":"Sin datos","TRIPLETAS_GRAFO 09/07/2026":1568,"TRIPLETAS_GRAFO 27/07/2026":"Sin datos","TRIPLETAS_GRAFO 30/07/2026":"Sin datos","TRIPLETAS_GRAFO 21/08/2026":"Sin datos","TRIPLETAS_GRAFO 10/09/2026":1568,"TRIPLETAS_GRAFO 18/09/2026":1568,"c_ine":"01008000000","join_status":"matched"},"geometry":{"type":"MultiPolygon","coordinates":[[[[-2.584034403,42.874477782],[-2.575048757,42.870752526],[-2.58130779,42.866723347],[-2.584034403,42.874477782]]],[[[-2.680791388,42.960410936],[-2.670351498,42.950088272],[-2.66278424,42.950741472],[-2.653200361,42.935079752],[-2.639619711,42.943646403],[-2.622524391,42.941024559],[-2.619674768,42.94595891],[-2.634763535,42.946080328],[-2.630067943,42.958429275],[-2.627596998,42.953450366],[-2.608455821,42.954124654],[-2.596993614,42.976206376],[-2.580649856,42.963762343],[-2.551095033,42.958875239],[-2.561212526,42.948297379],[-2.561759856,42.917952262],[-2.573252674,42.907333783],[-2.594099664,42.913069848],[-2.60117833,42.909451758],[-2.610697996,42.897221747],[-2.602158022,42.880661452],[-2.609491471,42.868944455],[-2.604945986,42.867892533],[-2.619635946,42.860158556],[-2.63907153,42.861035461],[-2.646041991,42.892162604],[-2.618325994,42.920528085],[-2.624888859,42.936708329],[-2.633602333,42.923206435],[-2.648635976,42.923952098],[-2.656787502,42.932345802],[-2.667511494,42.930490415],[-2.677982029,42.916965809],[-2.688276846,42.930174493],[-2.68485323,42.940610966],[-2.693125931,42.943209066],[-2.680791388,42.960410936]]]]}},{"type":"Feature","properties":{"NOMBRE_DESTINO":"ARROYO-DE-LA-LUZ","ID_DESTINO":"ARROYO-DE-LA-LUZ","NOMBRE_GRAFO":"http://datos.segittur.es/arroyo-de-la-luz","ID_GRAFO":"arroyo-de-la-luz","F_ALTA_GRAFO":"2026-09-14 00:00:00","TRIPLETAS_GRAFO":null,"TRIPLETAS_GRAFO 09/07/2026":null,"TRIPLETAS_GRAFO 27/07/2026":null,"TRIPLETAS_GRAFO 30/07/2026":null,"TRIPLETAS_GRAFO 21/08/2026":null,"TRIPLETAS_GRAFO 10/09/2026":null,"TRIPLETAS_GRAFO 18/09/2026":280,"c_ine":"10021000000","join_status":"matched"},"geometry":{"type":"Polygon","coordinates":[[[-6.648854792,39.509141495],[-6.631787754,39.536166167],[-6.628221637,39.565036903],[-6.613765661,39.587816058],[-6.570519532,39.61069034],[-6.564414427,39.604050758],[-6.567897381,39.594108064],[-6.551530329,39.570228078],[-6.558132374,39.569836711],[-6.549561748,39.559479816],[-6.550354072,39.549926069],[-6.529820428,39.544454447],[-6.535179297,39.532230769],[-6.526391871,39.515357321],[-6.52968266,39.511222097],[-6.505426659,39.490429551],[-6.504805283,39.473901836],[-6.521640304,39.474716636],[-6.524400089,39.469300597],[-6.542061251,39.478166911],[-6.549036412,39.465632043],[-6.578679192,39.457904027],[-6.579002067,39.44969752],[-6.618190042,39.4506182],[-6.628250528,39.470498326],[-6.627090564,39.480820659],[-6.637273041,39.483510558],[-6.637464947,39.492313455],[-6.649105035,39.492605775],[-6.643113438,39.505412739],[-6.648854792,39.509141495]]]}},{"type":"Feature","properties":{"NOMBRE_DESTINO":"ARROYOMOLINOS","ID_DESTINO":"ARROYOMOLINOS","NOMBRE_GRAFO":"http://datos.segittur.es/arroyomolinos","ID_GRAFO":"arroyomolinos","F_ALTA_GRAFO":"2026-09-14 00:00:00","TRIPLETAS_GRAFO":null,"TRIPLETAS_GRAFO 09/07/2026":null,"TRIPLETAS_GRAFO 27/07/2026":null,"TRIPLETAS_GRAFO 30/07/2026":null,"TRIPLETAS_GRAFO 21/08/2026":null,"TRIPLETAS_GRAFO 10/09/2026":null,"TRIPLETAS_GRAFO 18/09/2026":66,"c_ine":"28015000000","join_status":"matched"},"geometry":{"type":"Polygon","coordinates":[[[-3.943385562,40.261885671],[-3.948944499,40.273032005],[-3.942061193,40.291682275],[-3.916469452,40.289899528],[-3.923076121,40.295483913],[-3.941522651,40.29272271],[-3.941760936,40.297180313],[-3.918950191,40.302753507],[-3.915745056,40.293047846],[-3.896957474,40.304418847],[-3.876072816,40.287155136],[-3.887336262,40.283150714],[-3.887407237,40.275955041],[-3.912088578,40.256274922],[-3.943385562,40.261885671]]]}},{"type":"Feature","properties":{"NOMBRE_DESTINO":"ARROYOMOLINOS-DE-LA-VERA","ID_DESTINO":"ARROYOMOLINOS-DE-LA-VERA","NOMBRE_GRAFO":"http://datos.segittur.es/arroyomolinos-de-la-vera","ID_GRAFO":"arroyomolinos-de-la-vera","F_ALTA_GRAFO":"2026-06-02 00:00:00","TRIPLETAS_GRAFO":null,"TRIPLETAS_GRAFO 09/07/2026":null,"TRIPLETAS_GRAFO 27/07/2026":null,"TRIPLETAS_GRAFO 30/07/2026":null,"TRIPLETAS_GRAFO 21/08/2026":null,"TRIPLETAS_GRAFO 10/09/2026":null,"TRIPLETAS_GRAFO 18/09/2026":28,"c_ine":"10022000000","join_status":"matched"},"geometry":{"type":"Polygon","coordinates":[[[-5.915804048,40.017029794],[-5.924125178,40.021494964],[-5.920073415,40.033622342],[-5.890612648,40.056880495],[-5.868917846,40.065607959],[-5.855736528,40.080661264],[-5.840091698,40.075821693],[-5.829381298,40.063527247],[-5.850873705,40.031842465],[-5.884088223,40.035875236],[-5.914078487,40.023828939],[-5.915804048,40.017029794]]]}},{"type":"Feature","properties":{"NOMBRE_DESTINO":"ARTZINIEGA","ID_DESTINO":"ARTZINIEGA","NOMBRE_GRAFO":"http://datos.segittur.es/artziniega","ID_GRAFO":"artziniega","F_ALTA_GRAFO":"2026-08-06 00:00:00","TRIPLETAS_GRAFO":null,"TRIPLETAS_GRAFO 09/07/2026":null,"TRIPLETAS_GRAFO 27/07/2026":null,"TRIPLETAS_GRAFO 30/07/2026":null,"TRIPLETAS_GRAFO 21/08/2026":null,"TRIPLETAS_GRAFO 10/09/2026":1354,"TRIPLETAS_GRAFO 18/09/2026":1354,"c_ine":"01004000000","join_status":"matched"},"geometry":{"type":"Polygon","coordinates":[[[-3.141885043,43.161154535],[-3.105618045,43.141576706],[-3.11572326,43.107006264],[-3.131973497,43.096696187],[-3.141491629,43.110642549],[-3.152058037,43.104118613],[-3.181710963,43.120311556],[-3.161475228,43.143186933],[-3.166773188,43.14694341],[-3.161848492,43.154262339],[-3.141885043,43.161154535]]]}},{"type":"Feature","properties":{"NOMBRE_DESTINO":"ASPARRENA","ID_DESTINO":"ASPARRENA","NOMBRE_GRAFO":"http://datos.segittur.es/asparrena","ID_GRAFO":"asparrena","F_ALTA_GRAFO":"2026-06-03 00:00:00","TRIPLETAS_GRAFO":"Sin datos","TRIPLETAS_GRAFO 09/07/2026":2912,"TRIPLETAS_GRAFO 27/07/2026":"Sin datos","TRIPLETAS_GRAFO 30/07/2026":"Sin datos","TRIPLETAS_GRAFO 21/08/2026":"Sin datos","TRIPLETAS_GRAFO 10/09/2026":2757,"TRIPLETAS_GRAFO 18/09/2026":2757,"c_ine":"01009000000","join_status":"matched"},"geometry":{"type":"MultiPolygon","coordinates":[[[[-2.337307771,42.872185948],[-2.32937819,42.88822538],[-2.343202796,42.891414077],[-2.322985244,42.931559038],[-2.302343487,42.925794282],[-2.290275913,42.902155037],[-2.25071379,42.895472941],[-2.24098395,42.885634849],[-2.235939583,42.850967449],[-2.268526179,42.841175942],[-2.29790969,42.849618017],[-2.307650523,42.870443287],[-2.316299789,42.873241911],[-2.324309951,42.866283551],[-2.337307771,42.872185948]]],[[[-2.405402124,42.895559928],[-2.399293224,42.900282635],[-2.404685222,42.921580898],[-2.391757001,42.94398934],[-2.384843461,42.950952739],[-2.353299533,42.948609028],[-2.351383839,42.94126362],[-2.363248379,42.925922804],[-2.376112592,42.889919484],[-2.405402124,42.895559928]]]]}},{"type":"Feature","properties":{"NOMBRE_DESTINO":"ASPE","ID_DESTINO":"ASPE","NOMBRE_GRAFO":"http://datos.segittur.es/aspe","ID_GRAFO":"aspe","F_ALTA_GRAFO":"2026-07-10 00:00:00","TRIPLETAS_GRAFO":null,"TRIPLETAS_GRAFO 09/07/2026":null,"TRIPLETAS_GRAFO 27/07/2026":null,"TRIPLETAS_GRAFO 30/07/2026":null,"TRIPLETAS_GRAFO 21/08/2026":null,"TRIPLETAS_GRAFO 10/09/2026":176,"TRIPLETAS_GRAFO 18/09/2026":176,"c_ine":"03019000000","join_status":"matched"},"geometry":{"type":"Polygon","coordinates":[[[-0.873835907,38.347776046],[-0.832351272,38.357189317],[-0.822039387,38.350357166],[-0.772235401,38.362099238],[-0.743497621,38.361756665],[-0.706113384,38.326816787],[-0.769415841,38.296617971],[-0.795936212,38.289685452],[-0.825486603,38.29058832],[-0.836708623,38.326542694],[-0.873835907,38.347776046]]]}},{"type":"Feature","properties":{"NOMBRE_DESTINO":"AYALAAIARA","ID_DESTINO":"AYALAAIARA","NOMBRE_GRAFO":"http://datos.segittur.es/ayalaaiara","ID_GRAFO":"ayalaaiara","F_ALTA_GRAFO":"2026-08-06 00:00:00","TRIPLETAS_GRAFO":null,"TRIPLETAS_GRAFO 09/07/2026":null,"TRIPLETAS_GRAFO 27/07/2026":null,"TRIPLETAS_GRAFO 30/07/2026":null,"TRIPLETAS_GRAFO 21/08/2026":null,"TRIPLETAS_GRAFO 10/09/2026":1900,"TRIPLETAS_GRAFO 18/09/2026":1900,"c_ine":"01010000000","join_status":"matched"},"geometry":{"type":"Polygon","coordinates":[[[-3.177802283,43.021984337],[-3.170249275,43.029073522],[-3.142299506,43.028741978],[-3.147677115,43.034498374],[-3.140311797,43.067150218],[-3.158187498,43.074016004],[-3.116336335,43.10624023],[-3.108036794,43.125275654],[-3.108548952,43.144410965],[-3.093743554,43.150950129],[-3.068079099,43.14514386],[-3.069953579,43.138830344],[-3.059202923,43.135198367],[-3.03273161,43.138423531],[-3.016102314,43.118410203],[-2.972690473,43.095059485],[-3.002607859,43.084721341],[-3.000729441,43.067921246],[-3.018052885,43.052814125],[-3.012754474,43.041276711],[-3.027923016,43.036179124],[-3.028471339,43.046210359],[-3.050044426,43.04671182],[-3.062494678,43.035594528],[-3.065328332,43.023000771],[-3.09048233,43.009468693],[-3.089153398,43.001503338],[-3.144789283,43.00683903],[-3.177802283,43.021984337]]]}},{"type":"Feature","properties":{"NOMBRE_DESTINO":"BADAJOZ","ID_DESTINO":"BADAJOZ","NOMBRE_GRAFO":"http://datos.segittur.es/badajoz","ID_GRAFO":"badajoz","F_ALTA_GRAFO":"2026-06-01 00:00:00","TRIPLETAS_GRAFO":225,"TRIPLETAS_GRAFO 09/07/2026":225,"TRIPLETAS_GRAFO 27/07/2026":241,"TRIPLETAS_GRAFO 30/07/2026":241,"TRIPLETAS_GRAFO 21/08/2026":758,"TRIPLETAS_GRAFO 10/09/2026":787,"TRIPLETAS_GRAFO 18/09/2026":787,"c_ine":"06015000000","join_status":"matched"},"geometry":{"type":"Polygon","coordinates":[[[-7.158718451,38.784879093],[-7.149325248,38.799154987],[-7.126749848,38.814597904],[-7.0913046,38.81913022],[-7.068363376,38.854177794],[-7.039163778,38.864662389],[-7.033494449,38.87880129],[-7.051921307,38.907090029],[-7.027456835,38.922941056],[-7.020406557,38.940113801],[-6.951140113,39.023598473],[-6.96526494,39.0424955],[-6.925357077,39.039809166],[-6.903329817,39.052330402],[-6.891029882,39.107198032],[-6.879908789,39.100669912],[-6.884555274,39.083203563],[-6.864445708,39.082332554],[-6.869795247,39.069427951],[-6.865938963,39.06398068],[-6.846172325,39.055709206],[-6.820000959,39.058381266],[-6.828158937,39.065679317],[-6.799475844,39.062971019],[-6.801363047,39.077456036],[-6.78692526,39.088807251],[-6.782174619,39.084908428],[-6.769988667,39.101507633],[-6.785211261,39.105796518],[-6.787674597,39.113363463],[-6.781296585,39.116894421],[-6.785373993,39.123075877],[-6.7634788,39.128388438],[-6.770111943,39.132416143],[-6.764221744,39.134732446],[-6.773431853,39.146927079],[-6.769114112,39.152714424],[-6.787697725,39.170692655],[-6.790153149,39.178484837],[-6.784211847,39.184001339],[-6.750639739,39.194041272],[-6.647431325,39.167336815],[-6.574165733,39.158346523],[-6.579695735,39.119751294],[-6.746021174,39.138931453],[-6.734508339,39.122223796],[-6.747077288,39.075549783],[-6.739539428,39.068045852],[-6.721331466,39.057306984],[-6.637233085,39.045254928],[-6.654092339,39.023433425],[-6.652257333,38.997891605],[-6.657015322,38.991887453],[-6.652953374,38.975080752],[-6.635612277,38.958220559],[-6.63485234,38.911990606],[-6.643482133,38.914810747],[-6.647864936,38.901792956],[-6.728623719,38.909245246],[-6.71462821,38.930228701],[-6.742414008,38.948525526],[-6.76941454,38.941521583],[-6.759174112,38.961614247],[-6.764825104,38.951776049],[-6.788937548,38.937781184],[-6.79100981,38.929057933],[-6.795588072,38.932953174],[-6.809227469,38.928374051],[-6.790701648,38.911152695],[-6.794596991,38.892309075],[-6.787169062,38.877679654],[-6.806573021,38.877876637],[-6.823501691,38.84717605],[-6.823128531,38.842576618],[-6.786820366,38.850291017],[-6.760442996,38.83981315],[-6.755036416,38.835339528],[-6.756908023,38.826262933],[-6.734254471,38.828395372],[-6.729815317,38.820791018],[-6.714037553,38.837768987],[-6.677621837,38.825492625],[-6.666866028,38.838928207],[-6.613337065,38.809639247],[-6.561444546,38.794587855],[-6.562484576,38.77866627],[-6.583174683,38.766016595],[-6.593685807,38.767062686],[-6.59457794,38.752983032],[-6.617999308,38.765735189],[-6.635038477,38.765953462],[-6.697210278,38.747624837],[-6.73021924,38.723281349],[-6.735125826,38.707334361],[-6.750183658,38.707743505],[-6.749429416,38.682762986],[-6.806190476,38.657913328],[-6.812253718,38.674532334],[-6.850097959,38.674236857],[-6.862226333,38.648300998],[-6.861475627,38.625996854],[-6.880002549,38.584391312],[-6.872714245,38.581165226],[-6.866307398,38.556508247],[-6.892705778,38.55487566],[-6.930508215,38.561519115],[-6.945392893,38.570637279],[-6.958273943,38.568283295],[-6.967886419,38.580125898],[-6.95667599,38.58681087],[-6.988515708,38.597698887],[-6.986801377,38.605494366],[-6.995522395,38.612266953],[-7.000236976,38.607043746],[-7.010153354,38.611963889],[-7.02486144,38.630678856],[-7.020857352,38.638535639],[-6.980801757,38.616345167],[-6.96690463,38.627680279],[-6.956210807,38.62280977],[-6.943442009,38.628015155],[-6.9401176,38.642565652],[-6.919654216,38.64997329],[-6.935983406,38.68573181],[-6.935938857,38.699577175],[-6.923126918,38.697963658],[-6.974169474,38.715584765],[-6.992728154,38.711528919],[-7.022513819,38.690655381],[-7.062307937,38.741705816],[-7.074905341,38.749264564],[-7.093792972,38.749107861],[-7.12844384,38.770196248],[-7.137433028,38.769670675],[-7.150997584,38.77919503],[-7.149406147,38.785673236],[-7.158718451,38.784879093]],[[-6.839940236,38.714797654],[-6.831657426,38.693407244],[-6.8037575,38.687662805],[-6.777603823,38.694726752],[-6.756867934,38.71595962],[-6.763421254,38.731502579],[-6.783141136,38.734972638],[-6.809768749,38.725099478],[-6.82695016,38.728617931],[-6.827823859,38.721275368],[-6.833921305,38.726930058],[-6.830969984,38.717109915],[-6.839940236,38.714797654]],[[-6.842698341,38.71501317],[-6.845049168,38.718736837],[-6.851349873,38.714034589],[-6.842698341,38.71501317]],[[-6.686740751,38.909491149],[-6.646600041,38.914053269],[-6.649964373,38.925203703],[-6.638014338,38.940914385],[-6.648829111,38.966611669],[-6.665163151,38.967882472],[-6.683901893,38.956372595],[-6.707835573,38.954994844],[-6.701480035,38.949759056],[-6.708687282,38.936251284],[-6.707331034,38.913259961],[-6.686740751,38.909491149]]]}},{"type":"Feature","properties":{"NOMBRE_DESTINO":"BAEZA","ID_DESTINO":"BAEZA","NOMBRE_GRAFO":"http://datos.segittur.es/baeza","ID_GRAFO":"baeza","F_ALTA_GRAFO":"2025-11-27 11:59:22.096000","TRIPLETAS_GRAFO":4354,"TRIPLETAS_GRAFO 09/07/2026":4354,"TRIPLETAS_GRAFO 27/07/2026":4354,"TRIPLETAS_GRAFO 30/07/2026":4354,"TRIPLETAS_GRAFO 21/08/2026":4354,"TRIPLETAS_GRAFO 10/09/2026":4354,"TRIPLETAS_GRAFO 18/09/2026":4354,"c_ine":"23009000000","join_status":"matched"},"geometry":{"type":"Polygon","coordinates":[[[-3.590446049,37.953396853],[-3.568313464,37.95902771],[-3.555765254,37.952309741],[-3.545293424,37.959861485],[-3.52655763,37.947051624],[-3.507906477,37.995860509],[-3.531881875,38.007255636],[-3.540528528,38.019546534],[-3.499862837,38.00630461],[-3.484564679,38.013201791],[-3.485488229,38.032353848],[-3.449105433,38.032980457],[-3.419287249,38.053340389],[-3.418936586,38.03970804],[-3.409390982,38.030924167],[-3.422865165,38.005688372],[-3.410386613,37.978357653],[-3.415356271,37.96276531],[-3.397444384,37.93656632],[-3.402826586,37.908246048],[-3.411377875,37.906984495],[-3.419166267,37.919427447],[-3.4296431,37.916516603],[-3.434658119,37.932086819],[-3.438100753,37.926525396],[-3.45391038,37.927747217],[-3.451726481,37.891112941],[-3.493744731,37.889613162],[-3.518743986,37.862122268],[-3.56159108,37.862548321],[-3.580260642,37.852967012],[-3.593069636,37.876320344],[-3.570593361,37.913838304],[-3.573519456,37.930814377],[-3.590446049,37.953396853]]]}},{"type":"Feature","properties":{"NOMBRE_DESTINO":"BALONES","ID_DESTINO":"BALONES","NOMBRE_GRAFO":"http://datos.segittur.es/balones","ID_GRAFO":"balones","F_ALTA_GRAFO":"2026-07-10 00:00:00","TRIPLETAS_GRAFO":null,"TRIPLETAS_GRAFO 09/07/2026":null,"TRIPLETAS_GRAFO 27/07/2026":null,"TRIPLETAS_GRAFO 30/07/2026":null,"TRIPLETAS_GRAFO 21/08/2026":null,"TRIPLETAS_GRAFO 10/09/2026":40,"TRIPLETAS_GRAFO 18/09/2026":40,"c_ine":"03020000000","join_status":"matched"},"geometry":{"type":"Polygon","coordinates":[[[-0.359419687,38.749244575],[-0.333348695,38.756652805],[-0.325779015,38.765849703],[-0.313603884,38.768291176],[-0.311068935,38.74048338],[-0.338780415,38.721639134],[-0.345168002,38.722451169],[-0.359419687,38.749244575]]]}},{"type":"Feature","properties":{"NOMBRE_DESTINO":"BANOS DE EBROMANUETA","ID_DESTINO":"BANOS_DE_EBROMANUETA","NOMBRE_GRAFO":"http://datos.segittur.es/banos_de_ebromanueta","ID_GRAFO":"banos de ebromanueta","F_ALTA_GRAFO":"2026-06-03 00:00:00","TRIPLETAS_GRAFO":"Sin datos","TRIPLETAS_GRAFO 09/07/2026":337,"TRIPLETAS_GRAFO 27/07/2026":"Sin datos","TRIPLETAS_GRAFO 30/07/2026":"Sin datos","TRIPLETAS_GRAFO 21/08/2026":"Sin datos","TRIPLETAS_GRAFO 10/09/2026":310,"TRIPLETAS_GRAFO 18/09/2026":310,"c_ine":"01011000000","join_status":"matched"},"geometry":{"type":"Polygon","coordinates":[[[-2.705724868,42.516657464],[-2.686105891,42.54500091],[-2.680592625,42.537114578],[-2.666652649,42.534220052],[-2.646695455,42.512546167],[-2.653815389,42.495808316],[-2.666183422,42.509815866],[-2.677842372,42.509570219],[-2.676846154,42.526258927],[-2.705724868,42.516657464]]]}},{"type":"Feature","properties":{"NOMBRE_DESTINO":"BANOS-DE-MONTEMAYOR","ID_DESTINO":"BANOS-DE-MONTEMAYOR","NOMBRE_GRAFO":"http://datos.segittur.es/banos-de-montemayor","ID_GRAFO":"banos-de-montemayor","F_ALTA_GRAFO":"2026-09-14 00:00:00","TRIPLETAS_GRAFO":null,"TRIPLETAS_GRAFO 09/07/2026":null,"TRIPLETAS_GRAFO 27/07/2026":null,"TRIPLETAS_GRAFO 30/07/2026":null,"TRIPLETAS_GRAFO 21/08/2026":null,"TRIPLETAS_GRAFO 10/09/2026":null,"TRIPLETAS_GRAFO 18/09/2026":153,"c_ine":"10024000000","join_status":"matched"},"geometry":{"type":"Polygon","coordinates":[[[-5.917173742,40.277697221],[-5.890632032,40.322121427],[-5.849932652,40.338201252],[-5.853674906,40.331479508],[-5.838426206,40.314749981],[-5.858441605,40.295791707],[-5.875696075,40.292130192],[-5.907966863,40.268678617],[-5.917173742,40.277697221]]]}},{"type":"Feature","properties":{"NOMBRE_DESTINO":"BANYERES_DE_MARIOLA","ID_DESTINO":"BANYERES_DE_MARIOLA","NOMBRE_GRAFO":"http://datos.segittur.es/banyeres-de-mariola","ID_GRAFO":"banyeres_de_mariola","F_ALTA_GRAFO":"2026-07-10 00:00:00","TRIPLETAS_GRAFO":null,"TRIPLETAS_GRAFO 09/07/2026":null,"TRIPLETAS_GRAFO 27/07/2026":null,"TRIPLETAS_GRAFO 30/07/2026":null,"TRIPLETAS_GRAFO 21/08/2026":null,"TRIPLETAS_GRAFO 10/09/2026":276,"TRIPLETAS_GRAFO 18/09/2026":276,"c_ine":"03021000000","join_status":"matched"},"geometry":{"type":"Polygon","coordinates":[[[-0.743359935,38.755634862],[-0.734931251,38.759445149],[-0.733289178,38.751700584],[-0.722214654,38.753674527],[-0.707189387,38.733819387],[-0.688784923,38.741268345],[-0.677570689,38.72910744],[-0.64402618,38.728138352],[-0.642468706,38.704140343],[-0.628699636,38.68655364],[-0.618051268,38.686652581],[-0.641095575,38.665802203],[-0.649106062,38.67000906],[-0.678431025,38.658089087],[-0.743359935,38.755634862]]]}},{"type":"Feature","properties":{"NOMBRE_DESTINO":"BARCELONA","ID_DESTINO":"BARCELONA","NOMBRE_GRAFO":"http://datos.segittur.es/barcelona","ID_GRAFO":"barcelona","F_ALTA_GRAFO":"2025-11-27 12:00:24.846000","TRIPLETAS_GRAFO":1240,"TRIPLETAS_GRAFO 09/07/2026":1240,"TRIPLETAS_GRAFO 27/07/2026":1240,"TRIPLETAS_GRAFO 30/07/2026":1240,"TRIPLETAS_GRAFO 21/08/2026":1240,"TRIPLETAS_GRAFO 10/09/2026":1240,"TRIPLETAS_GRAFO 18/09/2026":1240,"c_ine":"08019000000","join_status":"matched"},"geometry":{"type":"MultiPolygon","coordinates":[[[[2.072166583,41.411075927],[2.080961583,41.424004386],[2.072704689,41.425152842],[2.076617187,41.428709156],[2.07176783,41.436302367],[2.085733295,41.429001825],[2.096069326,41.433272407],[2.121268249,41.4258308],[2.134731231,41.447561172],[2.164105814,41.449798242],[2.167325374,41.460680251],[2.183785393,41.468296477],[2.207662444,41.441773564],[2.20614303,41.425626457],[2.22956412,41.411795244],[2.198331134,41.386893436],[2.185360735,41.357735268],[2.186444354,41.379656009],[2.177970603,41.374134055],[2.183008316,41.371536054],[2.176528071,41.367119906],[2.183063254,41.365196464],[2.183417389,41.363339902],[2.175224822,41.350341806],[2.17255315,41.317119989],[2.171869101,41.34885311],[2.182263022,41.364523562],[2.170917201,41.360246163],[2.166909663,41.347148826],[2.150919525,41.34648513],[2.144284485,41.334749103],[2.148818159,41.32996888],[2.156854133,41.342299996],[2.166205423,41.341174197],[2.149857306,41.320682879],[2.115652674,41.323889878],[2.100526378,41.336041978],[2.139207464,41.346940284],[2.131986646,41.355528273],[2.135279172,41.362277378],[2.121357,41.378078897],[2.109439215,41.376098334],[2.11180371,41.384591073],[2.097791809,41.39395696],[2.10382546,41.403288833],[2.100607477,41.408368109],[2.085455665,41.409713925],[2.074840963,41.402996088],[2.072166583,41.411075927]]],[[[2.057623415,41.410553848],[2.052332905,41.424230334],[2.057669248,41.435806355],[2.06781311,41.429545083],[2.070485511,41.418811843],[2.057623415,41.410553848]]]]}},{"type":"Feature","properties":{"NOMBRE_DESTINO":"BARRADO","ID_DESTINO":"BARRADO","NOMBRE_GRAFO":"http://datos.segittur.es/barrado","ID_GRAFO":"barrado","F_ALTA_GRAFO":"2026-06-01 00:00:00","TRIPLETAS_GRAFO":198,"TRIPLETAS_GRAFO 09/07/2026":198,"TRIPLETAS_GRAFO 27/07/2026":198,"TRIPLETAS_GRAFO 30/07/2026":198,"TRIPLETAS_GRAFO 21/08/2026":198,"TRIPLETAS_GRAFO 10/09/2026":198,"TRIPLETAS_GRAFO 18/09/2026":265,"c_ine":"10025000000","join_status":"matched"},"geometry":{"type":"Polygon","coordinates":[[[-5.943004301,40.08368202],[-5.880882184,40.099944948],[-5.856976656,40.093205273],[-5.855736528,40.080661264],[-5.868917846,40.065607959],[-5.895060866,40.054796709],[-5.943004301,40.08368202]]]}},{"type":"Feature","properties":{"NOMBRE_DESTINO":"BARRUNDIA","ID_DESTINO":"BARRUNDIA","NOMBRE_GRAFO":"http://datos.segittur.es/barrundia","ID_GRAFO":"barrundia","F_ALTA_GRAFO":"2026-08-05 00:00:00","TRIPLETAS_GRAFO":null,"TRIPLETAS_GRAFO 09/07/2026":null,"TRIPLETAS_GRAFO 27/07/2026":null,"TRIPLETAS_GRAFO 30/07/2026":null,"TRIPLETAS_GRAFO 21/08/2026":null,"TRIPLETAS_GRAFO 10/09/2026":2759,"TRIPLETAS_GRAFO 18/09/2026":2759,"c_ine":"01013000000","join_status":"matched"},"geometry":{"type":"Polygon","coordinates":[[[-2.565221287,42.885853172],[-2.560980333,42.89841713],[-2.533746699,42.894274751],[-2.53217495,42.899644385],[-2.555274217,42.911749638],[-2.54939773,42.921235972],[-2.555300571,42.923357336],[-2.548488531,42.926581407],[-2.557193564,42.929335086],[-2.548245794,42.953473784],[-2.539638873,42.953686591],[-2.534695022,42.973283104],[-2.501203996,42.959484356],[-2.47740496,42.966220268],[-2.444529744,42.958020017],[-2.456086873,42.903665329],[-2.435332317,42.906716244],[-2.422360991,42.890847337],[-2.417512848,42.87122752],[-2.427775894,42.864291461],[-2.427731065,42.857249197],[-2.478223896,42.870170614],[-2.495849668,42.857192388],[-2.518600595,42.860829736],[-2.51116308,42.872540836],[-2.513236961,42.88123968],[-2.541370862,42.875358817],[-2.565221287,42.885853172]]]}},{"type":"Feature","properties":{"NOMBRE_DESTINO":"BELVIS-DE-MONROY","ID_DESTINO":"BELVIS-DE-MONROY","NOMBRE_GRAFO":"http://datos.segittur.es/belvis-de-monroy","ID_GRAFO":"belvis-de-monroy","F_ALTA_GRAFO":"2026-09-14 00:00:00","TRIPLETAS_GRAFO":null,"TRIPLETAS_GRAFO 09/07/2026":null,"TRIPLETAS_GRAFO 27/07/2026":null,"TRIPLETAS_GRAFO 30/07/2026":null,"TRIPLETAS_GRAFO 21/08/2026":null,"TRIPLETAS_GRAFO 10/09/2026":null,"TRIPLETAS_GRAFO 18/09/2026":66,"c_ine":"10026000000","join_status":"matched"},"geometry":{"type":"Polygon","coordinates":[[[-5.657015611,39.839091586],[-5.634310086,39.851914769],[-5.602405514,39.855706598],[-5.59179339,39.840819138],[-5.5710848,39.834941531],[-5.574606194,39.827548463],[-5.562351858,39.8209936],[-5.560490395,39.808693408],[-5.573242291,39.793685999],[-5.600015043,39.795116065],[-5.604180957,39.779973506],[-5.620079753,39.777426376],[-5.648388953,39.801598042],[-5.643210092,39.820372377],[-5.657015611,39.839091586]]]}},{"type":"Feature","properties":{"NOMBRE_DESTINO":"BENASAU","ID_DESTINO":"BENASAU","NOMBRE_GRAFO":"http://datos.segittur.es/benasau","ID_GRAFO":"benasau","F_ALTA_GRAFO":"2026-07-10 00:00:00","TRIPLETAS_GRAFO":null,"TRIPLETAS_GRAFO 09/07/2026":null,"TRIPLETAS_GRAFO 27/07/2026":null,"TRIPLETAS_GRAFO 30/07/2026":null,"TRIPLETAS_GRAFO 21/08/2026":null,"TRIPLETAS_GRAFO 10/09/2026":80,"TRIPLETAS_GRAFO 18/09/2026":80,"c_ine":"03022000000","join_status":"matched"},"geometry":{"type":"Polygon","coordinates":[[[-0.365408537,38.708710152],[-0.346689595,38.714277923],[-0.32923888,38.696816035],[-0.307192933,38.69973375],[-0.309127076,38.68280413],[-0.354836654,38.685442397],[-0.365408537,38.708710152]]]}},{"type":"Feature","properties":{"NOMBRE_DESTINO":"BENEIXAMA","ID_DESTINO":"BENEIXAMA","NOMBRE_GRAFO":"http://datos.segittur.es/beneixama","ID_GRAFO":"beneixama","F_ALTA_GRAFO":"2026-07-10 00:00:00","TRIPLETAS_GRAFO":null,"TRIPLETAS_GRAFO 09/07/2026":null,"TRIPLETAS_GRAFO 27/07/2026":null,"TRIPLETAS_GRAFO 30/07/2026":null,"TRIPLETAS_GRAFO 21/08/2026":null,"TRIPLETAS_GRAFO 10/09/2026":130,"TRIPLETAS_GRAFO 18/09/2026":130,"c_ine":"03023000000","join_status":"matched"},"geometry":{"type":"Polygon","coordinates":[[[-0.801059615,38.737165061],[-0.783733478,38.748352781],[-0.743359935,38.755634862],[-0.71328549,38.710404416],[-0.7552541,38.6962615],[-0.767754124,38.679922097],[-0.77658441,38.696182708],[-0.78699729,38.696308267],[-0.801059615,38.737165061]]]}},{"type":"Feature","properties":{"NOMBRE_DESTINO":"BENEJUZAR","ID_DESTINO":"BENEJUZAR","NOMBRE_GRAFO":"http://datos.segittur.es/benejuzar","ID_GRAFO":"benejuzar","F_ALTA_GRAFO":"2026-07-10 00:00:00","TRIPLETAS_GRAFO":null,"TRIPLETAS_GRAFO 09/07/2026":null,"TRIPLETAS_GRAFO 27/07/2026":null,"TRIPLETAS_GRAFO 30/07/2026":null,"TRIPLETAS_GRAFO 21/08/2026":null,"TRIPLETAS_GRAFO 10/09/2026":90,"TRIPLETAS_GRAFO 18/09/2026":90,"c_ine":"03024000000","join_status":"matched"},"geometry":{"type":"Polygon","coordinates":[[[-0.837590617,38.054091741],[-0.849202048,38.081365609],[-0.841810585,38.088087547],[-0.845004419,38.093859291],[-0.835069805,38.099759107],[-0.822836371,38.09430647],[-0.821023678,38.087388334],[-0.831160868,38.085413291],[-0.815067003,38.05999188],[-0.828893005,38.047614438],[-0.837590617,38.054091741]]]}},{"type":"Feature","properties":{"NOMBRE_DESTINO":"BENFERRI","ID_DESTINO":"BENFERRI","NOMBRE_GRAFO":"http://datos.segittur.es/benferri","ID_GRAFO":"benferri","F_ALTA_GRAFO":"2026-07-10 00:00:00","TRIPLETAS_GRAFO":null,"TRIPLETAS_GRAFO 09/07/2026":null,"TRIPLETAS_GRAFO 27/07/2026":null,"TRIPLETAS_GRAFO 30/07/2026":null,"TRIPLETAS_GRAFO 21/08/2026":null,"TRIPLETAS_GRAFO 10/09/2026":10,"TRIPLETAS_GRAFO 18/09/2026":10,"c_ine":"03025000000","join_status":"matched"},"geometry":{"type":"Polygon","coordinates":[[[-1.009078714,38.166710476],[-1.001350616,38.173914969],[-0.991980829,38.173007148],[-0.973202887,38.152418065],[-0.956845896,38.155009108],[-0.949328573,38.140640072],[-0.982754244,38.13131574],[-1.004535955,38.151305691],[-1.009078714,38.166710476]]]}},{"type":"Feature","properties":{"NOMBRE_DESTINO":"BENIARBEIG","ID_DESTINO":"BENIARBEIG","NOMBRE_GRAFO":"http://datos.segittur.es/beniarbeig","ID_GRAFO":"beniarbeig","F_ALTA_GRAFO":"2026-07-13 00:00:00","TRIPLETAS_GRAFO":null,"TRIPLETAS_GRAFO 09/07/2026":null,"TRIPLETAS_GRAFO 27/07/2026":null,"TRIPLETAS_GRAFO 30/07/2026":null,"TRIPLETAS_GRAFO 21/08/2026":null,"TRIPLETAS_GRAFO 10/09/2026":33,"TRIPLETAS_GRAFO 18/09/2026":33,"c_ine":"03026000000","join_status":"matched"},"geometry":{"type":"Polygon","coordinates":[[[-0.034252752,38.826909262],[-0.019275504,38.838888237],[-0.007662286,38.827662973],[0.005658575,38.828653868],[0.009217672,38.82182334],[-0.000960375,38.816661959],[0.003842735,38.80923888],[-0.009249487,38.806973996],[-0.008954865,38.786863797],[-0.017157145,38.799680551],[-0.012142884,38.803687455],[-0.019027005,38.811440197],[-0.017001193,38.819974128],[-0.034252752,38.826909262]]]}},{"type":"Feature","properties":{"NOMBRE_DESTINO":"BENIARDA","ID_DESTINO":"BENIARDA","NOMBRE_GRAFO":"http://datos.segittur.es/beniarda","ID_GRAFO":"beniarda","F_ALTA_GRAFO":"2026-07-13 00:00:00","TRIPLETAS_GRAFO":null,"TRIPLETAS_GRAFO 09/07/2026":null,"TRIPLETAS_GRAFO 27/07/2026":null,"TRIPLETAS_GRAFO 30/07/2026":null,"TRIPLETAS_GRAFO 21/08/2026":null,"TRIPLETAS_GRAFO 10/09/2026":43,"TRIPLETAS_GRAFO 18/09/2026":43,"c_ine":"03027000000","join_status":"matched"},"geometry":{"type":"Polygon","coordinates":[[[-0.247837526,38.683106369],[-0.239350826,38.695159117],[-0.241232449,38.71080807],[-0.236293124,38.716042956],[-0.164656416,38.699866054],[-0.171598395,38.691754628],[-0.198666967,38.684199121],[-0.210160879,38.687474315],[-0.218591479,38.676674714],[-0.247837526,38.683106369]]]}},{"type":"Feature","properties":{"NOMBRE_DESTINO":"BENIARRES","ID_DESTINO":"BENIARRES","NOMBRE_GRAFO":"http://datos.segittur.es/beniarres","ID_GRAFO":"beniarres","F_ALTA_GRAFO":"2026-07-13 00:00:00","TRIPLETAS_GRAFO":null,"TRIPLETAS_GRAFO 09/07/2026":null,"TRIPLETAS_GRAFO 27/07/2026":null,"TRIPLETAS_GRAFO 30/07/2026":null,"TRIPLETAS_GRAFO 21/08/2026":null,"TRIPLETAS_GRAFO 10/09/2026":86,"TRIPLETAS_GRAFO 18/09/2026":86,"c_ine":"03028000000","join_status":"matched"},"geometry":{"type":"Polygon","coordinates":[[[-0.385827876,38.810266211],[-0.403390039,38.83971384],[-0.382370748,38.834541667],[-0.355173589,38.84979449],[-0.320554874,38.814372637],[-0.331231018,38.809724986],[-0.356402855,38.812847353],[-0.367518467,38.805890737],[-0.385827876,38.810266211]]]}},{"type":"Feature","properties":{"NOMBRE_DESTINO":"BENIDOLEIG","ID_DESTINO":"BENIDOLEIG","NOMBRE_GRAFO":"http://datos.segittur.es/benidoleig","ID_GRAFO":"benidoleig","F_ALTA_GRAFO":"2026-07-13 00:00:00","TRIPLETAS_GRAFO":null,"TRIPLETAS_GRAFO 09/07/2026":null,"TRIPLETAS_GRAFO 27/07/2026":null,"TRIPLETAS_GRAFO 30/07/2026":null,"TRIPLETAS_GRAFO 21/08/2026":null,"TRIPLETAS_GRAFO 10/09/2026":20,"TRIPLETAS_GRAFO 18/09/2026":20,"c_ine":"03030000000","join_status":"matched"},"geometry":{"type":"Polygon","coordinates":[[[-0.044994555,38.807505779],[-0.040829228,38.802706513],[-0.013594329,38.806976906],[-0.017157145,38.799680551],[-0.007711054,38.782753794],[-0.027787663,38.775753152],[-0.043628243,38.787353806],[-0.044994555,38.807505779]]]}},{"type":"Feature","properties":{"NOMBRE_DESTINO":"BENIDORM","ID_DESTINO":"BENIDORM","NOMBRE_GRAFO":"http://datos.segittur.es/benidorm","ID_GRAFO":"benidorm","F_ALTA_GRAFO":"2025-11-19 12:55:43.292000","TRIPLETAS_GRAFO":98576,"TRIPLETAS_GRAFO 09/07/2026":98583,"TRIPLETAS_GRAFO 27/07/2026":98659,"TRIPLETAS_GRAFO 30/07/2026":98672,"TRIPLETAS_GRAFO 21/08/2026":99475,"TRIPLETAS_GRAFO 10/09/2026":99475,"TRIPLETAS_GRAFO 18/09/2026":99492,"c_ine":"03031000000","join_status":"matched"},"geometry":{"type":"MultiPolygon","coordinates":[[[[-0.130053089,38.503731157],[-0.132680664,38.501660297],[-0.133002854,38.502208772],[-0.130053089,38.503731157]]],[[[-0.072502246,38.536387848],[-0.073413993,38.536816089],[-0.071573008,38.537238506],[-0.072502246,38.536387848]]],[[[-0.186729975,38.610133282],[-0.132622137,38.567212705],[-0.096656536,38.5709379],[-0.066284762,38.546169763],[-0.09755753,38.523471138],[-0.110833219,38.533908601],[-0.13974396,38.53637616],[-0.153833007,38.534269227],[-0.164002719,38.523698318],[-0.175111702,38.560904078],[-0.159043691,38.570596528],[-0.179698343,38.591485227],[-0.186729975,38.610133282]]]]}},{"type":"Feature","properties":{"NOMBRE_DESTINO":"BENIEL","ID_DESTINO":"BENIEL","NOMBRE_GRAFO":"http://datos.segittur.es/beniel","ID_GRAFO":"beniel","F_ALTA_GRAFO":"2026-06-08 00:00:00","TRIPLETAS_GRAFO":"Sin datos","TRIPLETAS_GRAFO 09/07/2026":"Sin datos","TRIPLETAS_GRAFO 27/07/2026":129,"TRIPLETAS_GRAFO 30/07/2026":162,"TRIPLETAS_GRAFO 21/08/2026":162,"TRIPLETAS_GRAFO 10/09/2026":162,"TRIPLETAS_GRAFO 18/09/2026":162,"c_ine":"30010000000","join_status":"matched"},"geometry":{"type":"Polygon","coordinates":[[[-0.998401604,38.051709319],[-0.980867392,38.029569476],[-0.965746207,38.012677126],[-0.991060582,38.003628213],[-1.000403389,38.024292003],[-1.014590767,38.034585155],[-1.013795797,38.04565175],[-0.998401604,38.051709319]]]}},{"type":"Feature","properties":{"NOMBRE_DESTINO":"BENIFALLIM","ID_DESTINO":"BENIFALLIM","NOMBRE_GRAFO":"http://datos.segittur.es/benifallim","ID_GRAFO":"benifallim","F_ALTA_GRAFO":"2026-07-10 00:00:00","TRIPLETAS_GRAFO":null,"TRIPLETAS_GRAFO 09/07/2026":null,"TRIPLETAS_GRAFO 27/07/2026":null,"TRIPLETAS_GRAFO 30/07/2026":null,"TRIPLETAS_GRAFO 21/08/2026":null,"TRIPLETAS_GRAFO 10/09/2026":80,"TRIPLETAS_GRAFO 18/09/2026":80,"c_ine":"03032000000","join_status":"matched"},"geometry":{"type":"Polygon","coordinates":[[[-0.430457955,38.663416073],[-0.420331469,38.675959895],[-0.405404884,38.681584884],[-0.404278888,38.672036478],[-0.38946105,38.665174258],[-0.396379277,38.655976395],[-0.391426014,38.651252902],[-0.40022763,38.628365754],[-0.417344615,38.637881279],[-0.428936056,38.634974392],[-0.430457955,38.663416073]]]}},{"type":"Feature","properties":{"NOMBRE_DESTINO":"BENIFATO","ID_DESTINO":"BENIFATO","NOMBRE_GRAFO":"http://datos.segittur.es/benifato","ID_GRAFO":"benifato","F_ALTA_GRAFO":"2026-07-13 00:00:00","TRIPLETAS_GRAFO":null,"TRIPLETAS_GRAFO 09/07/2026":null,"TRIPLETAS_GRAFO 27/07/2026":null,"TRIPLETAS_GRAFO 30/07/2026":null,"TRIPLETAS_GRAFO 21/08/2026":null,"TRIPLETAS_GRAFO 10/09/2026":81,"TRIPLETAS_GRAFO 18/09/2026":81,"c_ine":"03033000000","join_status":"matched"},"geometry":{"type":"Polygon","coordinates":[[[-0.247837526,38.683106369],[-0.222724324,38.676205425],[-0.221053702,38.666507484],[-0.232974818,38.652987679],[-0.227474424,38.64992919],[-0.229222216,38.642744931],[-0.237444425,38.633866864],[-0.261472218,38.651712932],[-0.247837526,38.683106369]]]}},{"type":"Feature","properties":{"NOMBRE_DESTINO":"BENIGEMBLA","ID_DESTINO":"BENIGEMBLA","NOMBRE_GRAFO":"http://datos.segittur.es/benigembla","ID_GRAFO":"benigembla","F_ALTA_GRAFO":"2026-07-13 00:00:00","TRIPLETAS_GRAFO":null,"TRIPLETAS_GRAFO 09/07/2026":null,"TRIPLETAS_GRAFO 27/07/2026":null,"TRIPLETAS_GRAFO 30/07/2026":null,"TRIPLETAS_GRAFO 21/08/2026":null,"TRIPLETAS_GRAFO 10/09/2026":10,"TRIPLETAS_GRAFO 18/09/2026":10,"c_ine":"03029000000","join_status":"matched"},"geometry":{"type":"Polygon","coordinates":[[[-0.138142997,38.726986514],[-0.143820444,38.754792934],[-0.136332747,38.763645822],[-0.092096525,38.764813959],[-0.079379698,38.753838708],[-0.094391649,38.742294005],[-0.097633048,38.73043738],[-0.111926435,38.725962797],[-0.138142997,38.726986514]]]}},{"type":"Feature","properties":{"NOMBRE_DESTINO":"BENIJOFAR","ID_DESTINO":"BENIJOFAR","NOMBRE_GRAFO":"http://datos.segittur.es/benijofar","ID_GRAFO":"benijofar","F_ALTA_GRAFO":"2026-07-13 00:00:00","TRIPLETAS_GRAFO":null,"TRIPLETAS_GRAFO 09/07/2026":null,"TRIPLETAS_GRAFO 27/07/2026":null,"TRIPLETAS_GRAFO 30/07/2026":null,"TRIPLETAS_GRAFO 21/08/2026":null,"TRIPLETAS_GRAFO 10/09/2026":33,"TRIPLETAS_GRAFO 18/09/2026":33,"c_ine":"03034000000","join_status":"matched"},"geometry":{"type":"Polygon","coordinates":[[[-0.756632129,38.079969999],[-0.735141275,38.086150785],[-0.728247516,38.066508657],[-0.745306351,38.064413442],[-0.756632129,38.079969999]]]}},{"type":"Feature","properties":{"NOMBRE_DESTINO":"BENILLOBA","ID_DESTINO":"BENILLOBA","NOMBRE_GRAFO":"http://datos.segittur.es/benilloba","ID_GRAFO":"benilloba","F_ALTA_GRAFO":"2026-07-10 00:00:00","TRIPLETAS_GRAFO":null,"TRIPLETAS_GRAFO 09/07/2026":null,"TRIPLETAS_GRAFO 27/07/2026":null,"TRIPLETAS_GRAFO 30/07/2026":null,"TRIPLETAS_GRAFO 21/08/2026":null,"TRIPLETAS_GRAFO 10/09/2026":10,"TRIPLETAS_GRAFO 18/09/2026":10,"c_ine":"03035000000","join_status":"matched"},"geometry":{"type":"Polygon","coordinates":[[[-0.417231673,38.68864033],[-0.407168375,38.7262946],[-0.399457053,38.71787927],[-0.395463427,38.722078923],[-0.374129779,38.711393219],[-0.380511437,38.694715291],[-0.417231673,38.68864033]]]}},{"type":"Feature","properties":{"NOMBRE_DESTINO":"BENILLUP","ID_DESTINO":"BENILLUP","NOMBRE_GRAFO":"http://datos.segittur.es/benillup","ID_GRAFO":"benillup","F_ALTA_GRAFO":"2026-07-10 00:00:00","TRIPLETAS_GRAFO":null,"TRIPLETAS_GRAFO 09/07/2026":null,"TRIPLETAS_GRAFO 27/07/2026":null,"TRIPLETAS_GRAFO 30/07/2026":null,"TRIPLETAS_GRAFO 21/08/2026":null,"TRIPLETAS_GRAFO 10/09/2026":10,"TRIPLETAS_GRAFO 18/09/2026":10,"c_ine":"03036000000","join_status":"matched"},"geometry":{"type":"Polygon","coordinates":[[[-0.402140575,38.761563809],[-0.392055016,38.762969778],[-0.391928084,38.756660199],[-0.382214405,38.765848934],[-0.361533774,38.750571723],[-0.38096484,38.747783627],[-0.402140575,38.761563809]]]}},{"type":"Feature","properties":{"NOMBRE_DESTINO":"BENIMANTELL","ID_DESTINO":"BENIMANTELL","NOMBRE_GRAFO":"http://datos.segittur.es/benimantell","ID_GRAFO":"benimantell","F_ALTA_GRAFO":"2026-07-10 00:00:00","TRIPLETAS_GRAFO":null,"TRIPLETAS_GRAFO 09/07/2026":null,"TRIPLETAS_GRAFO 27/07/2026":null,"TRIPLETAS_GRAFO 30/07/2026":null,"TRIPLETAS_GRAFO 21/08/2026":null,"TRIPLETAS_GRAFO 10/09/2026":109,"TRIPLETAS_GRAFO 18/09/2026":109,"c_ine":"03037000000","join_status":"matched"},"geometry":{"type":"Polygon","coordinates":[[[-0.237444425,38.633866864],[-0.227474424,38.64992919],[-0.232974818,38.652987679],[-0.221053702,38.666507484],[-0.223908105,38.674422641],[-0.210160879,38.687474315],[-0.198666967,38.684199121],[-0.171598395,38.691754628],[-0.164656416,38.699866054],[-0.153514752,38.698562905],[-0.178808173,38.675527492],[-0.201994548,38.680741918],[-0.204182572,38.673136221],[-0.196148896,38.662249501],[-0.1777107,38.6594957],[-0.166351119,38.64416966],[-0.179798506,38.63607595],[-0.17383055,38.624850063],[-0.186729975,38.610133282],[-0.21608249,38.610655769],[-0.233260594,38.602297189],[-0.237427519,38.615180435],[-0.22961529,38.617950723],[-0.236904138,38.616249226],[-0.237444425,38.633866864]]]}},{"type":"Feature","properties":{"NOMBRE_DESTINO":"BENIMARFULL","ID_DESTINO":"BENIMARFULL","NOMBRE_GRAFO":"http://datos.segittur.es/benimarfull","ID_GRAFO":"benimarfull","F_ALTA_GRAFO":"2026-07-10 00:00:00","TRIPLETAS_GRAFO":null,"TRIPLETAS_GRAFO 09/07/2026":null,"TRIPLETAS_GRAFO 27/07/2026":null,"TRIPLETAS_GRAFO 30/07/2026":null,"TRIPLETAS_GRAFO 21/08/2026":null,"TRIPLETAS_GRAFO 10/09/2026":10,"TRIPLETAS_GRAFO 18/09/2026":10,"c_ine":"03038000000","join_status":"matched"},"geometry":{"type":"Polygon","coordinates":[[[-0.402639162,38.765584185],[-0.403164722,38.785993666],[-0.38936604,38.789686313],[-0.377205365,38.778809513],[-0.391928084,38.756660199],[-0.389573986,38.761265588],[-0.402639162,38.765584185]]]}},{"type":"Feature","properties":{"NOMBRE_DESTINO":"BENIMASSOT","ID_DESTINO":"BENIMASSOT","NOMBRE_GRAFO":"http://datos.segittur.es/benimassot","ID_GRAFO":"benimassot","F_ALTA_GRAFO":"2026-07-10 00:00:00","TRIPLETAS_GRAFO":null,"TRIPLETAS_GRAFO 09/07/2026":null,"TRIPLETAS_GRAFO 27/07/2026":null,"TRIPLETAS_GRAFO 30/07/2026":null,"TRIPLETAS_GRAFO 21/08/2026":null,"TRIPLETAS_GRAFO 10/09/2026":70,"TRIPLETAS_GRAFO 18/09/2026":70,"c_ine":"03039000000","join_status":"matched"},"geometry":{"type":"Polygon","coordinates":[[[-0.313603884,38.768291176],[-0.292004365,38.772197987],[-0.281646597,38.75066784],[-0.275226416,38.748554145],[-0.303364895,38.734882027],[-0.314394469,38.745064675],[-0.313603884,38.768291176]]]}},{"type":"Feature","properties":{"NOMBRE_DESTINO":"BENIMELI","ID_DESTINO":"BENIMELI","NOMBRE_GRAFO":"http://datos.segittur.es/benimeli","ID_GRAFO":"benimeli","F_ALTA_GRAFO":"2026-07-10 00:00:00","TRIPLETAS_GRAFO":null,"TRIPLETAS_GRAFO 09/07/2026":null,"TRIPLETAS_GRAFO 27/07/2026":null,"TRIPLETAS_GRAFO 30/07/2026":null,"TRIPLETAS_GRAFO 21/08/2026":null,"TRIPLETAS_GRAFO 10/09/2026":50,"TRIPLETAS_GRAFO 18/09/2026":50,"c_ine":"03040000000","join_status":"matched"},"geometry":{"type":"Polygon","coordinates":[[[-0.044994555,38.807505779],[-0.04715025,38.824452396],[-0.035809571,38.830471358],[-0.040590752,38.8393127],[-0.022857,38.844845],[-0.019275504,38.838888237],[-0.034659793,38.830144858],[-0.040304753,38.822053796],[-0.037233199,38.808912673],[-0.044994555,38.807505779]]]}},{"type":"Feature","properties":{"NOMBRE_DESTINO":"BENISSA","ID_DESTINO":"BENISSA","NOMBRE_GRAFO":"http://datos.segittur.es/benissa","ID_GRAFO":"benissa","F_ALTA_GRAFO":"2025-06-12 00:00:00","TRIPLETAS_GRAFO":null,"TRIPLETAS_GRAFO 09/07/2026":null,"TRIPLETAS_GRAFO 27/07/2026":null,"TRIPLETAS_GRAFO 30/07/2026":null,"TRIPLETAS_GRAFO 21/08/2026":null,"TRIPLETAS_GRAFO 10/09/2026":4387,"TRIPLETAS_GRAFO 18/09/2026":4387,"c_ine":"03041000000","join_status":"matched"},"geometry":{"type":"Polygon","coordinates":[[[-0.044392798,38.660956031],[-0.024447851,38.678368997],[-0.012302667,38.678572522],[-0.008241185,38.696324715],[0.029766464,38.734155992],[0.033783813,38.724186743],[0.05532129,38.722499085],[0.050655803,38.745792314],[0.054898107,38.749771495],[0.06441499,38.744729316],[0.079500869,38.747773851],[0.088690253,38.724260888],[0.078910627,38.69526723],[0.094711271,38.697525308],[0.107659823,38.688334903],[0.108332609,38.674659051],[0.098424818,38.672864739],[0.084930429,38.65859038],[0.068354091,38.680547708],[0.050274639,38.678762206],[0.04910282,38.672626153],[0.038952836,38.677877422],[0.040624309,38.66399442],[-0.00674812,38.643228387],[-0.044392798,38.660956031]]]}},{"type":"Feature","properties":{"NOMBRE_DESTINO":"BENQUERENCIA","ID_DESTINO":"BENQUERENCIA","NOMBRE_GRAFO":"http://datos.segittur.es/benquerencia","ID_GRAFO":"benquerencia","F_ALTA_GRAFO":"2026-09-14 00:00:00","TRIPLETAS_GRAFO":null,"TRIPLETAS_GRAFO 09/07/2026":null,"TRIPLETAS_GRAFO 27/07/2026":null,"TRIPLETAS_GRAFO 30/07/2026":null,"TRIPLETAS_GRAFO 21/08/2026":null,"TRIPLETAS_GRAFO 10/09/2026":null,"TRIPLETAS_GRAFO 18/09/2026":30,"c_ine":"10027000000","join_status":"matched"},"geometry":{"type":"Polygon","coordinates":[[[-6.115435257,39.320931079],[-6.071577869,39.327214094],[-6.064555303,39.308552493],[-6.07592247,39.299868813],[-6.076078312,39.291012544],[-6.092521732,39.283580889],[-6.101533469,39.289269022],[-6.10587427,39.309441673],[-6.115435257,39.320931079]]]}},{"type":"Feature","properties":{"NOMBRE_DESTINO":"BERANTEVILLA","ID_DESTINO":"BERANTEVILLA","NOMBRE_GRAFO":"http://datos.segittur.es/berantevilla","ID_GRAFO":"berantevilla","F_ALTA_GRAFO":"2026-06-03 00:00:00","TRIPLETAS_GRAFO":"Sin datos","TRIPLETAS_GRAFO 09/07/2026":814,"TRIPLETAS_GRAFO 27/07/2026":"Sin datos","TRIPLETAS_GRAFO 30/07/2026":"Sin datos","TRIPLETAS_GRAFO 21/08/2026":"Sin datos","TRIPLETAS_GRAFO 10/09/2026":727,"TRIPLETAS_GRAFO 18/09/2026":727,"c_ine":"01014000000","join_status":"matched"},"geometry":{"type":"MultiPolygon","coordinates":[[[[-2.869254437,42.643667317],[-2.864688436,42.661980426],[-2.847343525,42.664273092],[-2.850559386,42.651497781],[-2.869254437,42.643667317]]],[[[-2.896064569,42.677943162],[-2.88529387,42.683815219],[-2.88103069,42.698076096],[-2.863526908,42.701649707],[-2.854997538,42.714940604],[-2.838383835,42.721492187],[-2.828986272,42.719010775],[-2.825301986,42.708936724],[-2.784502963,42.698941959],[-2.770508515,42.676634108],[-2.775743012,42.670250455],[-2.767899848,42.666010911],[-2.790289792,42.662965567],[-2.807441699,42.676090621],[-2.837415097,42.685846078],[-2.860569724,42.670278957],[-2.896064569,42.677943162]]]]}},{"type":"Feature","properties":{"NOMBRE_DESTINO":"BERNEDO","ID_DESTINO":"BERNEDO","NOMBRE_GRAFO":"http://datos.segittur.es/bernedo","ID_GRAFO":"bernedo","F_ALTA_GRAFO":"2026-08-05 00:00:00","TRIPLETAS_GRAFO":null,"TRIPLETAS_GRAFO 09/07/2026":null,"TRIPLETAS_GRAFO 27/07/2026":null,"TRIPLETAS_GRAFO 30/07/2026":null,"TRIPLETAS_GRAFO 21/08/2026":null,"TRIPLETAS_GRAFO 10/09/2026":1565,"TRIPLETAS_GRAFO 18/09/2026":1565,"c_ine":"01016000000","join_status":"matched"},"geometry":{"type":"Polygon","coordinates":[[[-2.608980617,42.695860927],[-2.600308743,42.71526707],[-2.589982504,42.71076362],[-2.572628537,42.725171827],[-2.557867575,42.760300099],[-2.564815071,42.762938399],[-2.590257065,42.750524048],[-2.602693178,42.766228621],[-2.601450425,42.773212523],[-2.581324553,42.784901413],[-2.527065609,42.788138525],[-2.508925732,42.764449616],[-2.52739441,42.754666582],[-2.517494405,42.734461715],[-2.521507172,42.725770229],[-2.510626723,42.725435887],[-2.503107181,42.717235332],[-2.508696609,42.710028074],[-2.499352201,42.701270054],[-2.462130665,42.692131101],[-2.456305136,42.678432986],[-2.427283018,42.678210007],[-2.421942197,42.668466023],[-2.426130902,42.666821114],[-2.417298242,42.661354983],[-2.450075158,42.647252617],[-2.454587496,42.634864436],[-2.471056716,42.627260067],[-2.483072377,42.612158472],[-2.514696198,42.617268471],[-2.553011033,42.608293065],[-2.551472971,42.633944453],[-2.517397391,42.646332391],[-2.522023902,42.684031532],[-2.539398934,42.686579569],[-2.548378063,42.668802353],[-2.577767559,42.668212513],[-2.594135622,42.69003856],[-2.608980617,42.695860927]]]}},{"type":"Feature","properties":{"NOMBRE_DESTINO":"BERROCALEJO","ID_DESTINO":"BERROCALEJO","NOMBRE_GRAFO":"http://datos.segittur.es/berrocalejo","ID_GRAFO":"berrocalejo","F_ALTA_GRAFO":"2026-09-14 00:00:00","TRIPLETAS_GRAFO":null,"TRIPLETAS_GRAFO 09/07/2026":null,"TRIPLETAS_GRAFO 27/07/2026":null,"TRIPLETAS_GRAFO 30/07/2026":null,"TRIPLETAS_GRAFO 21/08/2026":null,"TRIPLETAS_GRAFO 10/09/2026":null,"TRIPLETAS_GRAFO 18/09/2026":48,"c_ine":"10028000000","join_status":"matched"},"geometry":{"type":"Polygon","coordinates":[[[-5.371791683,39.807737493],[-5.360112556,39.826560448],[-5.377365508,39.850981361],[-5.369113581,39.856345514],[-5.339331783,39.844229325],[-5.332670962,39.819413382],[-5.343825998,39.805261256],[-5.334762124,39.79421031],[-5.344922349,39.788023694],[-5.371791683,39.807737493]]]}},{"type":"Feature","properties":{"NOMBRE_DESTINO":"BERZOCANA","ID_DESTINO":"BERZOCANA","NOMBRE_GRAFO":"http://datos.segittur.es/berzocana","ID_GRAFO":"berzocana","F_ALTA_GRAFO":"2026-09-14 00:00:00","TRIPLETAS_GRAFO":null,"TRIPLETAS_GRAFO 09/07/2026":null,"TRIPLETAS_GRAFO 27/07/2026":null,"TRIPLETAS_GRAFO 30/07/2026":null,"TRIPLETAS_GRAFO 21/08/2026":null,"TRIPLETAS_GRAFO 10/09/2026":null,"TRIPLETAS_GRAFO 18/09/2026":69,"c_ine":"10029000000","join_status":"matched"},"geometry":{"type":"Polygon","coordinates":[[[-5.578199166,39.554595221],[-5.573100895,39.557530362],[-5.538189687,39.55299099],[-5.529216052,39.53324442],[-5.519560836,39.53179552],[-5.499585566,39.51082423],[-5.505165904,39.499225155],[-5.492029784,39.481215311],[-5.493306733,39.456163327],[-5.480157585,39.452825552],[-5.448102151,39.458574421],[-5.41752706,39.423722994],[-5.414598106,39.41913812],[-5.434626838,39.410113025],[-5.431024418,39.404064082],[-5.44637808,39.386574438],[-5.462278941,39.379454609],[-5.477877154,39.384054874],[-5.498420792,39.377513485],[-5.512543441,39.393325216],[-5.543287199,39.388780709],[-5.553948578,39.379969536],[-5.573782038,39.383849314],[-5.552439022,39.427609748],[-5.538482919,39.436387442],[-5.532978767,39.448273595],[-5.543657662,39.452022761],[-5.552672706,39.445388838],[-5.566041931,39.457226902],[-5.560650076,39.464142761],[-5.567507875,39.470569744],[-5.55884176,39.473004273],[-5.552671541,39.491504711],[-5.535366715,39.494519467],[-5.555266239,39.507622187],[-5.550256262,39.510952867],[-5.55676292,39.515545897],[-5.575790825,39.518945236],[-5.566632375,39.537638466],[-5.578199166,39.554595221]]]}},{"type":"Feature","properties":{"NOMBRE_DESTINO":"BOBORAS","ID_DESTINO":"BOBORAS","NOMBRE_GRAFO":"http://datos.segittur.es/boboras","ID_GRAFO":"boboras","F_ALTA_GRAFO":"2026-03-17 16:19:12.269000","TRIPLETAS_GRAFO":2922,"TRIPLETAS_GRAFO 09/07/2026":2922,"TRIPLETAS_GRAFO 27/07/2026":2922,"TRIPLETAS_GRAFO 30/07/2026":2922,"TRIPLETAS_GRAFO 21/08/2026":2922,"TRIPLETAS_GRAFO 10/09/2026":2922,"TRIPLETAS_GRAFO 18/09/2026":2922,"c_ine":"32013000000","join_status":"matched"},"geometry":{"type":"Polygon","coordinates":[[[-8.249022809,42.504708016],[-8.225812272,42.511749653],[-8.23209995,42.497885891],[-8.212595216,42.48718178],[-8.189075707,42.48019472],[-8.163586787,42.488200297],[-8.152209738,42.473220011],[-8.139126445,42.478580528],[-8.125472858,42.458415228],[-8.109514995,42.454160165],[-8.100135188,42.442272237],[-8.123114326,42.419574887],[-8.123208884,42.412098326],[-8.114996592,42.412403061],[-8.1169662,42.405562807],[-8.13894347,42.404693975],[-8.141115153,42.390560989],[-8.181730577,42.403995765],[-8.200998269,42.401671185],[-8.20258924,42.393748409],[-8.213660322,42.386509898],[-8.206754536,42.403119612],[-8.212842879,42.409297027],[-8.210333323,42.4165326],[-8.227570445,42.422326447],[-8.225700893,42.425995019],[-8.244036528,42.426271484],[-8.236549825,42.431935362],[-8.24329261,42.43511024],[-8.226725592,42.460608562],[-8.233914268,42.487719785],[-8.249022809,42.504708016]]]}},{"type":"Feature","properties":{"NOMBRE_DESTINO":"BOHONAL-DE-IBOR","ID_DESTINO":"BOHONAL-DE-IBOR","NOMBRE_GRAFO":"http://datos.segittur.es/bohonal-de-ibor","ID_GRAFO":"bohonal-de-ibor","F_ALTA_GRAFO":"2026-09-14 00:00:00","TRIPLETAS_GRAFO":null,"TRIPLETAS_GRAFO 09/07/2026":null,"TRIPLETAS_GRAFO 27/07/2026":null,"TRIPLETAS_GRAFO 30/07/2026":null,"TRIPLETAS_GRAFO 21/08/2026":null,"TRIPLETAS_GRAFO 10/09/2026":null,"TRIPLETAS_GRAFO 18/09/2026":129,"c_ine":"10030000000","join_status":"matched"},"geometry":{"type":"Polygon","coordinates":[[[-5.551775999,39.811719477],[-5.536276237,39.813002807],[-5.517768735,39.802728786],[-5.511232933,39.808348677],[-5.448684713,39.810381825],[-5.441066706,39.800416975],[-5.426779258,39.801969118],[-5.406063884,39.807778992],[-5.396483629,39.833606623],[-5.372694879,39.808187456],[-5.419176508,39.76131927],[-5.432564295,39.764948945],[-5.440608965,39.74649248],[-5.448329246,39.746014468],[-5.505021568,39.771153834],[-5.518283067,39.768911812],[-5.529975798,39.792070257],[-5.551775999,39.811719477]]]}},{"type":"Feature","properties":{"NOMBRE_DESTINO":"BOLLULLOS_DE_LA_MITACION","ID_DESTINO":"BOLLULLOS_DE_LA_MITACION","NOMBRE_GRAFO":"http://datos.segittur.es/bollullos_de_la_mitacion","ID_GRAFO":"bollullos_de_la_mitacion","F_ALTA_GRAFO":"2026-08-21 00:00:00","TRIPLETAS_GRAFO":null,"TRIPLETAS_GRAFO 09/07/2026":null,"TRIPLETAS_GRAFO 27/07/2026":null,"TRIPLETAS_GRAFO 30/07/2026":null,"TRIPLETAS_GRAFO 21/08/2026":470,"TRIPLETAS_GRAFO 10/09/2026":470,"TRIPLETAS_GRAFO 18/09/2026":470,"c_ine":"41016000000","join_status":"matched"},"geometry":{"type":"Polygon","coordinates":[[[-6.200279115,37.295787334],[-6.185034449,37.310695737],[-6.185016346,37.334873802],[-6.176211423,37.33785382],[-6.186490741,37.353219725],[-6.181049886,37.354398137],[-6.178409398,37.346793273],[-6.156741394,37.353412327],[-6.153725274,37.373000398],[-6.147292498,37.374782591],[-6.151968554,37.369143799],[-6.142592879,37.370746421],[-6.139431494,37.362953017],[-6.130228037,37.360411011],[-6.139931869,37.365543284],[-6.129595651,37.376839572],[-6.118461383,37.362596719],[-6.119930157,37.355242459],[-6.09449606,37.355988776],[-6.093521955,37.32769512],[-6.13114145,37.325839659],[-6.136716857,37.304153651],[-6.148671109,37.291507597],[-6.141706453,37.29192712],[-6.141661264,37.257810634],[-6.181432872,37.255773745],[-6.197561346,37.272709731],[-6.189443457,37.283770239],[-6.200279115,37.295787334]],[[-6.118060432,37.329555239],[-6.102620569,37.330547171],[-6.110514136,37.333439236],[-6.104206229,37.333433868],[-6.106019882,37.342126155],[-6.120066002,37.340395656],[-6.118060432,37.329555239]]]}},{"type":"Feature","properties":{"NOMBRE_DESTINO":"BOLULLA","ID_DESTINO":"BOLULLA","NOMBRE_GRAFO":"http://datos.segittur.es/bolulla","ID_GRAFO":"bolulla","F_ALTA_GRAFO":"2026-07-10 00:00:00","TRIPLETAS_GRAFO":null,"TRIPLETAS_GRAFO 09/07/2026":null,"TRIPLETAS_GRAFO 27/07/2026":null,"TRIPLETAS_GRAFO 30/07/2026":null,"TRIPLETAS_GRAFO 21/08/2026":null,"TRIPLETAS_GRAFO 10/09/2026":60,"TRIPLETAS_GRAFO 18/09/2026":60,"c_ine":"03045000000","join_status":"matched"},"geometry":{"type":"Polygon","coordinates":[[[-0.149526676,38.704200862],[-0.130018444,38.707282033],[-0.090052229,38.674940647],[-0.109545855,38.660342916],[-0.145829258,38.683271882],[-0.149526676,38.704200862]]]}},{"type":"Feature","properties":{"NOMBRE_DESTINO":"BOTIJA","ID_DESTINO":"BOTIJA","NOMBRE_GRAFO":"http://datos.segittur.es/botija","ID_GRAFO":"botija","F_ALTA_GRAFO":"2026-09-14 00:00:00","TRIPLETAS_GRAFO":null,"TRIPLETAS_GRAFO 09/07/2026":null,"TRIPLETAS_GRAFO 27/07/2026":null,"TRIPLETAS_GRAFO 30/07/2026":null,"TRIPLETAS_GRAFO 21/08/2026":null,"TRIPLETAS_GRAFO 10/09/2026":null,"TRIPLETAS_GRAFO 18/09/2026":45,"c_ine":"10031000000","join_status":"matched"},"geometry":{"type":"Polygon","coordinates":[[[-6.121540065,39.324002816],[-6.102977865,39.343542725],[-6.106629565,39.364686366],[-6.093553546,39.368422016],[-6.04609756,39.339281172],[-6.06632932,39.320719743],[-6.071577869,39.327214094],[-6.121540065,39.324002816]]]}},{"type":"Feature","properties":{"NOMBRE_DESTINO":"BROZAS","ID_DESTINO":"BROZAS","NOMBRE_GRAFO":"http://datos.segittur.es/brozas","ID_GRAFO":"brozas","F_ALTA_GRAFO":"2026-09-15 00:00:00","TRIPLETAS_GRAFO":null,"TRIPLETAS_GRAFO 09/07/2026":null,"TRIPLETAS_GRAFO 27/07/2026":null,"TRIPLETAS_GRAFO 30/07/2026":null,"TRIPLETAS_GRAFO 21/08/2026":null,"TRIPLETAS_GRAFO 10/09/2026":null,"TRIPLETAS_GRAFO 18/09/2026":111,"c_ine":"10032000000","join_status":"matched"},"geometry":{"type":"Polygon","coordinates":[[[-6.942468598,39.513294826],[-6.919930313,39.515084804],[-6.857382034,39.549063148],[-6.858378555,39.588613411],[-6.852273418,39.609287881],[-6.813685077,39.617335664],[-6.795851067,39.638104107],[-6.759954597,39.657106359],[-6.748365521,39.675071352],[-6.755735593,39.685244427],[-6.748363605,39.699362084],[-6.755816432,39.704993124],[-6.693200848,39.708491004],[-6.697435594,39.61550611],[-6.623870419,39.573540262],[-6.631787754,39.536166167],[-6.660809498,39.49323716],[-6.681650199,39.484381928],[-6.687639196,39.472789067],[-6.725509805,39.466851692],[-6.759983991,39.443502757],[-6.783355582,39.439636455],[-6.806440358,39.447177418],[-6.839817909,39.466857022],[-6.865877297,39.471180181],[-6.881734148,39.484025907],[-6.919482727,39.497005976],[-6.942468598,39.513294826]]]}},{"type":"Feature","properties":{"NOMBRE_DESTINO":"BULLAS","ID_DESTINO":"BULLAS","NOMBRE_GRAFO":"http://datos.segittur.es/bullas","ID_GRAFO":"bullas","F_ALTA_GRAFO":"2026-06-08 00:00:00","TRIPLETAS_GRAFO":"Sin datos","TRIPLETAS_GRAFO 09/07/2026":"Sin datos","TRIPLETAS_GRAFO 27/07/2026":85,"TRIPLETAS_GRAFO 30/07/2026":118,"TRIPLETAS_GRAFO 21/08/2026":118,"TRIPLETAS_GRAFO 10/09/2026":118,"TRIPLETAS_GRAFO 18/09/2026":148,"c_ine":"30012000000","join_status":"matched"},"geometry":{"type":"Polygon","coordinates":[[[-1.714285878,37.964889991],[-1.708162669,37.977875262],[-1.710773481,37.99167904],[-1.704670941,37.994152829],[-1.716188608,38.002720914],[-1.721367959,38.017241879],[-1.721029723,38.056871039],[-1.666497828,38.095489187],[-1.625725311,38.089450029],[-1.615137958,38.055890545],[-1.624389815,38.038451369],[-1.671920031,37.987215359],[-1.714285878,37.964889991]]]}},{"type":"Feature","properties":{"NOMBRE_DESTINO":"BUNOL","ID_DESTINO":"BUNOL","NOMBRE_GRAFO":"http://datos.segittur.es/bunol","ID_GRAFO":"bunol","F_ALTA_GRAFO":"2026-02-20 08:10:16.532000","TRIPLETAS_GRAFO":2984,"TRIPLETAS_GRAFO 09/07/2026":2984,"TRIPLETAS_GRAFO 27/07/2026":2984,"TRIPLETAS_GRAFO 30/07/2026":2984,"TRIPLETAS_GRAFO 21/08/2026":2984,"TRIPLETAS_GRAFO 10/09/2026":2984,"TRIPLETAS_GRAFO 18/09/2026":2984,"c_ine":"46077000000","join_status":"matched"},"geometry":{"type":"Polygon","coordinates":[[[-0.977388835,39.42805028],[-0.935791369,39.422399816],[-0.906526198,39.426786518],[-0.880914871,39.438899474],[-0.853762849,39.488435997],[-0.80968306,39.475657285],[-0.747316451,39.445841942],[-0.733705938,39.423478357],[-0.784242013,39.400113114],[-0.815267255,39.409397787],[-0.846311399,39.407862858],[-0.883283892,39.387040441],[-0.941456996,39.402578397],[-0.95297995,39.382557202],[-0.975748845,39.397192526],[-0.977388835,39.42805028]]]}},{"type":"Feature","properties":{"NOMBRE_DESTINO":"BURGOS","ID_DESTINO":"BURGOS","NOMBRE_GRAFO":"http://datos.segittur.es/burgos","ID_GRAFO":"burgos","F_ALTA_GRAFO":"2026-03-23 17:13:09.104000","TRIPLETAS_GRAFO":1860,"TRIPLETAS_GRAFO 09/07/2026":7361,"TRIPLETAS_GRAFO 27/07/2026":1875,"TRIPLETAS_GRAFO 30/07/2026":1875,"TRIPLETAS_GRAFO 21/08/2026":1875,"TRIPLETAS_GRAFO 10/09/2026":4200,"TRIPLETAS_GRAFO 18/09/2026":4845,"c_ine":"09059000000","join_status":"matched"},"geometry":{"type":"Polygon","coordinates":[[[-3.792440236,42.355496024],[-3.781555592,42.363928292],[-3.78880579,42.366850673],[-3.765116488,42.373288289],[-3.763365083,42.369076123],[-3.731247152,42.381137222],[-3.727768614,42.375494535],[-3.709897952,42.377362622],[-3.684482822,42.398257804],[-3.667783864,42.401346132],[-3.656023892,42.384077388],[-3.634647491,42.380874296],[-3.598123259,42.402990997],[-3.585382781,42.401093345],[-3.585466248,42.393068561],[-3.601196732,42.381225407],[-3.586026177,42.372252733],[-3.598415444,42.369748203],[-3.606727204,42.357564405],[-3.593637989,42.348617705],[-3.608017276,42.340585592],[-3.639435304,42.336672932],[-3.631819549,42.320423],[-3.649252593,42.309185177],[-3.656109812,42.314027542],[-3.661682818,42.307376052],[-3.676010798,42.30837335],[-3.690105649,42.293519417],[-3.688199708,42.285578405],[-3.702804304,42.285679076],[-3.70409128,42.308690932],[-3.744516268,42.317622142],[-3.761395827,42.33570372],[-3.755616831,42.354906852],[-3.767684891,42.350783027],[-3.792440236,42.355496024]]]}},{"type":"Feature","properties":{"NOMBRE_DESTINO":"CABANAS-DEL-CASTILLO","ID_DESTINO":"CABANAS-DEL-CASTILLO","NOMBRE_GRAFO":"http://datos.segittur.es/cabanas-del-castillo","ID_GRAFO":"cabanas-del-castillo","F_ALTA_GRAFO":"2026-09-15 00:00:00","TRIPLETAS_GRAFO":null,"TRIPLETAS_GRAFO 09/07/2026":null,"TRIPLETAS_GRAFO 27/07/2026":null,"TRIPLETAS_GRAFO 30/07/2026":null,"TRIPLETAS_GRAFO 21/08/2026":null,"TRIPLETAS_GRAFO 10/09/2026":null,"TRIPLETAS_GRAFO 18/09/2026":104,"c_ine":"10033000000","join_status":"matched"},"geometry":{"type":"Polygon","coordinates":[[[-5.592593338,39.573988279],[-5.58759248,39.5828742],[-5.590014211,39.59944107],[-5.572085929,39.611217443],[-5.531513662,39.581326506],[-5.492498116,39.593584444],[-5.474802142,39.587458562],[-5.445400389,39.594333443],[-5.422828366,39.562104321],[-5.486680905,39.519449737],[-5.473186401,39.511863965],[-5.42712555,39.446240461],[-5.439527468,39.445971743],[-5.448102151,39.458574421],[-5.492928051,39.455865324],[-5.488884236,39.467051874],[-5.492124619,39.481439132],[-5.504269589,39.493991821],[-5.498449358,39.505621063],[-5.503023422,39.515621876],[-5.519560836,39.53179552],[-5.529216052,39.53324442],[-5.538234665,39.553021268],[-5.579746465,39.55495984],[-5.592593338,39.573988279]]]}},{"type":"Feature","properties":{"NOMBRE_DESTINO":"CABEZABELLOSA","ID_DESTINO":"CABEZABELLOSA","NOMBRE_GRAFO":"http://datos.segittur.es/cabezabellosa","ID_GRAFO":"cabezabellosa","F_ALTA_GRAFO":"2026-09-15 00:00:00","TRIPLETAS_GRAFO":null,"TRIPLETAS_GRAFO 09/07/2026":null,"TRIPLETAS_GRAFO 27/07/2026":null,"TRIPLETAS_GRAFO 30/07/2026":null,"TRIPLETAS_GRAFO 21/08/2026":null,"TRIPLETAS_GRAFO 10/09/2026":null,"TRIPLETAS_GRAFO 18/09/2026":64,"c_ine":"10034000000","join_status":"matched"},"geometry":{"type":"Polygon","coordinates":[[[-6.036986161,40.11172612],[-6.015997134,40.130262534],[-6.008225522,40.152784829],[-6.022377302,40.159288554],[-6.026698678,40.164595052],[-6.022837155,40.169859164],[-5.965651174,40.147506974],[-5.967000087,40.141059395],[-5.955532275,40.127124496],[-5.971931834,40.109012098],[-5.989334187,40.103198976],[-6.000053149,40.107393823],[-5.993551091,40.088820679],[-6.001597504,40.08490684],[-6.032859977,40.095702346],[-6.028293594,40.105657827],[-6.036986161,40.11172612]]]}},{"type":"Feature","properties":{"NOMBRE_DESTINO":"CABEZUELA-DEL-VALLE","ID_DESTINO":"CABEZUELA-DEL-VALLE","NOMBRE_GRAFO":"http://datos.segittur.es/cabezuela-del-valle","ID_GRAFO":"cabezuela-del-valle","F_ALTA_GRAFO":"2026-06-02 00:00:00","TRIPLETAS_GRAFO":null,"TRIPLETAS_GRAFO 09/07/2026":null,"TRIPLETAS_GRAFO 27/07/2026":null,"TRIPLETAS_GRAFO 30/07/2026":null,"TRIPLETAS_GRAFO 21/08/2026":null,"TRIPLETAS_GRAFO 10/09/2026":null,"TRIPLETAS_GRAFO 18/09/2026":463,"c_ine":"10035000000","join_status":"matched"},"geometry":{"type":"Polygon","coordinates":[[[-5.884931608,40.211968764],[-5.870122668,40.226028435],[-5.83169553,40.237298201],[-5.820265331,40.248755741],[-5.800348667,40.248681282],[-5.778123584,40.21891611],[-5.781348025,40.205255295],[-5.767642214,40.198720301],[-5.756396091,40.20151094],[-5.73403054,40.170578187],[-5.756867821,40.170261457],[-5.797828367,40.155514569],[-5.824129202,40.192698132],[-5.884931608,40.211968764]]]}},{"type":"Feature","properties":{"NOMBRE_DESTINO":"CABRERO","ID_DESTINO":"CABRERO","NOMBRE_GRAFO":"http://datos.segittur.es/cabrero","ID_GRAFO":"cabrero","F_ALTA_GRAFO":"2026-06-02 00:00:00","TRIPLETAS_GRAFO":null,"TRIPLETAS_GRAFO 09/07/2026":null,"TRIPLETAS_GRAFO 27/07/2026":null,"TRIPLETAS_GRAFO 30/07/2026":null,"TRIPLETAS_GRAFO 21/08/2026":null,"TRIPLETAS_GRAFO 10/09/2026":null,"TRIPLETAS_GRAFO 18/09/2026":26,"c_ine":"10036000000","join_status":"matched"},"geometry":{"type":"Polygon","coordinates":[[[-5.910072875,40.132569349],[-5.892988581,40.133448082],[-5.876333199,40.124756689],[-5.873682259,40.105564477],[-5.878383272,40.099376587],[-5.89367249,40.099788045],[-5.894546697,40.110719312],[-5.910072875,40.132569349]]]}},{"type":"Feature","properties":{"NOMBRE_DESTINO":"CACERES","ID_DESTINO":"CACERES","NOMBRE_GRAFO":"http://datos.segittur.es/caceres","ID_GRAFO":"caceres","F_ALTA_GRAFO":"2025-06-12 00:00:00","TRIPLETAS_GRAFO":null,"TRIPLETAS_GRAFO 09/07/2026":null,"TRIPLETAS_GRAFO 27/07/2026":null,"TRIPLETAS_GRAFO 30/07/2026":null,"TRIPLETAS_GRAFO 21/08/2026":null,"TRIPLETAS_GRAFO 10/09/2026":null,"TRIPLETAS_GRAFO 18/09/2026":672,"c_ine":"10037000000","join_status":"matched"},"geometry":{"type":"Polygon","coordinates":[[[-6.802069756,39.38949703],[-6.795373297,39.397002482],[-6.797148359,39.407032111],[-6.760662238,39.438193772],[-6.763778364,39.443641059],[-6.725509805,39.466851692],[-6.687639196,39.472789067],[-6.682218255,39.483913568],[-6.660809498,39.49323716],[-6.648854792,39.509141495],[-6.643113438,39.505412739],[-6.649105035,39.492605775],[-6.637464947,39.492313455],[-6.637273041,39.483510558],[-6.627090564,39.480820659],[-6.628250528,39.470498326],[-6.618190042,39.4506182],[-6.579002067,39.44969752],[-6.578679192,39.457904027],[-6.549036412,39.465632043],[-6.542061251,39.478166911],[-6.521912548,39.466295554],[-6.546817907,39.429742722],[-6.536074176,39.424918026],[-6.510422239,39.427983812],[-6.504737573,39.416067494],[-6.477202869,39.408797066],[-6.469844485,39.432958943],[-6.456587067,39.449540616],[-6.476630848,39.461723969],[-6.481247317,39.487644079],[-6.445545355,39.512983852],[-6.493781517,39.537095971],[-6.549754117,39.549340941],[-6.557294719,39.576437534],[-6.536538911,39.58415146],[-6.534442099,39.571533356],[-6.505566193,39.565050319],[-6.486520837,39.57350532],[-6.467093265,39.566224029],[-6.467069115,39.555235914],[-6.453323752,39.538991148],[-6.421099472,39.532829459],[-6.399426778,39.539221825],[-6.382261898,39.553225303],[-6.389928848,39.589724757],[-6.420184037,39.59749309],[-6.429101761,39.622702435],[-6.441379035,39.620141156],[-6.444873679,39.625784048],[-6.465733274,39.627387557],[-6.436995917,39.648742891],[-6.420555241,39.634330879],[-6.4188891,39.622742619],[-6.374275631,39.601332031],[-6.316401757,39.589542898],[-6.285743451,39.595098595],[-6.273715481,39.58396271],[-6.241344195,39.582772129],[-6.242720891,39.57585183],[-6.190262915,39.567288189],[-6.189369784,39.560502829],[-6.168604535,39.546613616],[-6.156533895,39.546500871],[-6.15426006,39.53868976],[-6.136685601,39.539039521],[-6.138465183,39.527677523],[-6.145788509,39.525254502],[-6.137819256,39.524443113],[-6.127626216,39.508296484],[-6.117086701,39.506129546],[-6.109232138,39.483585861],[-6.097565826,39.482122845],[-6.098399135,39.476020238],[-6.088763173,39.469187444],[-6.098306743,39.463204318],[-6.093420001,39.454416553],[-6.081374707,39.453988852],[-6.089461684,39.448990908],[-6.091733671,39.43731914],[-6.08343871,39.433620975],[-6.088756124,39.422778237],[-6.081650424,39.425993532],[-6.078739971,39.421620665],[-6.084674816,39.404239899],[-6.091953473,39.403677218],[-6.084471834,39.398317963],[-6.094925078,39.395256674],[-6.085335756,39.386836744],[-6.091954069,39.383454051],[-6.083787521,39.384103319],[-6.080045862,39.375833949],[-6.088558032,39.364618256],[-6.149350861,39.364528037],[-6.199999974,39.347903612],[-6.209487034,39.349353658],[-6.194566176,39.376824561],[-6.202961084,39.385016039],[-6.237011254,39.378325893],[-6.232943949,39.401841625],[-6.259891815,39.404818283],[-6.280892989,39.387661996],[-6.271473604,39.375631709],[-6.276139268,39.363970233],[-6.259786846,39.365925184],[-6.260291658,39.353083756],[-6.281778281,39.353551213],[-6.287147698,39.326033521],[-6.302782574,39.320383931],[-6.297626886,39.31506243],[-6.310756275,39.314869554],[-6.314628224,39.322208789],[-6.327407971,39.319997202],[-6.322012665,39.296667881],[-6.355472578,39.293320311],[-6.365959392,39.279442521],[-6.342698118,39.27920348],[-6.322855884,39.270628924],[-6.30588276,39.277868472],[-6.296303134,39.267357748],[-6.299292441,39.252779131],[-6.291451315,39.25010965],[-6.319070513,39.200726917],[-6.319483755,39.18394967],[-6.348529005,39.181200969],[-6.371694637,39.162350803],[-6.415099749,39.165773494],[-6.438686853,39.175843592],[-6.491124423,39.167923522],[-6.540357228,39.181695271],[-6.536025059,39.163388608],[-6.541857875,39.155347732],[-6.574165733,39.158346523],[-6.574101463,39.167693185],[-6.58439999,39.17111455],[-6.580096341,39.179795035],[-6.633365918,39.196843195],[-6.645258458,39.193345775],[-6.65973534,39.199070363],[-6.681001421,39.177151664],[-6.750639739,39.194041272],[-6.767502223,39.188371524],[-6.792933638,39.211864203],[-6.800858959,39.239418994],[-6.761175035,39.276610793],[-6.746745557,39.321751359],[-6.797006254,39.344511287],[-6.790977287,39.368360123],[-6.802069756,39.38949703]],[[-6.72040685,39.35074422],[-6.678490702,39.366399602],[-6.654116555,39.368501539],[-6.633932246,39.385176198],[-6.647356694,39.393546627],[-6.64753671,39.407015665],[-6.660045942,39.415755508],[-6.639903885,39.425656619],[-6.648687893,39.428848821],[-6.649828065,39.43600068],[-6.658623982,39.43273364],[-6.673949738,39.445211113],[-6.683456399,39.455637389],[-6.680652964,39.461301596],[-6.700547954,39.462443765],[-6.705102194,39.44798651],[-6.739505575,39.440705234],[-6.758920071,39.411427684],[-6.757531852,39.404825503],[-6.768857594,39.403215707],[-6.746185647,39.403246407],[-6.730580033,39.379042402],[-6.737938242,39.372744261],[-6.734506568,39.362145277],[-6.72040685,39.35074422]],[[-6.260760658,39.416729312],[-6.253887167,39.425245188],[-6.239060145,39.419083595],[-6.231942629,39.448250996],[-6.283000043,39.459745997],[-6.299079286,39.444923254],[-6.289713682,39.42046239],[-6.260760658,39.416729312]]]}},{"type":"Feature","properties":{"NOMBRE_DESTINO":"CACHORRILLA","ID_DESTINO":"CACHORRILLA","NOMBRE_GRAFO":"http://datos.segittur.es/cachorrilla","ID_GRAFO":"cachorrilla","F_ALTA_GRAFO":"2026-09-15 00:00:00","TRIPLETAS_GRAFO":null,"TRIPLETAS_GRAFO 09/07/2026":null,"TRIPLETAS_GRAFO 27/07/2026":null,"TRIPLETAS_GRAFO 30/07/2026":null,"TRIPLETAS_GRAFO 21/08/2026":null,"TRIPLETAS_GRAFO 10/09/2026":null,"TRIPLETAS_GRAFO 18/09/2026":87,"c_ine":"10038000000","join_status":"matched"},"geometry":{"type":"MultiPolygon","coordinates":[[[[-6.722965968,39.903884415],[-6.662180821,39.935715844],[-6.655110163,39.91102652],[-6.64002894,39.902530728],[-6.622953756,39.881197457],[-6.627997757,39.868664078],[-6.648639153,39.854991841],[-6.722965968,39.903884415]]],[[[-6.735789278,39.930239259],[-6.714493959,39.927789959],[-6.691460616,39.930192696],[-6.712105819,39.918886878],[-6.733768021,39.917379913],[-6.735789278,39.930239259]]]]}},{"type":"Feature","properties":{"NOMBRE_DESTINO":"CAMINOMORISCO","ID_DESTINO":"CAMINOMORISCO","NOMBRE_GRAFO":"http://datos.segittur.es/caminomorisco","ID_GRAFO":"caminomorisco","F_ALTA_GRAFO":"2026-09-09 00:00:00","TRIPLETAS_GRAFO":null,"TRIPLETAS_GRAFO 09/07/2026":null,"TRIPLETAS_GRAFO 27/07/2026":null,"TRIPLETAS_GRAFO 30/07/2026":null,"TRIPLETAS_GRAFO 21/08/2026":null,"TRIPLETAS_GRAFO 10/09/2026":null,"TRIPLETAS_GRAFO 18/09/2026":125,"c_ine":"10041000000","join_status":"matched"},"geometry":{"type":"Polygon","coordinates":[[[-6.325389169,40.29963149],[-6.307825257,40.317671671],[-6.323716525,40.333139398],[-6.32154815,40.353214527],[-6.300020356,40.377419968],[-6.288194347,40.379315397],[-6.258474001,40.369664841],[-6.235094414,40.376203387],[-6.20432526,40.372557597],[-6.19504137,40.365744386],[-6.156152389,40.401877107],[-6.117842664,40.41595322],[-6.097923076,40.41317617],[-6.064449543,40.396026428],[-6.083425199,40.391591359],[-6.071104752,40.386608657],[-6.08672645,40.376798415],[-6.08127458,40.363835867],[-6.105291479,40.357939356],[-6.108491209,40.346740985],[-6.119927521,40.34686511],[-6.128099469,40.318398287],[-6.137473518,40.328970565],[-6.182991927,40.332157152],[-6.202146494,40.320594523],[-6.201110459,40.315606399],[-6.213594865,40.31784487],[-6.227809545,40.304280705],[-6.266132386,40.302465398],[-6.27420473,40.307379828],[-6.29195479,40.30005743],[-6.307550021,40.30601587],[-6.315857121,40.297392543],[-6.325389169,40.29963149]]]}},{"type":"Feature","properties":{"NOMBRE_DESTINO":"CAMPEZOKANPEZU","ID_DESTINO":"CAMPEZOKANPEZU","NOMBRE_GRAFO":"http://datos.segittur.es/campezokanpezu","ID_GRAFO":"campezokanpezu","F_ALTA_GRAFO":"2026-08-05 00:00:00","TRIPLETAS_GRAFO":null,"TRIPLETAS_GRAFO 09/07/2026":null,"TRIPLETAS_GRAFO 27/07/2026":null,"TRIPLETAS_GRAFO 30/07/2026":null,"TRIPLETAS_GRAFO 21/08/2026":null,"TRIPLETAS_GRAFO 10/09/2026":2510,"TRIPLETAS_GRAFO 18/09/2026":2510,"c_ine":"01017000000","join_status":"matched"},"geometry":{"type":"Polygon","coordinates":[[[-2.428620985,42.67871202],[-2.416752638,42.697446679],[-2.424922555,42.710420133],[-2.414192751,42.712571933],[-2.407606427,42.730927244],[-2.378780936,42.731818738],[-2.368198525,42.739370343],[-2.345574063,42.716008761],[-2.340148232,42.734727042],[-2.316849744,42.73934504],[-2.324157786,42.722314067],[-2.312851831,42.708684316],[-2.316863806,42.682502165],[-2.30929989,42.671154686],[-2.293577594,42.677938886],[-2.288480843,42.655069069],[-2.33218128,42.646182989],[-2.344893182,42.634513179],[-2.381948959,42.634296332],[-2.372124531,42.643383513],[-2.381660788,42.647370988],[-2.376259721,42.650709741],[-2.394595642,42.660813633],[-2.417298242,42.661354983],[-2.426130902,42.666821114],[-2.421942197,42.668466023],[-2.428620985,42.67871202]]]}},{"type":"Feature","properties":{"NOMBRE_DESTINO":"CAMPILLO-DE-DELEITOSA","ID_DESTINO":"CAMPILLO-DE-DELEITOSA","NOMBRE_GRAFO":"http://datos.segittur.es/campillo-de-deleitosa","ID_GRAFO":"campillo-de-deleitosa","F_ALTA_GRAFO":"2026-09-15 00:00:00","TRIPLETAS_GRAFO":null,"TRIPLETAS_GRAFO 09/07/2026":null,"TRIPLETAS_GRAFO 27/07/2026":null,"TRIPLETAS_GRAFO 30/07/2026":null,"TRIPLETAS_GRAFO 21/08/2026":null,"TRIPLETAS_GRAFO 10/09/2026":null,"TRIPLETAS_GRAFO 18/09/2026":15,"c_ine":"10042000000","join_status":"matched"},"geometry":{"type":"Polygon","coordinates":[[[-5.624852306,39.722832008],[-5.612929581,39.733019361],[-5.599854486,39.730024943],[-5.591022623,39.745915169],[-5.577466909,39.749793393],[-5.560745631,39.739673343],[-5.56746573,39.73156582],[-5.560825183,39.728046123],[-5.574712369,39.727837896],[-5.570904788,39.7157879],[-5.551382691,39.701345714],[-5.549308341,39.689662179],[-5.558528085,39.677883304],[-5.550367737,39.666802196],[-5.624852306,39.722832008]]]}},{"type":"Feature","properties":{"NOMBRE_DESTINO":"CAMPO-LUGAR","ID_DESTINO":"CAMPO-LUGAR","NOMBRE_GRAFO":"http://datos.segittur.es/campo-lugar","ID_GRAFO":"campo-lugar","F_ALTA_GRAFO":"2026-09-15 00:00:00","TRIPLETAS_GRAFO":null,"TRIPLETAS_GRAFO 09/07/2026":null,"TRIPLETAS_GRAFO 27/07/2026":null,"TRIPLETAS_GRAFO 30/07/2026":null,"TRIPLETAS_GRAFO 21/08/2026":null,"TRIPLETAS_GRAFO 10/09/2026":null,"TRIPLETAS_GRAFO 18/09/2026":69,"c_ine":"10043000000","join_status":"matched"},"geometry":{"type":"Polygon","coordinates":[[[-5.815814665,39.19298981],[-5.780964416,39.220781951],[-5.728129435,39.210040857],[-5.734501661,39.205945462],[-5.72690458,39.152618924],[-5.714098905,39.135233137],[-5.7062803,39.144928612],[-5.695909253,39.134493256],[-5.72660411,39.112157178],[-5.759885415,39.134382804],[-5.810366684,39.144581408],[-5.809417322,39.151252893],[-5.825060184,39.157036668],[-5.815814665,39.19298981]]]}},{"type":"Feature","properties":{"NOMBRE_DESTINO":"CAMPOS DEL RIO","ID_DESTINO":"CAMPOS_DEL_RIO","NOMBRE_GRAFO":"http://datos.segittur.es/campos_del_rio","ID_GRAFO":"campos del rio","F_ALTA_GRAFO":"2026-06-08 00:00:00","TRIPLETAS_GRAFO":"Sin datos","TRIPLETAS_GRAFO 09/07/2026":"Sin datos","TRIPLETAS_GRAFO 27/07/2026":88,"TRIPLETAS_GRAFO 30/07/2026":121,"TRIPLETAS_GRAFO 21/08/2026":121,"TRIPLETAS_GRAFO 10/09/2026":121,"TRIPLETAS_GRAFO 18/09/2026":121,"c_ine":"30014000000","join_status":"matched"},"geometry":{"type":"Polygon","coordinates":[[[-1.440134994,38.109540077],[-1.433366108,38.112947227],[-1.399358447,38.101709829],[-1.38450772,38.074851658],[-1.332950122,38.059501162],[-1.319543079,38.060907469],[-1.300505546,38.035279886],[-1.312494608,38.024155395],[-1.318391325,38.029272282],[-1.350172049,38.017880818],[-1.360634051,37.994189646],[-1.389512215,37.989104723],[-1.398338996,38.000153563],[-1.354511581,38.023511044],[-1.358739098,38.037250327],[-1.368894271,38.045349256],[-1.367213757,38.05174244],[-1.389091525,38.050602176],[-1.440134994,38.109540077]]]}},{"type":"Feature","properties":{"NOMBRE_DESTINO":"CANADA","ID_DESTINO":"CANADA","NOMBRE_GRAFO":"http://datos.segittur.es/canada","ID_GRAFO":"canada","F_ALTA_GRAFO":"2026-07-10 00:00:00","TRIPLETAS_GRAFO":null,"TRIPLETAS_GRAFO 09/07/2026":null,"TRIPLETAS_GRAFO 27/07/2026":null,"TRIPLETAS_GRAFO 30/07/2026":null,"TRIPLETAS_GRAFO 21/08/2026":null,"TRIPLETAS_GRAFO 10/09/2026":30,"TRIPLETAS_GRAFO 18/09/2026":30,"c_ine":"03052000000","join_status":"matched"},"geometry":{"type":"Polygon","coordinates":[[[-0.842657371,38.732246356],[-0.81674876,38.70665318],[-0.807780193,38.684419042],[-0.794282733,38.671370442],[-0.805464136,38.664661033],[-0.796998388,38.661897773],[-0.811600507,38.63939392],[-0.847419875,38.714619927],[-0.842657371,38.732246356]]]}},{"type":"Feature","properties":{"NOMBRE_DESTINO":"CANAMERO","ID_DESTINO":"CANAMERO","NOMBRE_GRAFO":"http://datos.segittur.es/canamero","ID_GRAFO":"canamero","F_ALTA_GRAFO":"2026-09-15 00:00:00","TRIPLETAS_GRAFO":null,"TRIPLETAS_GRAFO 09/07/2026":null,"TRIPLETAS_GRAFO 27/07/2026":null,"TRIPLETAS_GRAFO 30/07/2026":null,"TRIPLETAS_GRAFO 21/08/2026":null,"TRIPLETAS_GRAFO 10/09/2026":null,"TRIPLETAS_GRAFO 18/09/2026":272,"c_ine":"10044000000","join_status":"matched"},"geometry":{"type":"Polygon","coordinates":[[[-5.471742438,39.381196756],[-5.44637808,39.386574438],[-5.431024418,39.404064082],[-5.434626838,39.410113025],[-5.414598106,39.41913812],[-5.433239628,39.443326556],[-5.392974554,39.471326789],[-5.378077507,39.460551263],[-5.382847869,39.444011968],[-5.375276045,39.431824324],[-5.350587185,39.427280792],[-5.345424678,39.417790201],[-5.328698177,39.412189213],[-5.334146167,39.362060444],[-5.329621847,39.346754161],[-5.303191,39.319594363],[-5.339904394,39.333553807],[-5.35423742,39.27183253],[-5.376569054,39.290226475],[-5.431023927,39.301571004],[-5.425229043,39.315088633],[-5.436403404,39.320260832],[-5.433982467,39.335068583],[-5.454086745,39.356268442],[-5.459679938,39.373123579],[-5.471742438,39.381196756]]]}},{"type":"Feature","properties":{"NOMBRE_DESTINO":"CARMONA","ID_DESTINO":"CARMONA","NOMBRE_GRAFO":"http://datos.segittur.es/carmona","ID_GRAFO":"carmona","F_ALTA_GRAFO":"2026-08-21 00:00:00","TRIPLETAS_GRAFO":null,"TRIPLETAS_GRAFO 09/07/2026":null,"TRIPLETAS_GRAFO 27/07/2026":null,"TRIPLETAS_GRAFO 30/07/2026":null,"TRIPLETAS_GRAFO 21/08/2026":2295,"TRIPLETAS_GRAFO 10/09/2026":2295,"TRIPLETAS_GRAFO 18/09/2026":2295,"c_ine":"41024000000","join_status":"matched"},"geometry":{"type":"Polygon","coordinates":[[[-5.869392842,37.527207279],[-5.850696301,37.549026081],[-5.819035185,37.5650524],[-5.779535816,37.574023291],[-5.772604032,37.565655511],[-5.716279017,37.577085793],[-5.683765294,37.57573239],[-5.673916753,37.584241114],[-5.64973153,37.586283229],[-5.659085812,37.601954892],[-5.653712154,37.610917861],[-5.623342997,37.607112809],[-5.602015414,37.621008242],[-5.592614504,37.606024632],[-5.532401347,37.59619413],[-5.508839185,37.581498109],[-5.495986662,37.582373416],[-5.475789025,37.551617833],[-5.457063311,37.500662772],[-5.466496301,37.484049833],[-5.429706682,37.487502727],[-5.419849382,37.482664704],[-5.410791065,37.45574186],[-5.411741382,37.43601326],[-5.398092655,37.412908909],[-5.452859224,37.393262906],[-5.475973687,37.400629783],[-5.508498632,37.389792781],[-5.521496931,37.352063726],[-5.566936705,37.321980796],[-5.564187785,37.305013485],[-5.579049974,37.280895775],[-5.642296836,37.257183384],[-5.65069358,37.247394467],[-5.670276284,37.262301675],[-5.713951722,37.279332368],[-5.733321999,37.297191853],[-5.702977869,37.305390065],[-5.694800268,37.326956323],[-5.673530135,37.345891359],[-5.690921425,37.358907935],[-5.668923735,37.376312276],[-5.720926205,37.410542579],[-5.753613172,37.39694321],[-5.819211544,37.385492988],[-5.817561726,37.424779725],[-5.84012362,37.498941617],[-5.869392842,37.527207279]]]}},{"type":"Feature","properties":{"NOMBRE_DESTINO":"CASAR-DE-CACERES","ID_DESTINO":"CASAR-DE-CACERES","NOMBRE_GRAFO":"http://datos.segittur.es/casar-de-caceres","ID_GRAFO":"casar-de-caceres","F_ALTA_GRAFO":"2026-09-11 00:00:00","TRIPLETAS_GRAFO":null,"TRIPLETAS_GRAFO 09/07/2026":null,"TRIPLETAS_GRAFO 27/07/2026":null,"TRIPLETAS_GRAFO 30/07/2026":null,"TRIPLETAS_GRAFO 21/08/2026":null,"TRIPLETAS_GRAFO 10/09/2026":null,"TRIPLETAS_GRAFO 18/09/2026":215,"c_ine":"10049000000","join_status":"matched"},"geometry":{"type":"MultiPolygon","coordinates":[[[[-6.528406213,39.54386694],[-6.493781517,39.537095971],[-6.445545355,39.512983852],[-6.466992359,39.493889331],[-6.479443092,39.492021696],[-6.481105471,39.4717593],[-6.474783938,39.460103857],[-6.487383162,39.459239851],[-6.507835282,39.476377445],[-6.505426659,39.490429551],[-6.52968266,39.511222097],[-6.526391871,39.515357321],[-6.535179297,39.532230769],[-6.528406213,39.54386694]]],[[[-6.569590341,39.610736946],[-6.560669525,39.617757298],[-6.531162372,39.611885853],[-6.498457328,39.623793263],[-6.465733274,39.627387557],[-6.444873679,39.625784048],[-6.441379035,39.620141156],[-6.430076781,39.623105961],[-6.420184037,39.59749309],[-6.389928848,39.589724757],[-6.382261898,39.553225303],[-6.399426778,39.539221825],[-6.420450779,39.532884603],[-6.453323752,39.538991148],[-6.467069115,39.555235914],[-6.467093265,39.566224029],[-6.486520837,39.57350532],[-6.505566193,39.565050319],[-6.534442099,39.571533356],[-6.536538911,39.58415146],[-6.557294719,39.576437534],[-6.567897381,39.594108064],[-6.564414427,39.604050758],[-6.569590341,39.610736946]]]]}},{"type":"Feature","properties":{"NOMBRE_DESTINO":"CASAR-DE-PALOMERO","ID_DESTINO":"CASAR-DE-PALOMERO","NOMBRE_GRAFO":"http://datos.segittur.es/casar-de-palomero","ID_GRAFO":"casar-de-palomero","F_ALTA_GRAFO":"2026-09-09 00:00:00","TRIPLETAS_GRAFO":null,"TRIPLETAS_GRAFO 09/07/2026":null,"TRIPLETAS_GRAFO 27/07/2026":null,"TRIPLETAS_GRAFO 30/07/2026":null,"TRIPLETAS_GRAFO 21/08/2026":null,"TRIPLETAS_GRAFO 10/09/2026":null,"TRIPLETAS_GRAFO 18/09/2026":95,"c_ine":"10050000000","join_status":"matched"},"geometry":{"type":"Polygon","coordinates":[[[-6.240475174,40.285002906],[-6.248632598,40.277298231],[-6.2350851,40.25806125],[-6.236182589,40.248041901],[-6.27022389,40.287794725],[-6.303683332,40.27738601],[-6.296816541,40.260712428],[-6.313488083,40.251337024],[-6.328121809,40.25802291],[-6.336533989,40.280621366],[-6.333089493,40.29905837],[-6.315857121,40.297392543],[-6.308122602,40.305936432],[-6.29195479,40.30005743],[-6.27420473,40.307379828],[-6.266132386,40.302465398],[-6.229031575,40.304003383],[-6.2124552,40.318128749],[-6.201110459,40.315606399],[-6.195520131,40.304358395],[-6.175555318,40.305097826],[-6.193622678,40.294305096],[-6.217940106,40.297611642],[-6.231007492,40.279818804],[-6.240475174,40.285002906]],[[-6.240475174,40.285002906],[-6.236406545,40.287972074],[-6.236274102,40.292587287],[-6.243914537,40.291499426],[-6.240475174,40.285002906]]]}},{"type":"Feature","properties":{"NOMBRE_DESTINO":"CASAS-DE-DON-ANTONIO","ID_DESTINO":"CASAS-DE-DON-ANTONIO","NOMBRE_GRAFO":"http://datos.segittur.es/casas-de-don-antonio","ID_GRAFO":"casas-de-don-antonio","F_ALTA_GRAFO":"2026-09-11 00:00:00","TRIPLETAS_GRAFO":null,"TRIPLETAS_GRAFO 09/07/2026":null,"TRIPLETAS_GRAFO 27/07/2026":null,"TRIPLETAS_GRAFO 30/07/2026":null,"TRIPLETAS_GRAFO 21/08/2026":null,"TRIPLETAS_GRAFO 10/09/2026":null,"TRIPLETAS_GRAFO 18/09/2026":26,"c_ine":"10052000000","join_status":"matched"},"geometry":{"type":"Polygon","coordinates":[[[-6.319483755,39.18394967],[-6.321553072,39.193710921],[-6.306518465,39.230026959],[-6.286821695,39.25962691],[-6.256086533,39.282254705],[-6.247999554,39.236743261],[-6.27511985,39.205141013],[-6.305744767,39.194987562],[-6.319483755,39.18394967]]]}},{"type":"Feature","properties":{"NOMBRE_DESTINO":"CASAS DEL CASTANAR","ID_DESTINO":"CASAS_DEL_CASTANAR","NOMBRE_GRAFO":"http://datos.segittur.es/casas_del_castanar","ID_GRAFO":"casas del castanar","F_ALTA_GRAFO":"2026-06-01 00:00:00","TRIPLETAS_GRAFO":805,"TRIPLETAS_GRAFO 09/07/2026":805,"TRIPLETAS_GRAFO 27/07/2026":805,"TRIPLETAS_GRAFO 30/07/2026":805,"TRIPLETAS_GRAFO 21/08/2026":805,"TRIPLETAS_GRAFO 10/09/2026":805,"TRIPLETAS_GRAFO 18/09/2026":938,"c_ine":"10054000000","join_status":"matched"},"geometry":{"type":"Polygon","coordinates":[[[-6.000905373,40.085167982],[-5.95781107,40.101454563],[-5.957527119,40.107622872],[-5.921835866,40.121446037],[-5.910072875,40.132569349],[-5.894546697,40.110719312],[-5.89367249,40.099788045],[-5.887665057,40.098911211],[-5.928033476,40.091708981],[-5.975864915,40.07001545],[-6.000905373,40.085167982]]]}},{"type":"Feature","properties":{"NOMBRE_DESTINO":"CASAS-DEL-MONTE","ID_DESTINO":"CASAS-DEL-MONTE","NOMBRE_GRAFO":"http://datos.segittur.es/casas-del-monte","ID_GRAFO":"casas-del-monte","F_ALTA_GRAFO":"2026-09-11 00:00:00","TRIPLETAS_GRAFO":null,"TRIPLETAS_GRAFO 09/07/2026":null,"TRIPLETAS_GRAFO 27/07/2026":null,"TRIPLETAS_GRAFO 30/07/2026":null,"TRIPLETAS_GRAFO 21/08/2026":null,"TRIPLETAS_GRAFO 10/09/2026":null,"TRIPLETAS_GRAFO 18/09/2026":13,"c_ine":"10055000000","join_status":"matched"},"geometry":{"type":"Polygon","coordinates":[[[-6.010805595,40.205736268],[-5.97920854,40.224134608],[-5.969585763,40.212600548],[-5.910609761,40.204723044],[-5.901628052,40.198238221],[-5.912164682,40.179310166],[-5.927440569,40.17953712],[-5.9509315,40.167873483],[-6.010805595,40.205736268]]]}},{"type":"Feature","properties":{"NOMBRE_DESTINO":"CASAS-DE-MIRAVETE","ID_DESTINO":"CASAS-DE-MIRAVETE","NOMBRE_GRAFO":"http://datos.segittur.es/casas-de-miravete","ID_GRAFO":"casas-de-miravete","F_ALTA_GRAFO":"2026-09-11 00:00:00","TRIPLETAS_GRAFO":null,"TRIPLETAS_GRAFO 09/07/2026":null,"TRIPLETAS_GRAFO 27/07/2026":null,"TRIPLETAS_GRAFO 30/07/2026":null,"TRIPLETAS_GRAFO 21/08/2026":null,"TRIPLETAS_GRAFO 10/09/2026":null,"TRIPLETAS_GRAFO 18/09/2026":26,"c_ine":"10057000000","join_status":"matched"},"geometry":{"type":"Polygon","coordinates":[[[-5.870174427,39.774162565],[-5.857126824,39.783853121],[-5.858069062,39.79279296],[-5.832310118,39.77802092],[-5.828804577,39.763125896],[-5.802023994,39.772225492],[-5.781689774,39.764148032],[-5.755054661,39.774719675],[-5.736632664,39.759102933],[-5.711348838,39.720636327],[-5.694737331,39.71104192],[-5.693383675,39.70083079],[-5.678906612,39.68442816],[-5.727500427,39.692097738],[-5.738812255,39.713626988],[-5.774860288,39.727542865],[-5.805333747,39.755266975],[-5.818077643,39.761402708],[-5.83838488,39.758029076],[-5.870174427,39.774162565]]]}},{"type":"Feature","properties":{"NOMBRE_DESTINO":"CASATEJADA","ID_DESTINO":"CASATEJADA","NOMBRE_GRAFO":"http://datos.segittur.es/casatejada","ID_GRAFO":"casatejada","F_ALTA_GRAFO":"2026-09-11 00:00:00","TRIPLETAS_GRAFO":null,"TRIPLETAS_GRAFO 09/07/2026":null,"TRIPLETAS_GRAFO 27/07/2026":null,"TRIPLETAS_GRAFO 30/07/2026":null,"TRIPLETAS_GRAFO 21/08/2026":null,"TRIPLETAS_GRAFO 10/09/2026":null,"TRIPLETAS_GRAFO 18/09/2026":13,"c_ine":"10058000000","join_status":"matched"},"geometry":{"type":"Polygon","coordinates":[[[-5.750639557,39.868374701],[-5.754944701,39.881595533],[-5.748724167,39.913478809],[-5.72640209,39.930220638],[-5.719258876,39.972014722],[-5.685757632,39.98593883],[-5.645762905,40.014045366],[-5.644828475,39.979232352],[-5.648417237,39.973925683],[-5.669649487,39.977960578],[-5.673221165,39.963258124],[-5.616413278,39.941277299],[-5.61598936,39.917252511],[-5.633151097,39.887929256],[-5.653652358,39.869787787],[-5.683384532,39.867157995],[-5.728713295,39.874685036],[-5.750639557,39.868374701]]]}},{"type":"Feature","properties":{"NOMBRE_DESTINO":"CASILLAS-DE-CORIA","ID_DESTINO":"CASILLAS-DE-CORIA","NOMBRE_GRAFO":"http://datos.segittur.es/casillas-de-coria","ID_GRAFO":"casillas-de-coria","F_ALTA_GRAFO":"2026-09-15 00:00:00","TRIPLETAS_GRAFO":null,"TRIPLETAS_GRAFO 09/07/2026":null,"TRIPLETAS_GRAFO 27/07/2026":null,"TRIPLETAS_GRAFO 30/07/2026":null,"TRIPLETAS_GRAFO 21/08/2026":null,"TRIPLETAS_GRAFO 10/09/2026":null,"TRIPLETAS_GRAFO 18/09/2026":13,"c_ine":"10059000000","join_status":"matched"},"geometry":{"type":"Polygon","coordinates":[[[-6.736651633,39.930607728],[-6.734065888,39.939418562],[-6.709360741,39.950993403],[-6.682944644,39.97858604],[-6.692152553,39.996296729],[-6.679319899,40.015933989],[-6.650948971,40.017012634],[-6.638997064,40.000637082],[-6.595627057,39.971333833],[-6.602971343,39.968304397],[-6.601271333,39.956666592],[-6.618316545,39.945669341],[-6.66701153,39.935472891],[-6.688030561,39.924051326],[-6.693769059,39.931785328],[-6.736651633,39.930607728]]]}},{"type":"Feature","properties":{"NOMBRE_DESTINO":"CASTANAR-DE-IBOR","ID_DESTINO":"CASTANAR-DE-IBOR","NOMBRE_GRAFO":"http://datos.segittur.es/castanar-de-ibor","ID_GRAFO":"castanar-de-ibor","F_ALTA_GRAFO":"2026-09-17 00:00:00","TRIPLETAS_GRAFO":null,"TRIPLETAS_GRAFO 09/07/2026":null,"TRIPLETAS_GRAFO 27/07/2026":null,"TRIPLETAS_GRAFO 30/07/2026":null,"TRIPLETAS_GRAFO 21/08/2026":null,"TRIPLETAS_GRAFO 10/09/2026":null,"TRIPLETAS_GRAFO 18/09/2026":161,"c_ine":"10060000000","join_status":"matched"},"geometry":{"type":"Polygon","coordinates":[[[-5.518283067,39.768911812],[-5.505021568,39.771153834],[-5.4414012,39.746124471],[-5.442147837,39.725298866],[-5.409269012,39.697734972],[-5.387632547,39.682741052],[-5.368062783,39.677808724],[-5.357865425,39.665926402],[-5.328359972,39.65821565],[-5.338129043,39.631641244],[-5.377264113,39.618027032],[-5.386701614,39.608599351],[-5.401497763,39.610753766],[-5.417481384,39.601152045],[-5.433051302,39.60314217],[-5.446668179,39.595946346],[-5.480999507,39.629264027],[-5.468912229,39.638839232],[-5.48845834,39.668981106],[-5.485648786,39.694387334],[-5.506923844,39.705093051],[-5.50487843,39.73015927],[-5.518283067,39.768911812]]]}},{"type":"Feature","properties":{"NOMBRE_DESTINO":"CASTELL_DE_CASTELLS","ID_DESTINO":"CASTELL_DE_CASTELLS","NOMBRE_GRAFO":"http://datos.segittur.es/castell-de-castells","ID_GRAFO":"castell_de_castells","F_ALTA_GRAFO":"2026-07-10 00:00:00","TRIPLETAS_GRAFO":null,"TRIPLETAS_GRAFO 09/07/2026":null,"TRIPLETAS_GRAFO 27/07/2026":null,"TRIPLETAS_GRAFO 30/07/2026":null,"TRIPLETAS_GRAFO 21/08/2026":null,"TRIPLETAS_GRAFO 10/09/2026":610,"TRIPLETAS_GRAFO 18/09/2026":610,"c_ine":"03054000000","join_status":"matched"},"geometry":{"type":"Polygon","coordinates":[[[-0.23795938,38.75039955],[-0.230124925,38.758412588],[-0.175800949,38.773319124],[-0.143209407,38.737516234],[-0.148966955,38.700637508],[-0.182499544,38.700162497],[-0.224352935,38.712561461],[-0.221551796,38.732324729],[-0.23795938,38.75039955]]]}},{"type":"Feature","properties":{"NOMBRE_DESTINO":"CASTELLDEFELS","ID_DESTINO":"CASTELLDEFELS","NOMBRE_GRAFO":"http://datos.segittur.es/castelldefels","ID_GRAFO":"castelldefels","F_ALTA_GRAFO":"2026-03-09 15:59:36.934000","TRIPLETAS_GRAFO":1391,"TRIPLETAS_GRAFO 09/07/2026":1394,"TRIPLETAS_GRAFO 27/07/2026":1394,"TRIPLETAS_GRAFO 30/07/2026":1394,"TRIPLETAS_GRAFO 21/08/2026":3073,"TRIPLETAS_GRAFO 10/09/2026":4670,"TRIPLETAS_GRAFO 18/09/2026":4670,"c_ine":"08056000000","join_status":"matched"},"geometry":{"type":"Polygon","coordinates":[[[1.937247014,41.274795544],[1.977956497,41.296599185],[1.987612802,41.29126429],[2.002998205,41.264443697],[1.944454966,41.263638429],[1.937247014,41.274795544]]]}},{"type":"Feature","properties":{"NOMBRE_DESTINO":"CATRAL","ID_DESTINO":"CATRAL","NOMBRE_GRAFO":"http://datos.segittur.es/catral","ID_GRAFO":"catral","F_ALTA_GRAFO":"2026-07-10 00:00:00","TRIPLETAS_GRAFO":null,"TRIPLETAS_GRAFO 09/07/2026":null,"TRIPLETAS_GRAFO 27/07/2026":null,"TRIPLETAS_GRAFO 30/07/2026":null,"TRIPLETAS_GRAFO 21/08/2026":null,"TRIPLETAS_GRAFO 10/09/2026":90,"TRIPLETAS_GRAFO 18/09/2026":90,"c_ine":"03055000000","join_status":"matched"},"geometry":{"type":"Polygon","coordinates":[[[-0.834498798,38.158438093],[-0.814382763,38.15868695],[-0.80186094,38.172059675],[-0.786052686,38.17617787],[-0.755176931,38.164580011],[-0.768762837,38.1584593],[-0.785578173,38.13378115],[-0.81080825,38.128243984],[-0.829399665,38.137969791],[-0.834498798,38.158438093]]]}},{"type":"Feature","properties":{"NOMBRE_DESTINO":"CAZALLA_DE_LA_SIERRA","ID_DESTINO":"CAZALLA_DE_LA_SIERRA","NOMBRE_GRAFO":"http://datos.segittur.es/cazalla_de_la_sierra","ID_GRAFO":"cazalla_de_la_sierra","F_ALTA_GRAFO":"2026-07-21 00:00:00","TRIPLETAS_GRAFO":null,"TRIPLETAS_GRAFO 09/07/2026":null,"TRIPLETAS_GRAFO 27/07/2026":null,"TRIPLETAS_GRAFO 30/07/2026":null,"TRIPLETAS_GRAFO 21/08/2026":1594,"TRIPLETAS_GRAFO 10/09/2026":1594,"TRIPLETAS_GRAFO 18/09/2026":1594,"c_ine":"41032000000","join_status":"matched"},"geometry":{"type":"Polygon","coordinates":[[[-5.954349221,37.907022285],[-5.93254125,37.91798364],[-5.942465013,37.92812442],[-5.945172372,37.955771495],[-5.938817404,37.961633829],[-5.958821768,37.96753819],[-5.960652147,37.978538287],[-5.936460541,38.024420043],[-5.917853454,38.035434223],[-5.905750561,38.033580789],[-5.901103017,38.023766624],[-5.896405854,38.033487152],[-5.887006496,38.031420918],[-5.87684615,38.038715963],[-5.808922218,38.022248837],[-5.781933454,37.999491029],[-5.760760955,37.996782939],[-5.69985661,37.964506596],[-5.679988471,37.95125612],[-5.675653565,37.940920618],[-5.70845419,37.931285623],[-5.724353603,37.901264983],[-5.736012016,37.896732527],[-5.737965061,37.89205571],[-5.727334328,37.885589729],[-5.731358236,37.861870783],[-5.755648116,37.865287295],[-5.780061551,37.883121557],[-5.817420515,37.882881804],[-5.837189559,37.865683619],[-5.856162805,37.875793782],[-5.877630735,37.852591886],[-5.876262053,37.841641786],[-5.887661185,37.841723098],[-5.887606781,37.834209851],[-5.905398771,37.820337755],[-5.918256326,37.823964472],[-5.92494221,37.83920776],[-5.942895387,37.848410151],[-5.92846962,37.861744655],[-5.962877371,37.878930636],[-5.962347809,37.889828158],[-5.95436605,37.892371483],[-5.954349221,37.907022285]]]}},{"type":"Feature","properties":{"NOMBRE_DESTINO":"CECLAVIN","ID_DESTINO":"CECLAVIN","NOMBRE_GRAFO":"http://datos.segittur.es/ceclavin","ID_GRAFO":"ceclavin","F_ALTA_GRAFO":"2026-09-15 00:00:00","TRIPLETAS_GRAFO":null,"TRIPLETAS_GRAFO 09/07/2026":null,"TRIPLETAS_GRAFO 27/07/2026":null,"TRIPLETAS_GRAFO 30/07/2026":null,"TRIPLETAS_GRAFO 21/08/2026":null,"TRIPLETAS_GRAFO 10/09/2026":null,"TRIPLETAS_GRAFO 18/09/2026":20,"c_ine":"10061000000","join_status":"matched"},"geometry":{"type":"Polygon","coordinates":[[[-6.827928646,39.826527616],[-6.810700126,39.831184519],[-6.795692703,39.876593448],[-6.760704434,39.886390176],[-6.76204884,39.89536217],[-6.75614343,39.890429055],[-6.737092654,39.891630729],[-6.723518982,39.903515377],[-6.648639153,39.854991841],[-6.65792951,39.848394073],[-6.654271023,39.841105866],[-6.664422491,39.811423036],[-6.679817407,39.810818138],[-6.684632407,39.800613604],[-6.699734647,39.802438126],[-6.718592729,39.783163518],[-6.816176298,39.759618342],[-6.859197141,39.778332394],[-6.843475603,39.789878766],[-6.827928646,39.826527616]]]}},{"type":"Feature","properties":{"NOMBRE_DESTINO":"CEDILLO","ID_DESTINO":"CEDILLO","NOMBRE_GRAFO":"http://datos.segittur.es/cedillo","ID_GRAFO":"cedillo","F_ALTA_GRAFO":"2026-09-17 00:00:00","TRIPLETAS_GRAFO":null,"TRIPLETAS_GRAFO 09/07/2026":null,"TRIPLETAS_GRAFO 27/07/2026":null,"TRIPLETAS_GRAFO 30/07/2026":null,"TRIPLETAS_GRAFO 21/08/2026":null,"TRIPLETAS_GRAFO 10/09/2026":null,"TRIPLETAS_GRAFO 18/09/2026":92,"c_ine":"10062000000","join_status":"matched"},"geometry":{"type":"Polygon","coordinates":[[[-7.466036786,39.574935748],[-7.499337518,39.58964874],[-7.510105268,39.618755626],[-7.527387666,39.634871483],[-7.527556639,39.655921425],[-7.541331761,39.663749732],[-7.45553847,39.662450862],[-7.425821789,39.651331169],[-7.442847085,39.639773009],[-7.438941758,39.632808439],[-7.443060686,39.628931505],[-7.436500303,39.628507313],[-7.445353292,39.619460156],[-7.439214277,39.611050284],[-7.447042726,39.581501288],[-7.466036786,39.574935748]]]}},{"type":"Feature","properties":{"NOMBRE_DESTINO":"CEUTI","ID_DESTINO":"CEUTI","NOMBRE_GRAFO":"http://datos.segittur.es/ceuti","ID_GRAFO":"ceuti","F_ALTA_GRAFO":"2026-06-08 00:00:00","TRIPLETAS_GRAFO":"Sin datos","TRIPLETAS_GRAFO 09/07/2026":"Sin datos","TRIPLETAS_GRAFO 27/07/2026":39,"TRIPLETAS_GRAFO 30/07/2026":72,"TRIPLETAS_GRAFO 21/08/2026":72,"TRIPLETAS_GRAFO 10/09/2026":72,"TRIPLETAS_GRAFO 18/09/2026":72,"c_ine":"30018000000","join_status":"matched"},"geometry":{"type":"Polygon","coordinates":[[[-1.311060884,38.077628826],[-1.291076164,38.0992223],[-1.275191636,38.104327725],[-1.262173962,38.093943611],[-1.26096814,38.076506021],[-1.255031698,38.07445346],[-1.263257904,38.06983511],[-1.311060884,38.077628826]]]}},{"type":"Feature","properties":{"NOMBRE_DESTINO":"CILLEROS","ID_DESTINO":"CILLEROS","NOMBRE_GRAFO":"http://datos.segittur.es/cilleros","ID_GRAFO":"cilleros","F_ALTA_GRAFO":"2026-09-17 00:00:00","TRIPLETAS_GRAFO":null,"TRIPLETAS_GRAFO 09/07/2026":null,"TRIPLETAS_GRAFO 27/07/2026":null,"TRIPLETAS_GRAFO 30/07/2026":null,"TRIPLETAS_GRAFO 21/08/2026":null,"TRIPLETAS_GRAFO 10/09/2026":null,"TRIPLETAS_GRAFO 18/09/2026":13,"c_ine":"10064000000","join_status":"matched"},"geometry":{"type":"Polygon","coordinates":[[[-6.920001731,40.084109214],[-6.91334689,40.097550349],[-6.897211357,40.105362876],[-6.89877075,40.113559673],[-6.859916652,40.133144818],[-6.844072823,40.129745952],[-6.837311723,40.10989625],[-6.804822764,40.114535847],[-6.795846522,40.125439839],[-6.74420282,40.145946137],[-6.725845791,40.138820848],[-6.733592575,40.066302571],[-6.75667712,40.042011214],[-6.750056123,40.025607415],[-6.771148227,39.995884551],[-6.766318591,39.980244712],[-6.775271422,39.962976198],[-6.77052829,39.955898669],[-6.776177675,39.953291867],[-6.808862381,39.957922155],[-6.832627385,39.97605974],[-6.852187711,40.002906132],[-6.876854645,40.017842603],[-6.880832102,40.041646846],[-6.897170311,40.052087187],[-6.891906215,40.060583565],[-6.917303308,40.066085524],[-6.920001731,40.084109214]]]}},{"type":"Feature","properties":{"NOMBRE_DESTINO":"CONQUISTA-DE-LA-SIERRA","ID_DESTINO":"CONQUISTA-DE-LA-SIERRA","NOMBRE_GRAFO":"http://datos.segittur.es/conquista-de-la-sierra","ID_GRAFO":"conquista-de-la-sierra","F_ALTA_GRAFO":"2026-09-17 00:00:00","TRIPLETAS_GRAFO":null,"TRIPLETAS_GRAFO 09/07/2026":null,"TRIPLETAS_GRAFO 27/07/2026":null,"TRIPLETAS_GRAFO 30/07/2026":null,"TRIPLETAS_GRAFO 21/08/2026":null,"TRIPLETAS_GRAFO 10/09/2026":null,"TRIPLETAS_GRAFO 18/09/2026":13,"c_ine":"10066000000","join_status":"matched"},"geometry":{"type":"Polygon","coordinates":[[[-5.791537344,39.312995837],[-5.754135005,39.340121133],[-5.743881462,39.356182993],[-5.74528258,39.364104696],[-5.734091377,39.371746542],[-5.698682307,39.376357086],[-5.687540769,39.351291049],[-5.670813858,39.34655916],[-5.68504475,39.332168699],[-5.697670915,39.329282077],[-5.702470437,39.31987344],[-5.708963254,39.325524255],[-5.722159137,39.324225324],[-5.742012602,39.310173726],[-5.764665321,39.305583623],[-5.777895887,39.283007586],[-5.791537344,39.312995837]]]}},{"type":"Feature","properties":{"NOMBRE_DESTINO":"CONSTANTINA","ID_DESTINO":"CONSTANTINA","NOMBRE_GRAFO":"http://datos.segittur.es/constantina","ID_GRAFO":"constantina","F_ALTA_GRAFO":"2026-08-21 00:00:00","TRIPLETAS_GRAFO":null,"TRIPLETAS_GRAFO 09/07/2026":null,"TRIPLETAS_GRAFO 27/07/2026":null,"TRIPLETAS_GRAFO 30/07/2026":null,"TRIPLETAS_GRAFO 21/08/2026":1819,"TRIPLETAS_GRAFO 10/09/2026":1819,"TRIPLETAS_GRAFO 18/09/2026":1819,"c_ine":"41033000000","join_status":"matched"},"geometry":{"type":"Polygon","coordinates":[[[-5.730194407,37.862979049],[-5.727334328,37.885589729],[-5.73793396,37.892443885],[-5.723908684,37.901842945],[-5.70845419,37.931285623],[-5.676176545,37.937773051],[-5.683097772,37.950630503],[-5.67474294,37.954087691],[-5.65270317,37.943089356],[-5.618680635,37.9494383],[-5.576379509,37.981207014],[-5.51329342,37.981013539],[-5.522295195,37.960303372],[-5.508192091,37.948197204],[-5.504013115,37.933697774],[-5.430597958,37.88254227],[-5.434742598,37.878590775],[-5.428220384,37.870381301],[-5.48614212,37.852293798],[-5.5127175,37.800204534],[-5.511661975,37.751243081],[-5.596434276,37.733627175],[-5.613272987,37.720432431],[-5.637796172,37.721327824],[-5.676140724,37.704045716],[-5.697267337,37.703987671],[-5.692522347,37.711701234],[-5.701098034,37.713910882],[-5.697500012,37.722913917],[-5.704000666,37.736650481],[-5.691639055,37.73837521],[-5.686754169,37.749822205],[-5.678443229,37.752228072],[-5.6857192,37.766704873],[-5.686521902,37.782923881],[-5.678980212,37.792899318],[-5.685659132,37.803623129],[-5.672195711,37.824563907],[-5.685702944,37.824265604],[-5.711277363,37.854162419],[-5.730194407,37.862979049]]]}},{"type":"Feature","properties":{"NOMBRE_DESTINO":"CORIA","ID_DESTINO":"CORIA","NOMBRE_GRAFO":"http://datos.segittur.es/coria","ID_GRAFO":"coria","F_ALTA_GRAFO":"2026-09-17 00:00:00","TRIPLETAS_GRAFO":null,"TRIPLETAS_GRAFO 09/07/2026":null,"TRIPLETAS_GRAFO 27/07/2026":null,"TRIPLETAS_GRAFO 30/07/2026":null,"TRIPLETAS_GRAFO 21/08/2026":null,"TRIPLETAS_GRAFO 10/09/2026":null,"TRIPLETAS_GRAFO 18/09/2026":239,"c_ine":"10067000000","join_status":"matched"},"geometry":{"type":"Polygon","coordinates":[[[-6.601271333,39.956666592],[-6.602971343,39.968304397],[-6.595627057,39.971333833],[-6.59595676,39.98118593],[-6.580513621,39.99371564],[-6.568426508,39.994341061],[-6.555846371,40.012984571],[-6.537606565,40.021775457],[-6.500539322,40.006861319],[-6.501700475,40.027721777],[-6.492849192,40.029673439],[-6.465618229,40.018990224],[-6.458075038,39.997680519],[-6.448405997,39.99659986],[-6.438927254,40.009095072],[-6.423539972,40.007524565],[-6.419035485,39.995192143],[-6.430946086,39.98118532],[-6.397680695,39.963656885],[-6.418545977,39.952756823],[-6.440677298,39.964197729],[-6.466855468,39.952500589],[-6.491320424,39.953530981],[-6.497072564,39.947908268],[-6.496232677,39.928667775],[-6.52604389,39.928943914],[-6.534065868,39.932058989],[-6.536381237,39.941121341],[-6.556372696,39.939437323],[-6.554899943,39.958207714],[-6.5759244,39.961883601],[-6.601271333,39.956666592]]]}},{"type":"Feature","properties":{"NOMBRE_DESTINO":"CREVILLENT","ID_DESTINO":"CREVILLENT","NOMBRE_GRAFO":"http://datos.segittur.es/crevillent","ID_GRAFO":"crevillent","F_ALTA_GRAFO":"2026-07-10 00:00:00","TRIPLETAS_GRAFO":null,"TRIPLETAS_GRAFO 09/07/2026":null,"TRIPLETAS_GRAFO 27/07/2026":null,"TRIPLETAS_GRAFO 30/07/2026":null,"TRIPLETAS_GRAFO 21/08/2026":null,"TRIPLETAS_GRAFO 10/09/2026":445,"TRIPLETAS_GRAFO 18/09/2026":445,"c_ine":"03059000000","join_status":"matched"},"geometry":{"type":"Polygon","coordinates":[[[-0.895941898,38.263949107],[-0.858033145,38.283726039],[-0.78199867,38.295088154],[-0.773308825,38.284482184],[-0.772794801,38.22501842],[-0.756277576,38.188966613],[-0.751902775,38.163418001],[-0.786052686,38.17617787],[-0.80186094,38.172059675],[-0.814382763,38.15868695],[-0.834498798,38.158438093],[-0.818224222,38.163813637],[-0.835396682,38.205600137],[-0.895941898,38.263949107]]]}},{"type":"Feature","properties":{"NOMBRE_DESTINO":"CUACOS DE YUSTE","ID_DESTINO":"CUACOS_DE_YUSTE","NOMBRE_GRAFO":"http://datos.segittur.es/cuacos_de_yuste","ID_GRAFO":"cuacos de yuste","F_ALTA_GRAFO":"2026-06-01 00:00:00","TRIPLETAS_GRAFO":1049,"TRIPLETAS_GRAFO 09/07/2026":1049,"TRIPLETAS_GRAFO 27/07/2026":1049,"TRIPLETAS_GRAFO 30/07/2026":1049,"TRIPLETAS_GRAFO 21/08/2026":1049,"TRIPLETAS_GRAFO 10/09/2026":1049,"TRIPLETAS_GRAFO 18/09/2026":1232,"c_ine":"10068000000","join_status":"matched"},"geometry":{"type":"Polygon","coordinates":[[[-5.755310206,40.082374304],[-5.750639158,40.08926824],[-5.757006506,40.107249403],[-5.753277644,40.119498594],[-5.74276812,40.125711241],[-5.725483635,40.125128692],[-5.722650833,40.117953118],[-5.700532304,40.110202097],[-5.698038883,40.093424562],[-5.674002637,40.084641058],[-5.648423844,40.059799535],[-5.606618165,40.049326003],[-5.588109061,40.057974653],[-5.581536777,40.042564313],[-5.601467581,40.023309215],[-5.629346969,40.023733512],[-5.632907424,40.042272381],[-5.668070567,40.034531471],[-5.667313777,40.046079159],[-5.673759352,40.052353218],[-5.699619554,40.060121609],[-5.710436151,40.073623968],[-5.755310206,40.082374304]]]}},{"type":"Feature","properties":{"NOMBRE_DESTINO":"DAYA_NUEVA","ID_DESTINO":"DAYA_NUEVA","NOMBRE_GRAFO":"http://datos.segittur.es/daya-nueva","ID_GRAFO":"daya_nueva","F_ALTA_GRAFO":"2026-07-10 00:00:00","TRIPLETAS_GRAFO":null,"TRIPLETAS_GRAFO 09/07/2026":null,"TRIPLETAS_GRAFO 27/07/2026":null,"TRIPLETAS_GRAFO 30/07/2026":null,"TRIPLETAS_GRAFO 21/08/2026":null,"TRIPLETAS_GRAFO 10/09/2026":10,"TRIPLETAS_GRAFO 18/09/2026":10,"c_ine":"03061000000","join_status":"matched"},"geometry":{"type":"Polygon","coordinates":[[[-0.780570375,38.125918725],[-0.762480796,38.121246428],[-0.752163106,38.117744247],[-0.743053854,38.106950221],[-0.7498589,38.097884574],[-0.776896155,38.099294537],[-0.780570375,38.125918725]]]}},{"type":"Feature","properties":{"NOMBRE_DESTINO":"DAYA_VIEJA","ID_DESTINO":"DAYA_VIEJA","NOMBRE_GRAFO":"http://datos.segittur.es/daya-vieja","ID_GRAFO":"daya_vieja","F_ALTA_GRAFO":"2026-07-10 00:00:00","TRIPLETAS_GRAFO":null,"TRIPLETAS_GRAFO 09/07/2026":null,"TRIPLETAS_GRAFO 27/07/2026":null,"TRIPLETAS_GRAFO 30/07/2026":null,"TRIPLETAS_GRAFO 21/08/2026":null,"TRIPLETAS_GRAFO 10/09/2026":10,"TRIPLETAS_GRAFO 18/09/2026":10,"c_ine":"03062000000","join_status":"matched"},"geometry":{"type":"Polygon","coordinates":[[[-0.749368667,38.098312984],[-0.7390382,38.11654804],[-0.723153436,38.112393347],[-0.728371227,38.097491065],[-0.749368667,38.098312984]]]}},{"type":"Feature","properties":{"NOMBRE_DESTINO":"DELEITOSA","ID_DESTINO":"DELEITOSA","NOMBRE_GRAFO":"http://datos.segittur.es/deleitosa","ID_GRAFO":"deleitosa","F_ALTA_GRAFO":"2026-09-17 00:00:00","TRIPLETAS_GRAFO":null,"TRIPLETAS_GRAFO 09/07/2026":null,"TRIPLETAS_GRAFO 27/07/2026":null,"TRIPLETAS_GRAFO 30/07/2026":null,"TRIPLETAS_GRAFO 21/08/2026":null,"TRIPLETAS_GRAFO 10/09/2026":null,"TRIPLETAS_GRAFO 18/09/2026":13,"c_ine":"10070000000","join_status":"matched"},"geometry":{"type":"Polygon","coordinates":[[[-5.751969947,39.633812568],[-5.728367004,39.666133203],[-5.727500427,39.692097738],[-5.655397992,39.683418879],[-5.641520202,39.67323163],[-5.635558671,39.677709226],[-5.643684026,39.699397016],[-5.623960556,39.717465125],[-5.615129828,39.716835677],[-5.566305333,39.676342297],[-5.582728411,39.657798779],[-5.581024626,39.643017594],[-5.59220966,39.632066205],[-5.572085929,39.611217443],[-5.590014211,39.59944107],[-5.58759248,39.5828742],[-5.592593338,39.573988279],[-5.648488934,39.587663184],[-5.650933556,39.593453937],[-5.677104185,39.595745293],[-5.708724495,39.617118843],[-5.751969947,39.633812568]]]}},{"type":"Feature","properties":{"NOMBRE_DESTINO":"DESCARGAMARIA","ID_DESTINO":"DESCARGAMARIA","NOMBRE_GRAFO":"http://datos.segittur.es/descargamaria","ID_GRAFO":"descargamaria","F_ALTA_GRAFO":"2026-09-14 00:00:00","TRIPLETAS_GRAFO":null,"TRIPLETAS_GRAFO 09/07/2026":null,"TRIPLETAS_GRAFO 27/07/2026":null,"TRIPLETAS_GRAFO 30/07/2026":null,"TRIPLETAS_GRAFO 21/08/2026":null,"TRIPLETAS_GRAFO 10/09/2026":null,"TRIPLETAS_GRAFO 18/09/2026":13,"c_ine":"10071000000","join_status":"matched"},"geometry":{"type":"Polygon","coordinates":[[[-6.564745429,40.31461343],[-6.560176418,40.329299364],[-6.516377814,40.354237603],[-6.482368233,40.312650139],[-6.464059226,40.301798528],[-6.456305373,40.304300391],[-6.484722123,40.262809863],[-6.532916875,40.272604321],[-6.544327736,40.289799076],[-6.556175451,40.290776923],[-6.55673718,40.306403457],[-6.564745429,40.31461343]]]}},{"type":"Feature","properties":{"NOMBRE_DESTINO":"DOLORES","ID_DESTINO":"DOLORES","NOMBRE_GRAFO":"http://datos.segittur.es/dolores","ID_GRAFO":"dolores","F_ALTA_GRAFO":"2026-07-10 00:00:00","TRIPLETAS_GRAFO":null,"TRIPLETAS_GRAFO 09/07/2026":null,"TRIPLETAS_GRAFO 27/07/2026":null,"TRIPLETAS_GRAFO 30/07/2026":null,"TRIPLETAS_GRAFO 21/08/2026":null,"TRIPLETAS_GRAFO 10/09/2026":40,"TRIPLETAS_GRAFO 18/09/2026":40,"c_ine":"03064000000","join_status":"matched"},"geometry":{"type":"Polygon","coordinates":[[[-0.795012226,38.129642431],[-0.785578173,38.13378115],[-0.768762837,38.1584593],[-0.755176931,38.164580011],[-0.715808823,38.136535276],[-0.748091383,38.120731944],[-0.7390382,38.11654804],[-0.742366129,38.110367047],[-0.781739701,38.130185359],[-0.795012226,38.129642431]]]}},{"type":"Feature","properties":{"NOMBRE_DESTINO":"ECIJA","ID_DESTINO":"ECIJA","NOMBRE_GRAFO":"http://datos.segittur.es/ecija","ID_GRAFO":"ecija","F_ALTA_GRAFO":"2026-08-21 00:00:00","TRIPLETAS_GRAFO":null,"TRIPLETAS_GRAFO 09/07/2026":null,"TRIPLETAS_GRAFO 27/07/2026":null,"TRIPLETAS_GRAFO 30/07/2026":null,"TRIPLETAS_GRAFO 21/08/2026":2386,"TRIPLETAS_GRAFO 10/09/2026":2386,"TRIPLETAS_GRAFO 18/09/2026":2386,"c_ine":"41039000000","join_status":"matched"},"geometry":{"type":"MultiPolygon","coordinates":[[[[-5.295826898,37.443079199],[-5.287939906,37.527356587],[-5.262859584,37.526785523],[-5.254594822,37.517976931],[-5.233258358,37.525997318],[-5.186495658,37.522591831],[-5.184050049,37.533018753],[-5.19142267,37.545814134],[-5.176961804,37.549226799],[-5.173455828,37.594891268],[-5.181930859,37.613250356],[-5.209571358,37.601870457],[-5.229928413,37.609772231],[-5.246484213,37.641516227],[-5.176767802,37.680576722],[-5.150053719,37.660916571],[-5.135751747,37.668566006],[-5.107920409,37.66257815],[-5.113490929,37.688729667],[-5.129709996,37.698747303],[-5.112726969,37.702576324],[-5.093861892,37.676238017],[-5.09787829,37.670290993],[-5.069437308,37.659411426],[-5.090761664,37.677275288],[-5.08904945,37.694662247],[-5.047227043,37.718294349],[-5.001119608,37.707850535],[-4.984135896,37.678123943],[-4.954396392,37.652539404],[-4.958517779,37.621725957],[-4.974766394,37.598902487],[-4.966233745,37.610547644],[-4.941050564,37.620746589],[-4.931732297,37.616590211],[-4.934890767,37.599844581],[-4.930327903,37.589825707],[-4.935186025,37.586745215],[-4.930216393,37.575849781],[-4.937653895,37.57184385],[-4.931504993,37.563040551],[-4.936040141,37.550601686],[-4.932025227,37.545908924],[-4.948934527,37.521947155],[-4.933944591,37.519850162],[-4.935009517,37.512010083],[-4.927576426,37.512446952],[-4.931268748,37.506015003],[-4.924608154,37.500382799],[-4.907974369,37.501950202],[-4.907774231,37.494968877],[-4.916153803,37.492679406],[-4.915201234,37.484160142],[-4.904468072,37.489488593],[-4.91018152,37.479780227],[-4.904088991,37.467405353],[-4.875142137,37.450140377],[-4.882661467,37.445253346],[-4.886900049,37.425872236],[-4.935967578,37.386785768],[-4.993667786,37.367915929],[-5.05756828,37.371655416],[-5.115544848,37.384107409],[-5.150735778,37.383072448],[-5.174231934,37.39340691],[-5.247938182,37.374608415],[-5.295826898,37.443079199]],[[-5.02659686,37.595422478],[-5.017259879,37.593581746],[-5.02490568,37.595289285],[-5.033616747,37.620733423],[-5.026496482,37.635157765],[-5.031191089,37.641520551],[-5.046794586,37.631941703],[-5.053789808,37.642373063],[-5.084321815,37.648082909],[-5.084972592,37.643790797],[-5.040405211,37.626194619],[-5.047909622,37.608139987],[-5.031007401,37.610603913],[-5.02659686,37.595422478]]],[[[-5.322914689,37.611932403],[-5.299769368,37.622893313],[-5.253232063,37.625415226],[-5.243989713,37.593657354],[-5.263071642,37.593846551],[-5.24804942,37.564908681],[-5.248663058,37.537474305],[-5.287569474,37.539313243],[-5.279022691,37.552248075],[-5.287803731,37.584376003],[-5.307176391,37.597507262],[-5.310717779,37.608378025],[-5.322914689,37.611932403]]]]}},{"type":"Feature","properties":{"NOMBRE_DESTINO":"EL TORNO","ID_DESTINO":"EL_TORNO","NOMBRE_GRAFO":"http://datos.segittur.es/el_torno","ID_GRAFO":"el torno","F_ALTA_GRAFO":"2026-06-01 00:00:00","TRIPLETAS_GRAFO":585,"TRIPLETAS_GRAFO 09/07/2026":585,"TRIPLETAS_GRAFO 27/07/2026":585,"TRIPLETAS_GRAFO 30/07/2026":585,"TRIPLETAS_GRAFO 21/08/2026":585,"TRIPLETAS_GRAFO 10/09/2026":585,"TRIPLETAS_GRAFO 18/09/2026":717,"c_ine":"10184000000","join_status":"matched"},"geometry":{"type":"Polygon","coordinates":[[[-5.993551091,40.088820679],[-6.000053149,40.107393823],[-5.989334187,40.103198976],[-5.971931834,40.109012098],[-5.955532275,40.127124496],[-5.968982335,40.145855491],[-5.954070068,40.164512482],[-5.910072875,40.132569349],[-5.921835866,40.121446037],[-5.957527119,40.107622872],[-5.95781107,40.101454563],[-5.993551091,40.088820679]]]}},{"type":"Feature","properties":{"NOMBRE_DESTINO":"ELBURGOBURGELU","ID_DESTINO":"ELBURGOBURGELU","NOMBRE_GRAFO":"http://datos.segittur.es/elburgoburgelu","ID_GRAFO":"elburgoburgelu","F_ALTA_GRAFO":"2026-08-05 00:00:00","TRIPLETAS_GRAFO":null,"TRIPLETAS_GRAFO 09/07/2026":null,"TRIPLETAS_GRAFO 27/07/2026":null,"TRIPLETAS_GRAFO 30/07/2026":null,"TRIPLETAS_GRAFO 21/08/2026":null,"TRIPLETAS_GRAFO 10/09/2026":666,"TRIPLETAS_GRAFO 18/09/2026":666,"c_ine":"01021000000","join_status":"matched"},"geometry":{"type":"MultiPolygon","coordinates":[[[[-2.576749868,42.869065878],[-2.565221287,42.885853172],[-2.541370862,42.875358817],[-2.513236961,42.88123968],[-2.513360922,42.865544218],[-2.527579291,42.85205118],[-2.525431216,42.828997907],[-2.538966891,42.821894169],[-2.54930217,42.800358689],[-2.546698548,42.785201373],[-2.559394918,42.784386569],[-2.561209269,42.807798468],[-2.550153434,42.822839338],[-2.561194654,42.842549821],[-2.543883007,42.856872253],[-2.558255469,42.868482459],[-2.56594748,42.864477663],[-2.576749868,42.869065878]]],[[[-2.579979905,42.908853611],[-2.573252674,42.907333783],[-2.561759856,42.917952262],[-2.561212526,42.948297379],[-2.551095033,42.958875239],[-2.557193564,42.929335086],[-2.548488531,42.926581407],[-2.555300571,42.923357336],[-2.54939773,42.921235972],[-2.555731097,42.912949101],[-2.53217495,42.899644385],[-2.533746699,42.894274751],[-2.568227427,42.897238107],[-2.579811859,42.901171606],[-2.579979905,42.908853611]]]]}},{"type":"Feature","properties":{"NOMBRE_DESTINO":"ELCIEGO","ID_DESTINO":"ELCIEGO","NOMBRE_GRAFO":"http://datos.segittur.es/elciego","ID_GRAFO":"elciego","F_ALTA_GRAFO":"2026-08-05 00:00:00","TRIPLETAS_GRAFO":null,"TRIPLETAS_GRAFO 09/07/2026":null,"TRIPLETAS_GRAFO 27/07/2026":null,"TRIPLETAS_GRAFO 30/07/2026":null,"TRIPLETAS_GRAFO 21/08/2026":null,"TRIPLETAS_GRAFO 10/09/2026":1787,"TRIPLETAS_GRAFO 18/09/2026":1787,"c_ine":"01022000000","join_status":"matched"},"geometry":{"type":"Polygon","coordinates":[[[-2.653815389,42.495808316],[-2.646695455,42.512546167],[-2.650134327,42.517969261],[-2.616018125,42.530702415],[-2.596248235,42.51493711],[-2.590077858,42.494273638],[-2.593787057,42.487145196],[-2.597911481,42.483431317],[-2.600909583,42.484558538],[-2.592248035,42.491933441],[-2.605646305,42.503476833],[-2.609722832,42.496152103],[-2.62901459,42.495743578],[-2.645706221,42.482987593],[-2.653815389,42.495808316]]]}},{"type":"Feature","properties":{"NOMBRE_DESTINO":"EL-GORDO","ID_DESTINO":"EL-GORDO","NOMBRE_GRAFO":"http://datos.segittur.es/el-gordo","ID_GRAFO":"el-gordo","F_ALTA_GRAFO":"2026-09-15 00:00:00","TRIPLETAS_GRAFO":null,"TRIPLETAS_GRAFO 09/07/2026":null,"TRIPLETAS_GRAFO 27/07/2026":null,"TRIPLETAS_GRAFO 30/07/2026":null,"TRIPLETAS_GRAFO 21/08/2026":null,"TRIPLETAS_GRAFO 10/09/2026":null,"TRIPLETAS_GRAFO 18/09/2026":48,"c_ine":"10085000000","join_status":"matched"},"geometry":{"type":"Polygon","coordinates":[[[-5.408011063,39.806675558],[-5.411228712,39.826553483],[-5.436326184,39.815668948],[-5.442676055,39.838948314],[-5.408739818,39.861999667],[-5.406109631,39.877729065],[-5.36858795,39.88858234],[-5.323612613,39.891726645],[-5.28404867,39.863874677],[-5.283523795,39.857209662],[-5.311393866,39.829082185],[-5.315167437,39.788684297],[-5.332090886,39.783237484],[-5.343086061,39.787592344],[-5.334762124,39.79421031],[-5.343863659,39.806026224],[-5.332670962,39.819413382],[-5.339897921,39.832708578],[-5.33521311,39.838253185],[-5.369113581,39.856345514],[-5.377241245,39.844870727],[-5.367198123,39.841075562],[-5.360112556,39.826560448],[-5.371791683,39.807737493],[-5.398049224,39.833601272],[-5.408011063,39.806675558]]]}},{"type":"Feature","properties":{"NOMBRE_DESTINO":"EL-TORNO","ID_DESTINO":"EL-TORNO","NOMBRE_GRAFO":"http://datos.segittur.es/el-torno","ID_GRAFO":"el-torno","F_ALTA_GRAFO":"2026-06-02 00:00:00","TRIPLETAS_GRAFO":null,"TRIPLETAS_GRAFO 09/07/2026":null,"TRIPLETAS_GRAFO 27/07/2026":null,"TRIPLETAS_GRAFO 30/07/2026":null,"TRIPLETAS_GRAFO 21/08/2026":null,"TRIPLETAS_GRAFO 10/09/2026":null,"TRIPLETAS_GRAFO 18/09/2026":717,"c_ine":"10184000000","join_status":"matched"},"geometry":{"type":"Polygon","coordinates":[[[-5.993551091,40.088820679],[-6.000053149,40.107393823],[-5.989334187,40.103198976],[-5.971931834,40.109012098],[-5.955532275,40.127124496],[-5.968982335,40.145855491],[-5.954070068,40.164512482],[-5.910072875,40.132569349],[-5.921835866,40.121446037],[-5.957527119,40.107622872],[-5.95781107,40.101454563],[-5.993551091,40.088820679]]]}},{"type":"Feature","properties":{"NOMBRE_DESTINO":"ELVILLARBILAR","ID_DESTINO":"ELVILLARBILAR","NOMBRE_GRAFO":"http://datos.segittur.es/elvillarbilar","ID_GRAFO":"elvillarbilar","F_ALTA_GRAFO":"2026-08-05 00:00:00","TRIPLETAS_GRAFO":null,"TRIPLETAS_GRAFO 09/07/2026":null,"TRIPLETAS_GRAFO 27/07/2026":null,"TRIPLETAS_GRAFO 30/07/2026":null,"TRIPLETAS_GRAFO 21/08/2026":null,"TRIPLETAS_GRAFO 10/09/2026":760,"TRIPLETAS_GRAFO 18/09/2026":760,"c_ine":"01023000000","join_status":"matched"},"geometry":{"type":"Polygon","coordinates":[[[-2.532555767,42.588470453],[-2.523053102,42.570428547],[-2.52633765,42.559860347],[-2.518392729,42.550659204],[-2.519595242,42.520971983],[-2.549203074,42.54302183],[-2.570740641,42.58480188],[-2.554686614,42.590459111],[-2.532555767,42.588470453]]]}},{"type":"Feature","properties":{"NOMBRE_DESTINO":"ESTEPA","ID_DESTINO":"ESTEPA","NOMBRE_GRAFO":"http://datos.segittur.es/estepa","ID_GRAFO":"estepa","F_ALTA_GRAFO":"2026-07-30 00:00:00","TRIPLETAS_GRAFO":null,"TRIPLETAS_GRAFO 09/07/2026":null,"TRIPLETAS_GRAFO 27/07/2026":null,"TRIPLETAS_GRAFO 30/07/2026":null,"TRIPLETAS_GRAFO 21/08/2026":2087,"TRIPLETAS_GRAFO 10/09/2026":2103,"TRIPLETAS_GRAFO 18/09/2026":2103,"c_ine":"41041000000","join_status":"matched"},"geometry":{"type":"MultiPolygon","coordinates":[[[[-5.006056147,37.262995769],[-5.005360942,37.281428883],[-4.995858985,37.294900828],[-5.00105349,37.303194662],[-4.986587092,37.345111658],[-4.938878458,37.348913168],[-4.93267189,37.35649499],[-4.93774241,37.362693698],[-4.927509843,37.370088759],[-4.889430485,37.362799002],[-4.890220409,37.35152086],[-4.844210793,37.330526616],[-4.817417178,37.354709883],[-4.781227551,37.326921808],[-4.801641004,37.313580764],[-4.802334146,37.291552596],[-4.822076429,37.296766077],[-4.835575086,37.291456466],[-4.840779747,37.296269456],[-4.835785196,37.283386991],[-4.840037887,37.269036113],[-4.831126525,37.256349421],[-4.834191393,37.23346415],[-4.801144665,37.256295563],[-4.803214306,37.2769028],[-4.79218499,37.281693704],[-4.795319998,37.273120332],[-4.781275086,37.26910555],[-4.786336392,37.227454272],[-4.829321806,37.22832119],[-4.823568471,37.221551342],[-4.829718724,37.217220537],[-4.82779423,37.20985087],[-4.853350845,37.208939965],[-4.858779472,37.223996056],[-4.839350739,37.225444038],[-4.854158331,37.23411753],[-4.858924231,37.251482086],[-4.877759759,37.259494375],[-4.878691524,37.270682136],[-4.898301753,37.279625117],[-4.912774993,37.276165652],[-4.924270523,37.261216948],[-4.949643726,37.270940849],[-4.986468224,37.257359825],[-4.986046706,37.265784495],[-5.006056147,37.262995769]]],[[[-4.886968505,37.426348802],[-4.884739947,37.437983284],[-4.854325778,37.439392202],[-4.84063481,37.436019078],[-4.837978565,37.422080023],[-4.849810295,37.41065912],[-4.851149227,37.415946516],[-4.868219706,37.407648127],[-4.871586282,37.419455296],[-4.886968505,37.426348802]]]]}},{"type":"Feature","properties":{"NOMBRE_DESTINO":"FORMENTERA_DEL_SEGURA","ID_DESTINO":"FORMENTERA_DEL_SEGURA","NOMBRE_GRAFO":"http://datos.segittur.es/formentera-del-segura","ID_GRAFO":"formentera_del_segura","F_ALTA_GRAFO":"2026-07-10 00:00:00","TRIPLETAS_GRAFO":null,"TRIPLETAS_GRAFO 09/07/2026":null,"TRIPLETAS_GRAFO 27/07/2026":null,"TRIPLETAS_GRAFO 30/07/2026":null,"TRIPLETAS_GRAFO 21/08/2026":null,"TRIPLETAS_GRAFO 10/09/2026":25,"TRIPLETAS_GRAFO 18/09/2026":25,"c_ine":"03070000000","join_status":"matched"},"geometry":{"type":"Polygon","coordinates":[[[-0.753114019,38.083396267],[-0.753078286,38.097993381],[-0.728371227,38.097491065],[-0.723560767,38.112130916],[-0.713416502,38.112294218],[-0.725704613,38.09706999],[-0.724641212,38.088344723],[-0.753114019,38.083396267]]]}},{"type":"Feature","properties":{"NOMBRE_DESTINO":"FUENTE ALAMO DE MURCIA","ID_DESTINO":"FUENTE_ALAMO_DE_MURCIA","NOMBRE_GRAFO":"http://datos.segittur.es/fuente_alamo_de_murcia","ID_GRAFO":"fuente alamo de murcia","F_ALTA_GRAFO":"2026-06-08 00:00:00","TRIPLETAS_GRAFO":"Sin datos","TRIPLETAS_GRAFO 09/07/2026":"Sin datos","TRIPLETAS_GRAFO 27/07/2026":29,"TRIPLETAS_GRAFO 30/07/2026":62,"TRIPLETAS_GRAFO 21/08/2026":62,"TRIPLETAS_GRAFO 10/09/2026":62,"TRIPLETAS_GRAFO 18/09/2026":206,"c_ine":"30021000000","join_status":"matched"},"geometry":{"type":"Polygon","coordinates":[[[-1.340933255,37.723859336],[-1.303154387,37.729857661],[-1.272406629,37.742624724],[-1.290670933,37.800552919],[-1.286270783,37.82557482],[-1.26836161,37.848377533],[-1.230652273,37.827884727],[-1.216393462,37.809706982],[-1.223437553,37.80387592],[-1.210051426,37.800066137],[-1.187561505,37.812275631],[-1.160245067,37.789327074],[-1.164465507,37.773151997],[-1.141730183,37.751210198],[-1.095882522,37.780844752],[-1.071074076,37.774357757],[-1.063591786,37.760246901],[-1.096885993,37.740874761],[-1.083930142,37.715900793],[-1.121229701,37.729397599],[-1.12295392,37.702796641],[-1.176469217,37.659695065],[-1.175024229,37.643441083],[-1.187703504,37.632140063],[-1.21511352,37.629699044],[-1.249955051,37.657731734],[-1.311973118,37.676408616],[-1.340933255,37.723859336]]]}},{"type":"Feature","properties":{"NOMBRE_DESTINO":"GAIANES","ID_DESTINO":"GAIANES","NOMBRE_GRAFO":"http://datos.segittur.es/gaianes","ID_GRAFO":"gaianes","F_ALTA_GRAFO":"2026-07-10 00:00:00","TRIPLETAS_GRAFO":null,"TRIPLETAS_GRAFO 09/07/2026":null,"TRIPLETAS_GRAFO 27/07/2026":null,"TRIPLETAS_GRAFO 30/07/2026":null,"TRIPLETAS_GRAFO 21/08/2026":null,"TRIPLETAS_GRAFO 10/09/2026":90,"TRIPLETAS_GRAFO 18/09/2026":90,"c_ine":"03072000000","join_status":"matched"},"geometry":{"type":"Polygon","coordinates":[[[-0.432241717,38.826422773],[-0.404067163,38.833124889],[-0.385827876,38.810266211],[-0.414537162,38.798760216],[-0.430938585,38.814933861],[-0.432241717,38.826422773]]]}},{"type":"Feature","properties":{"NOMBRE_DESTINO":"GALISTEO","ID_DESTINO":"GALISTEO","NOMBRE_GRAFO":"http://datos.segittur.es/galisteo","ID_GRAFO":"galisteo","F_ALTA_GRAFO":"2026-09-14 00:00:00","TRIPLETAS_GRAFO":null,"TRIPLETAS_GRAFO 09/07/2026":null,"TRIPLETAS_GRAFO 27/07/2026":null,"TRIPLETAS_GRAFO 30/07/2026":null,"TRIPLETAS_GRAFO 21/08/2026":null,"TRIPLETAS_GRAFO 10/09/2026":null,"TRIPLETAS_GRAFO 18/09/2026":35,"c_ine":"10076000000","join_status":"matched"},"geometry":{"type":"Polygon","coordinates":[[[-6.304109828,39.980291399],[-6.319923322,39.996779795],[-6.311634835,40.006042271],[-6.329314985,40.016757858],[-6.309181204,40.04225765],[-6.307329796,40.059216712],[-6.291521717,40.06612544],[-6.281525685,40.063761282],[-6.260784492,40.047711569],[-6.257441842,40.034376138],[-6.229465203,40.033241643],[-6.240054137,40.021785865],[-6.24993619,40.032515507],[-6.258348094,40.032738359],[-6.266491129,40.017268828],[-6.255196499,40.009597706],[-6.258062872,39.999681284],[-6.250008157,40.002456725],[-6.232661426,39.993502921],[-6.265266341,39.949074106],[-6.268683667,39.922784601],[-6.293377044,39.935424718],[-6.298474965,39.950514004],[-6.28607228,39.964786532],[-6.31095615,39.974392153],[-6.304109828,39.980291399]]]}},{"type":"Feature","properties":{"NOMBRE_DESTINO":"GARCIAZ","ID_DESTINO":"GARCIAZ","NOMBRE_GRAFO":"http://datos.segittur.es/garciaz","ID_GRAFO":"garciaz","F_ALTA_GRAFO":"2026-09-14 00:00:00","TRIPLETAS_GRAFO":null,"TRIPLETAS_GRAFO 09/07/2026":null,"TRIPLETAS_GRAFO 27/07/2026":null,"TRIPLETAS_GRAFO 30/07/2026":null,"TRIPLETAS_GRAFO 21/08/2026":null,"TRIPLETAS_GRAFO 10/09/2026":null,"TRIPLETAS_GRAFO 18/09/2026":93,"c_ine":"10077000000","join_status":"matched"},"geometry":{"type":"Polygon","coordinates":[[[-5.718161908,39.393452589],[-5.681360491,39.41355826],[-5.680692091,39.443689493],[-5.658910288,39.444396845],[-5.639270174,39.468284637],[-5.614753459,39.479045435],[-5.615768674,39.483490855],[-5.607216403,39.484845131],[-5.605237203,39.479475333],[-5.598940921,39.481778363],[-5.601677677,39.486897095],[-5.58396125,39.489769722],[-5.59562199,39.499437383],[-5.584859093,39.506154524],[-5.58916545,39.51157194],[-5.570841865,39.515825511],[-5.574219447,39.516894832],[-5.575868881,39.519038372],[-5.55676292,39.515545897],[-5.550256262,39.510952867],[-5.555266239,39.507622187],[-5.535366715,39.494519467],[-5.552671541,39.491504711],[-5.55884176,39.473004273],[-5.567538188,39.470373132],[-5.560650076,39.464142761],[-5.566041931,39.457226902],[-5.552672706,39.445388838],[-5.543657662,39.452022761],[-5.532978767,39.448273595],[-5.538482919,39.436387442],[-5.552439022,39.427609748],[-5.573782038,39.383849314],[-5.613852779,39.359240038],[-5.641705091,39.356791215],[-5.651992141,39.344665377],[-5.677241779,39.344735771],[-5.687540769,39.351291049],[-5.698682307,39.376357086],[-5.687725423,39.382124181],[-5.718161908,39.393452589]]]}},{"type":"Feature","properties":{"NOMBRE_DESTINO":"GARGANTA LA OLLA","ID_DESTINO":"GARGANTA_LA_OLLA","NOMBRE_GRAFO":"http://datos.segittur.es/garganta_la_olla","ID_GRAFO":"garganta la olla","F_ALTA_GRAFO":"2026-06-01 00:00:00","TRIPLETAS_GRAFO":334,"TRIPLETAS_GRAFO 09/07/2026":334,"TRIPLETAS_GRAFO 27/07/2026":334,"TRIPLETAS_GRAFO 30/07/2026":334,"TRIPLETAS_GRAFO 21/08/2026":334,"TRIPLETAS_GRAFO 10/09/2026":334,"TRIPLETAS_GRAFO 18/09/2026":472,"c_ine":"10079000000","join_status":"matched"},"geometry":{"type":"Polygon","coordinates":[[[-5.809273568,40.069466517],[-5.829875949,40.08339507],[-5.815145779,40.103273812],[-5.819265075,40.112973857],[-5.794019209,40.137059945],[-5.785237099,40.155926447],[-5.756867821,40.170261457],[-5.73403054,40.170578187],[-5.75248276,40.15706158],[-5.750034638,40.13131275],[-5.74276812,40.125711241],[-5.754385426,40.117004122],[-5.750639158,40.08926824],[-5.755310206,40.082374304],[-5.809273568,40.069466517]]]}},{"type":"Feature","properties":{"NOMBRE_DESTINO":"GARGUERA","ID_DESTINO":"GARGUERA","NOMBRE_GRAFO":"http://datos.segittur.es/garguera","ID_GRAFO":"garguera","F_ALTA_GRAFO":"2026-06-01 00:00:00","TRIPLETAS_GRAFO":66,"TRIPLETAS_GRAFO 09/07/2026":66,"TRIPLETAS_GRAFO 27/07/2026":66,"TRIPLETAS_GRAFO 30/07/2026":66,"TRIPLETAS_GRAFO 21/08/2026":66,"TRIPLETAS_GRAFO 10/09/2026":66,"TRIPLETAS_GRAFO 18/09/2026":79,"c_ine":"10081000000","join_status":"matched"},"geometry":{"type":"Polygon","coordinates":[[[-5.98023976,40.064678636],[-5.943707363,40.084213598],[-5.893798536,40.054882308],[-5.920073415,40.033622342],[-5.924125178,40.021494964],[-5.905981017,40.004476798],[-5.908684389,39.99890527],[-5.895752906,39.995274842],[-5.897036761,39.987414989],[-5.888415737,39.980415014],[-5.906755601,39.973317587],[-5.955224501,39.991214726],[-5.964865827,40.013208135],[-5.945717921,40.021227027],[-5.958669715,40.033282256],[-5.959478842,40.041962854],[-5.974988284,40.050149598],[-5.98023976,40.064678636]]]}},{"type":"Feature","properties":{"NOMBRE_DESTINO":"GARROVILLAS-DE-ALCONETAR","ID_DESTINO":"GARROVILLAS-DE-ALCONETAR","NOMBRE_GRAFO":"http://datos.segittur.es/garrovillas-de-alconetar","ID_GRAFO":"garrovillas-de-alconetar","F_ALTA_GRAFO":"2026-09-14 00:00:00","TRIPLETAS_GRAFO":null,"TRIPLETAS_GRAFO 09/07/2026":null,"TRIPLETAS_GRAFO 27/07/2026":null,"TRIPLETAS_GRAFO 30/07/2026":null,"TRIPLETAS_GRAFO 21/08/2026":null,"TRIPLETAS_GRAFO 10/09/2026":null,"TRIPLETAS_GRAFO 18/09/2026":305,"c_ine":"10082000000","join_status":"matched"},"geometry":{"type":"Polygon","coordinates":[[[-6.60435412,39.721221434],[-6.593760548,39.733277107],[-6.582915741,39.726605516],[-6.55630652,39.742880605],[-6.545912082,39.740857267],[-6.544906405,39.755136922],[-6.506169132,39.762368005],[-6.485035466,39.758015522],[-6.443670114,39.770519785],[-6.435744243,39.754091808],[-6.433341553,39.731573055],[-6.438281747,39.726995128],[-6.426453533,39.716401582],[-6.41056337,39.717482559],[-6.406085844,39.711822543],[-6.417764248,39.67885482],[-6.426870806,39.677730415],[-6.427979473,39.685056532],[-6.434746003,39.678812503],[-6.461664798,39.686577936],[-6.437504768,39.651015641],[-6.447806751,39.639802191],[-6.465733274,39.627387557],[-6.531884627,39.61189089],[-6.571739107,39.617191855],[-6.601880881,39.642578247],[-6.608087395,39.672729501],[-6.596313215,39.693324662],[-6.60435412,39.721221434]]]}},{"type":"Feature","properties":{"NOMBRE_DESTINO":"GATA","ID_DESTINO":"GATA","NOMBRE_GRAFO":"http://datos.segittur.es/gata","ID_GRAFO":"gata","F_ALTA_GRAFO":"2026-09-14 00:00:00","TRIPLETAS_GRAFO":null,"TRIPLETAS_GRAFO 09/07/2026":null,"TRIPLETAS_GRAFO 27/07/2026":null,"TRIPLETAS_GRAFO 30/07/2026":null,"TRIPLETAS_GRAFO 21/08/2026":null,"TRIPLETAS_GRAFO 10/09/2026":null,"TRIPLETAS_GRAFO 18/09/2026":233,"c_ine":"10084000000","join_status":"matched"},"geometry":{"type":"MultiPolygon","coordinates":[[[[-6.651986612,40.110096483],[-6.632551035,40.127937549],[-6.633499419,40.133401579],[-6.606722841,40.134284827],[-6.583882559,40.121899663],[-6.601589569,40.097761947],[-6.612381122,40.093372566],[-6.626659497,40.068563582],[-6.651724174,40.093803382],[-6.651986612,40.110096483]]],[[[-6.68976896,40.244754627],[-6.677764528,40.250955181],[-6.671752814,40.263232446],[-6.597417515,40.271640824],[-6.58498433,40.269541551],[-6.565140755,40.251260421],[-6.568153541,40.233893431],[-6.591896615,40.22489026],[-6.587464212,40.204592712],[-6.592335375,40.200748865],[-6.60473412,40.203100795],[-6.674705952,40.184677536],[-6.67760011,40.193897863],[-6.671663114,40.202696469],[-6.680383588,40.22404283],[-6.692243173,40.233201947],[-6.68976896,40.244754627]]]]}},{"type":"Feature","properties":{"NOMBRE_DESTINO":"GETAFE","ID_DESTINO":"GETAFE","NOMBRE_GRAFO":"http://datos.segittur.es/getafe","ID_GRAFO":"getafe","F_ALTA_GRAFO":"2026-03-09 08:41:41.527000","TRIPLETAS_GRAFO":16598,"TRIPLETAS_GRAFO 09/07/2026":12937,"TRIPLETAS_GRAFO 27/07/2026":15061,"TRIPLETAS_GRAFO 30/07/2026":15061,"TRIPLETAS_GRAFO 21/08/2026":15306,"TRIPLETAS_GRAFO 10/09/2026":15298,"TRIPLETAS_GRAFO 18/09/2026":15298,"c_ine":"28065000000","join_status":"matched"},"geometry":{"type":"Polygon","coordinates":[[[-3.761743434,40.294208306],[-3.74154827,40.32513649],[-3.72492634,40.33498617],[-3.712542793,40.323494494],[-3.692998894,40.320052899],[-3.649155992,40.333415644],[-3.611150858,40.314312876],[-3.576126232,40.314885745],[-3.5700364,40.291784024],[-3.571505317,40.287120193],[-3.596604515,40.284985398],[-3.594828398,40.274245671],[-3.617853217,40.267264665],[-3.62290795,40.266375419],[-3.63819287,40.291691873],[-3.646453361,40.292818176],[-3.680623392,40.273776862],[-3.711460987,40.266903047],[-3.754838077,40.277436936],[-3.761743434,40.294208306]]]}},{"type":"Feature","properties":{"NOMBRE_DESTINO":"GIJON","ID_DESTINO":"GIJON","NOMBRE_GRAFO":"http://datos.segittur.es/gijon","ID_GRAFO":"gijon","F_ALTA_GRAFO":"2026-03-26 11:26:43.682000","TRIPLETAS_GRAFO":6740,"TRIPLETAS_GRAFO 09/07/2026":6740,"TRIPLETAS_GRAFO 27/07/2026":6740,"TRIPLETAS_GRAFO 30/07/2026":6740,"TRIPLETAS_GRAFO 21/08/2026":6740,"TRIPLETAS_GRAFO 10/09/2026":6755,"TRIPLETAS_GRAFO 18/09/2026":6755,"c_ine":"33024000000","join_status":"matched"},"geometry":{"type":"MultiPolygon","coordinates":[[[[-5.819288681,43.507269602],[-5.742756211,43.537620683],[-5.717699915,43.55731656],[-5.708868894,43.572685806],[-5.696365753,43.572435381],[-5.695917659,43.581372798],[-5.675587664,43.586689347],[-5.674523054,43.579648975],[-5.692975636,43.57842897],[-5.687311721,43.569369597],[-5.675889895,43.570946322],[-5.682144218,43.569303314],[-5.680310585,43.565055095],[-5.693014431,43.565131176],[-5.691620333,43.56107631],[-5.700890747,43.568204608],[-5.692709196,43.555225194],[-5.698448002,43.55787196],[-5.695564056,43.550115744],[-5.686235401,43.560557396],[-5.680411599,43.556151999],[-5.693186595,43.544559513],[-5.679353315,43.545476203],[-5.677772094,43.540259452],[-5.676655326,43.545230128],[-5.66458975,43.544277236],[-5.670415056,43.546591718],[-5.663786878,43.54974284],[-5.660155288,43.543256624],[-5.648456142,43.541790769],[-5.6392136,43.551619144],[-5.628808001,43.550130503],[-5.617477508,43.558990887],[-5.609296782,43.549886118],[-5.590673373,43.547455796],[-5.583609177,43.537990665],[-5.586935094,43.532702152],[-5.574075803,43.5256995],[-5.575195524,43.518282069],[-5.562876284,43.501721785],[-5.57052242,43.502639479],[-5.584942309,43.486052983],[-5.585514159,43.443226089],[-5.605278221,43.441894748],[-5.624112867,43.443093453],[-5.645317942,43.454993914],[-5.682467959,43.454082666],[-5.697895013,43.466081795],[-5.717562947,43.451191412],[-5.725778327,43.457442505],[-5.731874481,43.448995305],[-5.747606398,43.447897711],[-5.811205131,43.485832442],[-5.817667208,43.491323656],[-5.819288681,43.507269602]]],[[[-5.597561201,43.549019109],[-5.598344569,43.549100334],[-5.598499545,43.549249874],[-5.598150568,43.549482909],[-5.597561201,43.549019109]]],[[[-5.602441573,43.549952469],[-5.602440823,43.550222601],[-5.602278114,43.550181289],[-5.602441573,43.549952469]]],[[[-5.605411679,43.550506027],[-5.605536166,43.550809318],[-5.605290372,43.55085094],[-5.605411679,43.550506027]]],[[[-5.607121728,43.556405078],[-5.607187884,43.556790731],[-5.607032092,43.556623215],[-5.607121728,43.556405078]]],[[[-5.615883744,43.557352692],[-5.615669675,43.557555678],[-5.615637542,43.557385342],[-5.615883744,43.557352692]]],[[[-5.700960057,43.573632248],[-5.700713845,43.573665081],[-5.700869841,43.573553347],[-5.700960057,43.573632248]]],[[[-5.697087222,43.573984856],[-5.697056455,43.573850525],[-5.69719575,43.573919267],[-5.697087222,43.573984856]]],[[[-5.70119329,43.574139949],[-5.701138273,43.574294314],[-5.70109593,43.574178266],[-5.70119329,43.574139949]]]]}},{"type":"Feature","properties":{"NOMBRE_DESTINO":"GORGA","ID_DESTINO":"GORGA","NOMBRE_GRAFO":"http://datos.segittur.es/gorga","ID_GRAFO":"gorga","F_ALTA_GRAFO":"2026-07-10 00:00:00","TRIPLETAS_GRAFO":null,"TRIPLETAS_GRAFO 09/07/2026":null,"TRIPLETAS_GRAFO 27/07/2026":null,"TRIPLETAS_GRAFO 30/07/2026":null,"TRIPLETAS_GRAFO 21/08/2026":null,"TRIPLETAS_GRAFO 10/09/2026":10,"TRIPLETAS_GRAFO 18/09/2026":10,"c_ine":"03073000000","join_status":"matched"},"geometry":{"type":"Polygon","coordinates":[[[-0.408047162,38.723620202],[-0.40983608,38.729498141],[-0.397307955,38.735265158],[-0.369209022,38.725788118],[-0.350291458,38.732261875],[-0.341488114,38.721196238],[-0.347903383,38.712863931],[-0.365408537,38.708710152],[-0.408047162,38.723620202]]]}},{"type":"Feature","properties":{"NOMBRE_DESTINO":"GRANADA","ID_DESTINO":"GRANADA","NOMBRE_GRAFO":"http://datos.segittur.es/granada","ID_GRAFO":"granada","F_ALTA_GRAFO":"2026-06-13 00:00:00","TRIPLETAS_GRAFO":"Sin datos","TRIPLETAS_GRAFO 09/07/2026":"Sin datos","TRIPLETAS_GRAFO 27/07/2026":4334,"TRIPLETAS_GRAFO 30/07/2026":4334,"TRIPLETAS_GRAFO 21/08/2026":4334,"TRIPLETAS_GRAFO 10/09/2026":98552,"TRIPLETAS_GRAFO 18/09/2026":98552,"c_ine":"18087000000","join_status":"matched"},"geometry":{"type":"Polygon","coordinates":[[[-3.698918792,37.18815187],[-3.698630526,37.204381804],[-3.689516659,37.208410309],[-3.652683927,37.20670789],[-3.647406065,37.19834484],[-3.602892878,37.214885868],[-3.591345308,37.208282716],[-3.572368178,37.208420941],[-3.554999004,37.225017174],[-3.517229774,37.209061847],[-3.509946938,37.217070799],[-3.498076542,37.206466615],[-3.503429051,37.197898693],[-3.496326736,37.192213674],[-3.515172604,37.181604942],[-3.52410503,37.16833347],[-3.54625161,37.168641066],[-3.550494688,37.158173324],[-3.560044161,37.160749035],[-3.580448285,37.152386489],[-3.586696952,37.146370419],[-3.578582504,37.141028868],[-3.601574744,37.136750031],[-3.610031935,37.138356426],[-3.605536609,37.151986071],[-3.616454064,37.161216828],[-3.655626205,37.160960847],[-3.657306818,37.171786716],[-3.648871849,37.172638151],[-3.655897223,37.177747484],[-3.698918792,37.18815187]]]}},{"type":"Feature","properties":{"NOMBRE_DESTINO":"GRANJA_DE_ROCAMORA","ID_DESTINO":"GRANJA_DE_ROCAMORA","NOMBRE_GRAFO":"http://datos.segittur.es/granja-de-rocamora","ID_GRAFO":"granja_de_rocamora","F_ALTA_GRAFO":"2026-07-10 00:00:00","TRIPLETAS_GRAFO":null,"TRIPLETAS_GRAFO 09/07/2026":null,"TRIPLETAS_GRAFO 27/07/2026":null,"TRIPLETAS_GRAFO 30/07/2026":null,"TRIPLETAS_GRAFO 21/08/2026":null,"TRIPLETAS_GRAFO 10/09/2026":50,"TRIPLETAS_GRAFO 18/09/2026":50,"c_ine":"03074000000","join_status":"matched"},"geometry":{"type":"MultiPolygon","coordinates":[[[[-0.934816351,38.149495979],[-0.934522906,38.151806706],[-0.932000615,38.141318235],[-0.934816351,38.149495979]]],[[[-0.955459832,38.154786711],[-0.944036103,38.154388822],[-0.941453267,38.139510954],[-0.949328573,38.140640072],[-0.955459832,38.154786711]]],[[[-0.89472955,38.160731505],[-0.843645647,38.162994324],[-0.84767835,38.155678026],[-0.897774564,38.149878526],[-0.89472955,38.160731505]]],[[[-0.945182238,38.170872452],[-0.92801947,38.144510083],[-0.929273159,38.143351739],[-0.945182238,38.170872452]]]]}},{"type":"Feature","properties":{"NOMBRE_DESTINO":"GRAZALEMA","ID_DESTINO":"GRAZALEMA","NOMBRE_GRAFO":"http://datos.segittur.es/grazalema","ID_GRAFO":"grazalema","F_ALTA_GRAFO":"2026-03-26 11:31:37.356000","TRIPLETAS_GRAFO":10902,"TRIPLETAS_GRAFO 09/07/2026":10902,"TRIPLETAS_GRAFO 27/07/2026":10902,"TRIPLETAS_GRAFO 30/07/2026":10902,"TRIPLETAS_GRAFO 21/08/2026":10902,"TRIPLETAS_GRAFO 10/09/2026":10902,"TRIPLETAS_GRAFO 18/09/2026":10902,"c_ine":"11019000000","join_status":"matched"},"geometry":{"type":"Polygon","coordinates":[[[-5.501511388,36.794783071],[-5.460229633,36.806369162],[-5.371673453,36.805176718],[-5.340713914,36.819417579],[-5.326542223,36.805266398],[-5.319818833,36.786732332],[-5.290934912,36.775170047],[-5.316238698,36.730300834],[-5.324625877,36.724008545],[-5.33449425,36.729340197],[-5.344315553,36.720557911],[-5.353127036,36.730117777],[-5.363435723,36.724154305],[-5.369350849,36.732652838],[-5.391377152,36.733419851],[-5.419640728,36.747385764],[-5.447115775,36.735855466],[-5.454268987,36.745288463],[-5.481893674,36.754593082],[-5.483452965,36.781066167],[-5.501511388,36.794783071]]]}},{"type":"Feature","properties":{"NOMBRE_DESTINO":"GUADALCANAL","ID_DESTINO":"GUADALCANAL","NOMBRE_GRAFO":"http://datos.segittur.es/guadalcanal","ID_GRAFO":"guadalcanal","F_ALTA_GRAFO":"2026-08-21 00:00:00","TRIPLETAS_GRAFO":null,"TRIPLETAS_GRAFO 09/07/2026":null,"TRIPLETAS_GRAFO 27/07/2026":null,"TRIPLETAS_GRAFO 30/07/2026":null,"TRIPLETAS_GRAFO 21/08/2026":1064,"TRIPLETAS_GRAFO 10/09/2026":1064,"TRIPLETAS_GRAFO 18/09/2026":1064,"c_ine":"41048000000","join_status":"matched"},"geometry":{"type":"Polygon","coordinates":[[[-5.936460541,38.024420043],[-5.934224207,38.04687453],[-5.919278122,38.049796701],[-5.908044819,38.068248348],[-5.910809826,38.078198873],[-5.929304198,38.089208594],[-5.926377783,38.105012754],[-5.912518806,38.122971598],[-5.880664627,38.132280839],[-5.874683746,38.158339855],[-5.856236469,38.16166435],[-5.851523287,38.171906065],[-5.823094282,38.169863263],[-5.822774451,38.175475136],[-5.811236967,38.178193735],[-5.810627189,38.173613261],[-5.803717095,38.178247467],[-5.799433491,38.174583542],[-5.781704141,38.185880092],[-5.757280145,38.180563795],[-5.749474201,38.19001825],[-5.728162424,38.197417261],[-5.713495788,38.185854863],[-5.694730339,38.186521405],[-5.697868158,38.17967368],[-5.68861201,38.181877284],[-5.684242811,38.157064005],[-5.695006425,38.171089627],[-5.705785859,38.169382044],[-5.69525767,38.149711635],[-5.715411967,38.133830879],[-5.730797073,38.137105259],[-5.740151261,38.130084715],[-5.730613037,38.075822126],[-5.741136849,38.05056467],[-5.742122762,38.027511346],[-5.758065625,38.01311833],[-5.752344393,38.006611812],[-5.760251688,37.998830729],[-5.781933454,37.999491029],[-5.808922218,38.022248837],[-5.856759885,38.036917494],[-5.894384255,38.034510047],[-5.899770622,38.02377248],[-5.906206845,38.033884853],[-5.917853454,38.035434223],[-5.936460541,38.024420043]]]}},{"type":"Feature","properties":{"NOMBRE_DESTINO":"GUADALUPE","ID_DESTINO":"GUADALUPE","NOMBRE_GRAFO":"http://datos.segittur.es/guadalupe","ID_GRAFO":"guadalupe","F_ALTA_GRAFO":"2026-09-15 00:00:00","TRIPLETAS_GRAFO":null,"TRIPLETAS_GRAFO 09/07/2026":null,"TRIPLETAS_GRAFO 27/07/2026":null,"TRIPLETAS_GRAFO 30/07/2026":null,"TRIPLETAS_GRAFO 21/08/2026":null,"TRIPLETAS_GRAFO 10/09/2026":null,"TRIPLETAS_GRAFO 18/09/2026":221,"c_ine":"10087000000","join_status":"matched"},"geometry":{"type":"Polygon","coordinates":[[[-5.382353877,39.467346672],[-5.377615177,39.476326643],[-5.339045845,39.472919812],[-5.296489159,39.503660794],[-5.285152867,39.480667545],[-5.271603308,39.482284524],[-5.262719971,39.473646732],[-5.272050363,39.450653259],[-5.286026481,39.438108666],[-5.276892028,39.414494254],[-5.295782677,39.407924491],[-5.311492275,39.390937129],[-5.312335866,39.402416243],[-5.345424678,39.417790201],[-5.350587185,39.427280792],[-5.375276045,39.431824324],[-5.382847869,39.444011968],[-5.377819987,39.458790744],[-5.382353877,39.467346672]]]}},{"type":"Feature","properties":{"NOMBRE_DESTINO":"GUARDAMAR_DEL_SEGURA","ID_DESTINO":"GUARDAMAR_DEL_SEGURA","NOMBRE_GRAFO":"http://datos.segittur.es/guardamar-del-segura","ID_GRAFO":"guardamar_del_segura","F_ALTA_GRAFO":"2026-07-10 00:00:00","TRIPLETAS_GRAFO":null,"TRIPLETAS_GRAFO 09/07/2026":null,"TRIPLETAS_GRAFO 27/07/2026":null,"TRIPLETAS_GRAFO 30/07/2026":null,"TRIPLETAS_GRAFO 21/08/2026":null,"TRIPLETAS_GRAFO 10/09/2026":5787,"TRIPLETAS_GRAFO 18/09/2026":5787,"c_ine":"03076000000","join_status":"matched"},"geometry":{"type":"Polygon","coordinates":[[[-0.699257937,38.114930367],[-0.65414611,38.109297292],[-0.655844243,38.128633302],[-0.639164071,38.127458834],[-0.650113718,38.029496999],[-0.664303255,38.032606148],[-0.672530497,38.047818761],[-0.692904596,38.048048108],[-0.699257937,38.114930367]]]}},{"type":"Feature","properties":{"NOMBRE_DESTINO":"GUIJO-DE-GRANADILLA","ID_DESTINO":"GUIJO-DE-GRANADILLA","NOMBRE_GRAFO":"http://datos.segittur.es/guijo-de-granadilla","ID_GRAFO":"guijo-de-granadilla","F_ALTA_GRAFO":"2026-09-15 00:00:00","TRIPLETAS_GRAFO":null,"TRIPLETAS_GRAFO 09/07/2026":null,"TRIPLETAS_GRAFO 27/07/2026":null,"TRIPLETAS_GRAFO 30/07/2026":null,"TRIPLETAS_GRAFO 21/08/2026":null,"TRIPLETAS_GRAFO 10/09/2026":null,"TRIPLETAS_GRAFO 18/09/2026":105,"c_ine":"10090000000","join_status":"matched"},"geometry":{"type":"Polygon","coordinates":[[[-6.209540808,40.22354714],[-6.196230841,40.237597404],[-6.17445636,40.244709331],[-6.155796219,40.237996514],[-6.132407048,40.242055178],[-6.133033969,40.23283772],[-6.11295596,40.236702903],[-6.122507015,40.227367924],[-6.116508455,40.222585847],[-6.09471198,40.2277094],[-6.091826652,40.215777139],[-6.100012211,40.187694847],[-6.065138791,40.177044737],[-6.097500569,40.168101238],[-6.156765789,40.131056245],[-6.176012088,40.163324212],[-6.172567253,40.168003332],[-6.180719926,40.184181262],[-6.173384982,40.203918989],[-6.209540808,40.22354714]]]}},{"type":"Feature","properties":{"NOMBRE_DESTINO":"GUIJO DE SANTA BARBARA","ID_DESTINO":"GUIJO_DE_SANTA_BARBARA","NOMBRE_GRAFO":"http://datos.segittur.es/guijo_de_santa_barbara","ID_GRAFO":"guijo de santa barbara","F_ALTA_GRAFO":"2026-06-01 00:00:00","TRIPLETAS_GRAFO":255,"TRIPLETAS_GRAFO 09/07/2026":255,"TRIPLETAS_GRAFO 27/07/2026":255,"TRIPLETAS_GRAFO 30/07/2026":255,"TRIPLETAS_GRAFO 21/08/2026":255,"TRIPLETAS_GRAFO 10/09/2026":255,"TRIPLETAS_GRAFO 18/09/2026":400,"c_ine":"10091000000","join_status":"matched"},"geometry":{"type":"Polygon","coordinates":[[[-5.68085469,40.176056076],[-5.647046362,40.20866781],[-5.619442877,40.207008272],[-5.622207216,40.134225648],[-5.640315144,40.132084383],[-5.647661113,40.144158225],[-5.680127735,40.150130599],[-5.685415477,40.161880257],[-5.68085469,40.176056076]]]}},{"type":"Feature","properties":{"NOMBRE_DESTINO":"HARANAVALLE_DE_ARANA","ID_DESTINO":"HARANAVALLE_DE_ARANA","NOMBRE_GRAFO":"http://datos.segittur.es/haranavalle-de-arana","ID_GRAFO":"haranavalle_de_arana","F_ALTA_GRAFO":"2026-08-05 00:00:00","TRIPLETAS_GRAFO":null,"TRIPLETAS_GRAFO 09/07/2026":null,"TRIPLETAS_GRAFO 27/07/2026":null,"TRIPLETAS_GRAFO 30/07/2026":null,"TRIPLETAS_GRAFO 21/08/2026":null,"TRIPLETAS_GRAFO 10/09/2026":715,"TRIPLETAS_GRAFO 18/09/2026":715,"c_ine":"01056000000","join_status":"matched"},"geometry":{"type":"Polygon","coordinates":[[[-2.377801472,42.732038545],[-2.37307678,42.740225727],[-2.380402891,42.748001417],[-2.373991004,42.75738618],[-2.33533671,42.769928547],[-2.325897776,42.779157843],[-2.305324562,42.77574765],[-2.319032293,42.796488523],[-2.307335727,42.797039601],[-2.279156183,42.78380754],[-2.262075356,42.748982645],[-2.304391711,42.735757753],[-2.331945113,42.738686826],[-2.345187374,42.729523832],[-2.339833876,42.726377126],[-2.345574063,42.716008761],[-2.368198525,42.739370343],[-2.377801472,42.732038545]]]}},{"type":"Feature","properties":{"NOMBRE_DESTINO":"HERGUIJUELA","ID_DESTINO":"HERGUIJUELA","NOMBRE_GRAFO":"http://datos.segittur.es/herguijuela","ID_GRAFO":"herguijuela","F_ALTA_GRAFO":"2026-09-15 00:00:00","TRIPLETAS_GRAFO":null,"TRIPLETAS_GRAFO 09/07/2026":null,"TRIPLETAS_GRAFO 27/07/2026":null,"TRIPLETAS_GRAFO 30/07/2026":null,"TRIPLETAS_GRAFO 21/08/2026":null,"TRIPLETAS_GRAFO 10/09/2026":null,"TRIPLETAS_GRAFO 18/09/2026":31,"c_ine":"10092000000","join_status":"matched"},"geometry":{"type":"Polygon","coordinates":[[[-5.79594941,39.379464224],[-5.78278205,39.377609098],[-5.772368045,39.392217717],[-5.744875905,39.400518455],[-5.687725423,39.382124181],[-5.742033871,39.366793914],[-5.754135005,39.340121133],[-5.769988552,39.332636698],[-5.779403461,39.318763737],[-5.788219666,39.326399419],[-5.786853247,39.340179524],[-5.805726261,39.341860763],[-5.801138872,39.347259455],[-5.818288618,39.366916258],[-5.79594941,39.379464224]]]}},{"type":"Feature","properties":{"NOMBRE_DESTINO":"HERNANPEREZ","ID_DESTINO":"HERNANPEREZ","NOMBRE_GRAFO":"http://datos.segittur.es/hernanperez","ID_GRAFO":"hernanperez","F_ALTA_GRAFO":"2026-09-15 00:00:00","TRIPLETAS_GRAFO":null,"TRIPLETAS_GRAFO 09/07/2026":null,"TRIPLETAS_GRAFO 27/07/2026":null,"TRIPLETAS_GRAFO 30/07/2026":null,"TRIPLETAS_GRAFO 21/08/2026":null,"TRIPLETAS_GRAFO 10/09/2026":null,"TRIPLETAS_GRAFO 18/09/2026":13,"c_ine":"10093000000","join_status":"matched"},"geometry":{"type":"Polygon","coordinates":[[[-6.495814979,40.180975613],[-6.514096587,40.196633023],[-6.503370254,40.20090338],[-6.518486447,40.220402496],[-6.515061606,40.24616586],[-6.470499007,40.252286063],[-6.45151047,40.226078398],[-6.437233271,40.221424132],[-6.443442208,40.214340328],[-6.436328878,40.204239468],[-6.495814979,40.180975613]]]}},{"type":"Feature","properties":{"NOMBRE_DESTINO":"HERRERUELA","ID_DESTINO":"HERRERUELA","NOMBRE_GRAFO":"http://datos.segittur.es/herreruela","ID_GRAFO":"herreruela","F_ALTA_GRAFO":"2026-09-11 00:00:00","TRIPLETAS_GRAFO":null,"TRIPLETAS_GRAFO 09/07/2026":null,"TRIPLETAS_GRAFO 27/07/2026":null,"TRIPLETAS_GRAFO 30/07/2026":null,"TRIPLETAS_GRAFO 21/08/2026":null,"TRIPLETAS_GRAFO 10/09/2026":null,"TRIPLETAS_GRAFO 18/09/2026":39,"c_ine":"10095000000","join_status":"matched"},"geometry":{"type":"Polygon","coordinates":[[[-6.935835271,39.396876508],[-6.91256468,39.437319079],[-6.936673269,39.479258067],[-6.930880358,39.503897824],[-6.881734148,39.484025907],[-6.865877297,39.471180181],[-6.839817909,39.466857022],[-6.806440358,39.447177418],[-6.783355582,39.439636455],[-6.767018054,39.445985887],[-6.760563715,39.438521209],[-6.797148359,39.407032111],[-6.795373297,39.397002482],[-6.802069756,39.38949703],[-6.883224632,39.38276001],[-6.935835271,39.396876508]]]}},{"type":"Feature","properties":{"NOMBRE_DESTINO":"HERVAS","ID_DESTINO":"HERVAS","NOMBRE_GRAFO":"http://datos.segittur.es/hervas","ID_GRAFO":"hervas","F_ALTA_GRAFO":"2026-09-11 00:00:00","TRIPLETAS_GRAFO":null,"TRIPLETAS_GRAFO 09/07/2026":null,"TRIPLETAS_GRAFO 27/07/2026":null,"TRIPLETAS_GRAFO 30/07/2026":null,"TRIPLETAS_GRAFO 21/08/2026":null,"TRIPLETAS_GRAFO 10/09/2026":null,"TRIPLETAS_GRAFO 18/09/2026":428,"c_ine":"10096000000","join_status":"matched"},"geometry":{"type":"Polygon","coordinates":[[[-5.912933152,40.266310797],[-5.835788417,40.311328863],[-5.814881344,40.311929913],[-5.817917138,40.298353834],[-5.809794626,40.28829205],[-5.764991306,40.280778976],[-5.763428913,40.275051519],[-5.780727427,40.252091173],[-5.820265331,40.248755741],[-5.853217758,40.228950781],[-5.912933152,40.266310797]]]}},{"type":"Feature","properties":{"NOMBRE_DESTINO":"HIGUERA-DE-ALBALAT","ID_DESTINO":"HIGUERA-DE-ALBALAT","NOMBRE_GRAFO":"http://datos.segittur.es/higuera-de-albalat","ID_GRAFO":"higuera-de-albalat","F_ALTA_GRAFO":"2026-09-11 00:00:00","TRIPLETAS_GRAFO":null,"TRIPLETAS_GRAFO 09/07/2026":null,"TRIPLETAS_GRAFO 27/07/2026":null,"TRIPLETAS_GRAFO 30/07/2026":null,"TRIPLETAS_GRAFO 21/08/2026":null,"TRIPLETAS_GRAFO 10/09/2026":null,"TRIPLETAS_GRAFO 18/09/2026":33,"c_ine":"10097000000","join_status":"matched"},"geometry":{"type":"Polygon","coordinates":[[[-5.696354681,39.78275588],[-5.651040789,39.771503648],[-5.643782389,39.766696627],[-5.648671883,39.758432548],[-5.640729145,39.742083161],[-5.622946477,39.738414643],[-5.625005349,39.715486664],[-5.643684026,39.699397016],[-5.635558671,39.677709226],[-5.641520202,39.67323163],[-5.655397992,39.683418879],[-5.678906612,39.68442816],[-5.693383675,39.70083079],[-5.694737331,39.71104192],[-5.667455228,39.753381011],[-5.696354681,39.78275588]]]}},{"type":"Feature","properties":{"NOMBRE_DESTINO":"HINOJAL","ID_DESTINO":"HINOJAL","NOMBRE_GRAFO":"http://datos.segittur.es/hinojal","ID_GRAFO":"hinojal","F_ALTA_GRAFO":"2026-09-11 00:00:00","TRIPLETAS_GRAFO":null,"TRIPLETAS_GRAFO 09/07/2026":null,"TRIPLETAS_GRAFO 27/07/2026":null,"TRIPLETAS_GRAFO 30/07/2026":null,"TRIPLETAS_GRAFO 21/08/2026":null,"TRIPLETAS_GRAFO 10/09/2026":null,"TRIPLETAS_GRAFO 18/09/2026":33,"c_ine":"10098000000","join_status":"matched"},"geometry":{"type":"Polygon","coordinates":[[[-6.415697159,39.718466343],[-6.374386773,39.737384164],[-6.328483973,39.745745722],[-6.30311112,39.739760838],[-6.304157371,39.723814948],[-6.296945815,39.713967925],[-6.305011411,39.705559628],[-6.315117445,39.655298074],[-6.345492002,39.670891688],[-6.381329444,39.672734915],[-6.385440435,39.685540448],[-6.40967734,39.693117103],[-6.406103559,39.712182311],[-6.415697159,39.718466343]]]}},{"type":"Feature","properties":{"NOMBRE_DESTINO":"HONDON_DE_LOS_FRAILES","ID_DESTINO":"HONDON_DE_LOS_FRAILES","NOMBRE_GRAFO":"http://datos.segittur.es/hondon-de-los-frailes","ID_GRAFO":"hondon_de_los_frailes","F_ALTA_GRAFO":"2026-07-10 00:00:00","TRIPLETAS_GRAFO":null,"TRIPLETAS_GRAFO 09/07/2026":null,"TRIPLETAS_GRAFO 27/07/2026":null,"TRIPLETAS_GRAFO 30/07/2026":null,"TRIPLETAS_GRAFO 21/08/2026":null,"TRIPLETAS_GRAFO 10/09/2026":20,"TRIPLETAS_GRAFO 18/09/2026":20,"c_ine":"03078000000","join_status":"matched"},"geometry":{"type":"Polygon","coordinates":[[[-0.948682453,38.283608741],[-0.914029081,38.281294338],[-0.899721446,38.268035856],[-0.924720758,38.253901131],[-0.962438778,38.257328923],[-0.948682453,38.283608741]]]}},{"type":"Feature","properties":{"NOMBRE_DESTINO":"HORNOS","ID_DESTINO":"HORNOS","NOMBRE_GRAFO":"http://datos.segittur.es/hornos","ID_GRAFO":"hornos","F_ALTA_GRAFO":"2026-08-03 00:00:00","TRIPLETAS_GRAFO":null,"TRIPLETAS_GRAFO 09/07/2026":null,"TRIPLETAS_GRAFO 27/07/2026":null,"TRIPLETAS_GRAFO 30/07/2026":null,"TRIPLETAS_GRAFO 21/08/2026":586,"TRIPLETAS_GRAFO 10/09/2026":586,"TRIPLETAS_GRAFO 18/09/2026":586,"c_ine":"23043000000","join_status":"matched"},"geometry":{"type":"MultiPolygon","coordinates":[[[[-2.806399906,38.082412608],[-2.828827551,38.097643518],[-2.811891193,38.137841528],[-2.796417871,38.146026147],[-2.781251905,38.145683322],[-2.777644964,38.138367209],[-2.784369589,38.125527644],[-2.765239308,38.124643619],[-2.761387844,38.112639851],[-2.777423108,38.098575235],[-2.798040589,38.095377075],[-2.806399906,38.082412608]]],[[[-2.803022916,38.193723235],[-2.794430778,38.207470541],[-2.781332082,38.210520092],[-2.768450473,38.241921819],[-2.744256625,38.236022487],[-2.714649868,38.244993939],[-2.674026467,38.231712111],[-2.655423383,38.241744223],[-2.651122546,38.204482323],[-2.635296761,38.194457237],[-2.62970066,38.174260281],[-2.634215405,38.166397312],[-2.70080154,38.177707642],[-2.719470027,38.177375293],[-2.750508821,38.165350613],[-2.789538209,38.169203581],[-2.803022916,38.193723235]]]]}},{"type":"Feature","properties":{"NOMBRE_DESTINO":"HOYOS","ID_DESTINO":"HOYOS","NOMBRE_GRAFO":"http://datos.segittur.es/hoyos","ID_GRAFO":"hoyos","F_ALTA_GRAFO":"2026-09-11 00:00:00","TRIPLETAS_GRAFO":null,"TRIPLETAS_GRAFO 09/07/2026":null,"TRIPLETAS_GRAFO 27/07/2026":null,"TRIPLETAS_GRAFO 30/07/2026":null,"TRIPLETAS_GRAFO 21/08/2026":null,"TRIPLETAS_GRAFO 10/09/2026":null,"TRIPLETAS_GRAFO 18/09/2026":111,"c_ine":"10100000000","join_status":"matched"},"geometry":{"type":"Polygon","coordinates":[[[-6.745354695,40.182878631],[-6.729808285,40.185875914],[-6.691748472,40.173723466],[-6.700579821,40.154771451],[-6.724880484,40.142841649],[-6.724818636,40.135701801],[-6.726990404,40.133146142],[-6.726790595,40.140861806],[-6.74420282,40.145946137],[-6.745354695,40.182878631]]]}},{"type":"Feature","properties":{"NOMBRE_DESTINO":"IBI","ID_DESTINO":"IBI","NOMBRE_GRAFO":"http://datos.segittur.es/ibi","ID_GRAFO":"ibi","F_ALTA_GRAFO":"2026-07-10 00:00:00","TRIPLETAS_GRAFO":null,"TRIPLETAS_GRAFO 09/07/2026":null,"TRIPLETAS_GRAFO 27/07/2026":null,"TRIPLETAS_GRAFO 30/07/2026":null,"TRIPLETAS_GRAFO 21/08/2026":null,"TRIPLETAS_GRAFO 10/09/2026":467,"TRIPLETAS_GRAFO 18/09/2026":467,"c_ine":"03079000000","join_status":"matched"},"geometry":{"type":"Polygon","coordinates":[[[-0.61853617,38.61128764],[-0.611092,38.648785],[-0.583586,38.658657],[-0.524498,38.657899],[-0.495625,38.620298],[-0.513390979,38.607365788],[-0.575313539,38.589779819],[-0.608629678,38.591005558],[-0.61853617,38.61128764]]]}},{"type":"Feature","properties":{"NOMBRE_DESTINO":"IRUNA_OKAIRUNA_DE_OCA","ID_DESTINO":"IRUNA_OKAIRUNA_DE_OCA","NOMBRE_GRAFO":"http://datos.segittur.es/iruna-okairuna-de-oca","ID_GRAFO":"iruna_okairuna_de_oca","F_ALTA_GRAFO":"2026-08-06 00:00:00","TRIPLETAS_GRAFO":null,"TRIPLETAS_GRAFO 09/07/2026":null,"TRIPLETAS_GRAFO 27/07/2026":null,"TRIPLETAS_GRAFO 30/07/2026":null,"TRIPLETAS_GRAFO 21/08/2026":null,"TRIPLETAS_GRAFO 10/09/2026":916,"TRIPLETAS_GRAFO 18/09/2026":916,"c_ine":"01901000000","join_status":"matched"},"geometry":{"type":"Polygon","coordinates":[[[-2.867767719,42.843842794],[-2.838962305,42.848221759],[-2.835583339,42.85131758],[-2.848922183,42.860981911],[-2.837444253,42.865063992],[-2.814123614,42.856869366],[-2.789445863,42.857231382],[-2.764734687,42.847042849],[-2.762005782,42.818463323],[-2.787619499,42.818928507],[-2.790834848,42.808659346],[-2.779296434,42.799740104],[-2.779273416,42.792930598],[-2.810346654,42.791529379],[-2.826812348,42.784450459],[-2.835473533,42.796269546],[-2.878285591,42.808255904],[-2.867767719,42.843842794]]]}},{"type":"Feature","properties":{"NOMBRE_DESTINO":"IRURAIZGAUNA","ID_DESTINO":"IRURAIZGAUNA","NOMBRE_GRAFO":"http://datos.segittur.es/iruraizgauna","ID_GRAFO":"iruraizgauna","F_ALTA_GRAFO":"2026-08-05 00:00:00","TRIPLETAS_GRAFO":null,"TRIPLETAS_GRAFO 09/07/2026":null,"TRIPLETAS_GRAFO 27/07/2026":null,"TRIPLETAS_GRAFO 30/07/2026":null,"TRIPLETAS_GRAFO 21/08/2026":null,"TRIPLETAS_GRAFO 10/09/2026":676,"TRIPLETAS_GRAFO 18/09/2026":676,"c_ine":"01027000000","join_status":"matched"},"geometry":{"type":"MultiPolygon","coordinates":[[[[-2.477219474,42.789307722],[-2.469285955,42.80761498],[-2.473972723,42.815948615],[-2.467681358,42.819251395],[-2.461167742,42.807279737],[-2.466267451,42.78891478],[-2.477219474,42.789307722]]],[[[-2.559135614,42.784745783],[-2.574118652,42.803344705],[-2.571016349,42.818615129],[-2.56604083,42.816426035],[-2.558748035,42.833877358],[-2.550153434,42.822839338],[-2.561209269,42.807798468],[-2.559135614,42.784745783]]],[[[-2.526329846,42.831469089],[-2.512213484,42.823340867],[-2.51001185,42.789372331],[-2.534251963,42.790140242],[-2.528375289,42.813575016],[-2.534876222,42.822525955],[-2.526329846,42.831469089]]],[[[-2.49606108,42.795336095],[-2.499175822,42.807831222],[-2.50786423,42.810318505],[-2.502285977,42.830150998],[-2.482646087,42.821706669],[-2.484224877,42.798182888],[-2.49606108,42.795336095]]],[[[-2.493708124,42.85712887],[-2.478223896,42.870170614],[-2.427731065,42.857249197],[-2.418392345,42.827295676],[-2.406650796,42.828189794],[-2.409049091,42.806409314],[-2.4246886,42.80412984],[-2.438127457,42.792228688],[-2.444503565,42.794340156],[-2.450395658,42.822060131],[-2.441926349,42.833302667],[-2.493708124,42.85712887]]],[[[-2.482783706,42.833026955],[-2.478034681,42.840452633],[-2.465489809,42.832190785],[-2.473753136,42.827366344],[-2.482783706,42.833026955]]]]}},{"type":"Feature","properties":{"NOMBRE_DESTINO":"IZNATORAF","ID_DESTINO":"IZNATORAF","NOMBRE_GRAFO":"http://datos.segittur.es/iznatoraf","ID_GRAFO":"iznatoraf","F_ALTA_GRAFO":"2026-06-08 00:00:00","TRIPLETAS_GRAFO":null,"TRIPLETAS_GRAFO 09/07/2026":null,"TRIPLETAS_GRAFO 27/07/2026":null,"TRIPLETAS_GRAFO 30/07/2026":null,"TRIPLETAS_GRAFO 21/08/2026":202,"TRIPLETAS_GRAFO 10/09/2026":202,"TRIPLETAS_GRAFO 18/09/2026":202,"c_ine":"23048000000","join_status":"matched"},"geometry":{"type":"MultiPolygon","coordinates":[[[[-2.973603079,38.123318796],[-2.970447898,38.139288477],[-2.91674833,38.13741414],[-2.929342868,38.14079335],[-2.913743,38.141026018],[-2.903894435,38.150039937],[-2.885659765,38.133223688],[-2.836651303,38.118204024],[-2.84587195,38.100461316],[-2.903006333,38.105128722],[-2.92863357,38.095476746],[-2.973603079,38.123318796]]],[[[-3.14051303,38.169180386],[-3.133617963,38.175722492],[-3.125718378,38.169846083],[-3.099193928,38.174917455],[-3.100694068,38.161631792],[-3.070312813,38.155379928],[-3.062026784,38.155925046],[-3.075800323,38.174843924],[-3.043154626,38.167036379],[-3.024137242,38.170339664],[-3.01293546,38.156894265],[-3.012762455,38.146809104],[-3.026639093,38.112757185],[-3.015892675,38.109505208],[-3.016677947,38.101582852],[-3.007439885,38.105432048],[-3.002888621,38.099465648],[-3.024020972,38.094876252],[-3.031917035,38.077957489],[-3.042216983,38.084885437],[-3.040953041,38.108661717],[-3.057610225,38.112972375],[-3.064327996,38.137790269],[-3.098925509,38.145076753],[-3.109356402,38.137217694],[-3.11439186,38.154067029],[-3.14051303,38.169180386]]]]}},{"type":"Feature","properties":{"NOMBRE_DESTINO":"JARAICEJO","ID_DESTINO":"JARAICEJO","NOMBRE_GRAFO":"http://datos.segittur.es/jaraicejo","ID_GRAFO":"jaraicejo","F_ALTA_GRAFO":"2026-09-11 00:00:00","TRIPLETAS_GRAFO":null,"TRIPLETAS_GRAFO 09/07/2026":null,"TRIPLETAS_GRAFO 27/07/2026":null,"TRIPLETAS_GRAFO 30/07/2026":null,"TRIPLETAS_GRAFO 21/08/2026":null,"TRIPLETAS_GRAFO 10/09/2026":null,"TRIPLETAS_GRAFO 18/09/2026":13,"c_ine":"10103000000","join_status":"matched"},"geometry":{"type":"Polygon","coordinates":[[[-5.940704887,39.664317389],[-5.938419312,39.682157228],[-5.95803819,39.705304948],[-5.924754132,39.717174443],[-5.921829128,39.726076038],[-5.88838144,39.713464381],[-5.870174427,39.774162565],[-5.83838488,39.758029076],[-5.818077643,39.761402708],[-5.805333747,39.755266975],[-5.774860288,39.727542865],[-5.738812255,39.713626988],[-5.725866124,39.68493843],[-5.728367004,39.666133203],[-5.751969947,39.633812568],[-5.807309464,39.649081047],[-5.821919198,39.644709133],[-5.875385523,39.658350872],[-5.88776215,39.653863846],[-5.931465675,39.667154443],[-5.940704887,39.664317389]]]}},{"type":"Feature","properties":{"NOMBRE_DESTINO":"JARAIZ-DE-LA-VERA","ID_DESTINO":"JARAIZ-DE-LA-VERA","NOMBRE_GRAFO":"http://datos.segittur.es/jaraiz-de-la-vera","ID_GRAFO":"jaraiz-de-la-vera","F_ALTA_GRAFO":"2026-06-02 00:00:00","TRIPLETAS_GRAFO":null,"TRIPLETAS_GRAFO 09/07/2026":null,"TRIPLETAS_GRAFO 27/07/2026":null,"TRIPLETAS_GRAFO 30/07/2026":null,"TRIPLETAS_GRAFO 21/08/2026":null,"TRIPLETAS_GRAFO 10/09/2026":null,"TRIPLETAS_GRAFO 18/09/2026":269,"c_ine":"10104000000","join_status":"matched"},"geometry":{"type":"Polygon","coordinates":[[[-5.809633944,39.982064133],[-5.782194903,39.987743738],[-5.785382108,40.009682423],[-5.766995775,40.016185386],[-5.75764824,40.02959584],[-5.774015493,40.05612037],[-5.808632323,40.069554136],[-5.757601917,40.082788146],[-5.710436151,40.073623968],[-5.719701877,40.063380953],[-5.734154208,40.060086038],[-5.733369948,40.052492912],[-5.723092562,40.019288636],[-5.700464446,39.98590326],[-5.691761583,39.983763685],[-5.715586281,39.971812596],[-5.743181358,39.979702145],[-5.76558309,39.9669818],[-5.809633944,39.982064133]]]}},{"type":"Feature","properties":{"NOMBRE_DESTINO":"JARANDILLA-DE-LA-VERA","ID_DESTINO":"JARANDILLA-DE-LA-VERA","NOMBRE_GRAFO":"http://datos.segittur.es/jarandilla-de-la-vera","ID_GRAFO":"jarandilla-de-la-vera","F_ALTA_GRAFO":"2026-06-02 00:00:00","TRIPLETAS_GRAFO":null,"TRIPLETAS_GRAFO 09/07/2026":null,"TRIPLETAS_GRAFO 27/07/2026":null,"TRIPLETAS_GRAFO 30/07/2026":null,"TRIPLETAS_GRAFO 21/08/2026":null,"TRIPLETAS_GRAFO 10/09/2026":null,"TRIPLETAS_GRAFO 18/09/2026":267,"c_ine":"10105000000","join_status":"matched"},"geometry":{"type":"Polygon","coordinates":[[[-5.688387828,40.089001006],[-5.67645276,40.147720504],[-5.647661113,40.144158225],[-5.640721123,40.132264285],[-5.624076557,40.130652174],[-5.62144191,40.103931301],[-5.603542177,40.102740937],[-5.614754222,40.100227162],[-5.595298938,40.080919419],[-5.579035052,40.073499931],[-5.574380904,40.063253208],[-5.547496676,40.063847859],[-5.546298982,40.056244291],[-5.582309098,40.04097967],[-5.588109061,40.057974653],[-5.606618165,40.049326003],[-5.643519175,40.057866793],[-5.670389896,40.075923705],[-5.674002637,40.084641058],[-5.688387828,40.089001006]]]}},{"type":"Feature","properties":{"NOMBRE_DESTINO":"JEREZ DE LA FRONTERA","ID_DESTINO":"JEREZ_DE_LA_FRONTERA","NOMBRE_GRAFO":"http://datos.segittur.es/jerez_de_la_frontera","ID_GRAFO":"jerez de la frontera","F_ALTA_GRAFO":"2025-11-27 11:57:45.378000","TRIPLETAS_GRAFO":24131,"TRIPLETAS_GRAFO 09/07/2026":45994,"TRIPLETAS_GRAFO 27/07/2026":46010,"TRIPLETAS_GRAFO 30/07/2026":46010,"TRIPLETAS_GRAFO 21/08/2026":49660,"TRIPLETAS_GRAFO 10/09/2026":54367,"TRIPLETAS_GRAFO 18/09/2026":35791,"c_ine":"11020000000","join_status":"matched"},"geometry":{"type":"MultiPolygon","coordinates":[[[[-5.674185542,36.680078064],[-5.656639666,36.676442398],[-5.618015003,36.679992519],[-5.651561617,36.665398503],[-5.663353139,36.667694833],[-5.674185542,36.680078064]]],[[[-6.304115554,36.71942614],[-6.295051811,36.750899416],[-6.270222663,36.782166976],[-6.271266667,36.7911759],[-6.244039,36.788173642],[-6.225659171,36.820328485],[-6.157177383,36.85165978],[-6.133642961,36.852228414],[-6.121992301,36.863789515],[-6.085698706,36.85449156],[-5.973122768,36.844186064],[-5.952848098,36.853126029],[-5.925351088,36.853067123],[-5.891054935,36.842191546],[-5.890865553,36.835374486],[-5.922476709,36.794617784],[-5.917893472,36.76505555],[-5.924410727,36.745547823],[-5.946043176,36.727351632],[-5.927299707,36.698058118],[-5.902543925,36.675080983],[-5.880082757,36.67906898],[-5.854399047,36.66954701],[-5.858361652,36.647249538],[-5.852093883,36.591287283],[-5.869620707,36.552506207],[-5.797118728,36.549838778],[-5.728375087,36.584169176],[-5.731797491,36.572428165],[-5.72322662,36.5663852],[-5.705121783,36.566886419],[-5.707713574,36.572067889],[-5.694734658,36.57544946],[-5.690667093,36.562808463],[-5.669307774,36.552405949],[-5.659906252,36.573575471],[-5.667843485,36.599651711],[-5.624978423,36.624504006],[-5.603383255,36.622820584],[-5.591926349,36.64494933],[-5.570424415,36.644088221],[-5.562500152,36.66021983],[-5.538736328,36.669191234],[-5.531485953,36.659947723],[-5.513630346,36.656978098],[-5.455541805,36.619701355],[-5.457181183,36.602090081],[-5.460816459,36.588784479],[-5.48955395,36.570460023],[-5.502057512,36.547612933],[-5.522162877,36.531787295],[-5.537065322,36.527154301],[-5.543904012,36.538544466],[-5.599705767,36.550679303],[-5.61177673,36.541601509],[-5.607651359,36.51578859],[-5.663756161,36.54416071],[-5.72496118,36.556523937],[-5.796775518,36.549068291],[-5.851243081,36.534627886],[-5.8992914,36.535702182],[-5.980450952,36.518410167],[-5.997130174,36.528562308],[-5.998452785,36.541992285],[-5.988443175,36.546551164],[-6.002573974,36.559316831],[-6.009456386,36.561945827],[-6.022354016,36.549499029],[-6.041924668,36.562960044],[-6.061616556,36.558094422],[-6.116498839,36.573487146],[-6.132315758,36.593600029],[-6.152938454,36.600303144],[-6.139032111,36.603528914],[-6.13991422,36.615903735],[-6.155746276,36.638070298],[-6.174986397,36.642188243],[-6.229028279,36.674079957],[-6.239209223,36.693721085],[-6.255530425,36.706057283],[-6.304115554,36.71942614]]]]}},{"type":"Feature","properties":{"NOMBRE_DESTINO":"JERTE","ID_DESTINO":"JERTE","NOMBRE_GRAFO":"http://datos.segittur.es/jerte","ID_GRAFO":"jerte","F_ALTA_GRAFO":"2026-06-01 00:00:00","TRIPLETAS_GRAFO":1709,"TRIPLETAS_GRAFO 09/07/2026":1709,"TRIPLETAS_GRAFO 27/07/2026":1709,"TRIPLETAS_GRAFO 30/07/2026":1709,"TRIPLETAS_GRAFO 21/08/2026":1709,"TRIPLETAS_GRAFO 10/09/2026":1709,"TRIPLETAS_GRAFO 18/09/2026":2402,"c_ine":"10107000000","join_status":"matched"},"geometry":{"type":"Polygon","coordinates":[[[-5.800348667,40.248681282],[-5.780727427,40.252091173],[-5.767338185,40.265950572],[-5.764991306,40.280778976],[-5.744383634,40.288863272],[-5.748221664,40.279079994],[-5.739520887,40.255263454],[-5.715271569,40.242170919],[-5.689927714,40.173863798],[-5.736330495,40.172001067],[-5.756396091,40.20151094],[-5.767642214,40.198720301],[-5.781348025,40.205255295],[-5.778123584,40.21891611],[-5.800348667,40.248681282]]]}},{"type":"Feature","properties":{"NOMBRE_DESTINO":"JUMILLA","ID_DESTINO":"JUMILLA","NOMBRE_GRAFO":"http://datos.segittur.es/jumilla","ID_GRAFO":"jumilla","F_ALTA_GRAFO":"2026-06-08 00:00:00","TRIPLETAS_GRAFO":"Sin datos","TRIPLETAS_GRAFO 09/07/2026":"Sin datos","TRIPLETAS_GRAFO 27/07/2026":161,"TRIPLETAS_GRAFO 30/07/2026":194,"TRIPLETAS_GRAFO 21/08/2026":194,"TRIPLETAS_GRAFO 10/09/2026":194,"TRIPLETAS_GRAFO 18/09/2026":194,"c_ine":"30022000000","join_status":"matched"},"geometry":{"type":"Polygon","coordinates":[[[-1.498749235,38.532068942],[-1.487680564,38.563295878],[-1.452018685,38.581461349],[-1.443348102,38.63697438],[-1.44767739,38.649477248],[-1.402115098,38.690806663],[-1.366551579,38.703966004],[-1.300577155,38.622592551],[-1.247616292,38.577877397],[-1.229655072,38.549797448],[-1.140227574,38.452615896],[-1.07718909,38.431425814],[-1.085224577,38.429027124],[-1.087983363,38.405297289],[-1.084381684,38.346193761],[-1.119538019,38.321538151],[-1.198066211,38.287919035],[-1.208756223,38.300896208],[-1.236650583,38.307500707],[-1.252397869,38.319811949],[-1.315869143,38.312307064],[-1.353645225,38.3345285],[-1.450558315,38.372282863],[-1.478433837,38.376438937],[-1.474886983,38.408883112],[-1.479911132,38.479785907],[-1.498749235,38.532068942]]]}},{"type":"Feature","properties":{"NOMBRE_DESTINO":"KRIPAN","ID_DESTINO":"KRIPAN","NOMBRE_GRAFO":"http://datos.segittur.es/kripan","ID_GRAFO":"kripan","F_ALTA_GRAFO":"2026-06-03 00:00:00","TRIPLETAS_GRAFO":"Sin datos","TRIPLETAS_GRAFO 09/07/2026":647,"TRIPLETAS_GRAFO 27/07/2026":"Sin datos","TRIPLETAS_GRAFO 30/07/2026":"Sin datos","TRIPLETAS_GRAFO 21/08/2026":"Sin datos","TRIPLETAS_GRAFO 10/09/2026":606,"TRIPLETAS_GRAFO 18/09/2026":606,"c_ine":"01019000000","join_status":"matched"},"geometry":{"type":"Polygon","coordinates":[[[-2.532555767,42.588470453],[-2.531682952,42.608964058],[-2.506088968,42.617105468],[-2.49034884,42.585022572],[-2.499268134,42.590355653],[-2.507821464,42.572147085],[-2.523053102,42.570428547],[-2.532555767,42.588470453]]]}},{"type":"Feature","properties":{"NOMBRE_DESTINO":"KUARTANGO","ID_DESTINO":"KUARTANGO","NOMBRE_GRAFO":"http://datos.segittur.es/kuartango","ID_GRAFO":"kuartango","F_ALTA_GRAFO":"2026-06-03 00:00:00","TRIPLETAS_GRAFO":"Sin datos","TRIPLETAS_GRAFO 09/07/2026":1272,"TRIPLETAS_GRAFO 27/07/2026":1272,"TRIPLETAS_GRAFO 30/07/2026":1272,"TRIPLETAS_GRAFO 21/08/2026":1272,"TRIPLETAS_GRAFO 10/09/2026":1237,"TRIPLETAS_GRAFO 18/09/2026":1237,"c_ine":"01020000000","join_status":"matched"},"geometry":{"type":"Polygon","coordinates":[[[-3.016250979,42.910567456],[-3.005456398,42.926741402],[-2.981592828,42.939065735],[-2.94501156,42.927957176],[-2.929440195,42.931480748],[-2.927624666,42.937708326],[-2.891713003,42.923268969],[-2.868191967,42.922090826],[-2.856270495,42.912816675],[-2.882338113,42.90174342],[-2.871948656,42.861803352],[-2.894667672,42.833667455],[-2.918677755,42.858415476],[-2.99024526,42.876220487],[-3.013673262,42.900273046],[-3.016250979,42.910567456]]]}},{"type":"Feature","properties":{"NOMBRE_DESTINO":"LABASTIDABASTIDA","ID_DESTINO":"LABASTIDABASTIDA","NOMBRE_GRAFO":"http://datos.segittur.es/labastidabastida","ID_GRAFO":"labastidabastida","F_ALTA_GRAFO":"2026-06-03 00:00:00","TRIPLETAS_GRAFO":"Sin datos","TRIPLETAS_GRAFO 09/07/2026":1974,"TRIPLETAS_GRAFO 27/07/2026":"Sin datos","TRIPLETAS_GRAFO 30/07/2026":"Sin datos","TRIPLETAS_GRAFO 21/08/2026":"Sin datos","TRIPLETAS_GRAFO 10/09/2026":1763,"TRIPLETAS_GRAFO 18/09/2026":1763,"c_ine":"01028000000","join_status":"matched"},"geometry":{"type":"Polygon","coordinates":[[[-2.859007506,42.638665631],[-2.82569009,42.644968674],[-2.803458982,42.63894317],[-2.803971219,42.631261901],[-2.789873226,42.634712941],[-2.778598278,42.629377894],[-2.765876567,42.620157153],[-2.777676956,42.582249014],[-2.799309032,42.57300493],[-2.803664763,42.56450383],[-2.814804024,42.569303275],[-2.817014997,42.557711764],[-2.82505925,42.554763687],[-2.840785067,42.581030647],[-2.819828298,42.591452915],[-2.817862999,42.598869373],[-2.82364297,42.601457232],[-2.818770502,42.612716011],[-2.841800226,42.608598724],[-2.84813836,42.617141874],[-2.842915228,42.629716057],[-2.859007506,42.638665631]]]}},{"type":"Feature","properties":{"NOMBRE_DESTINO":"LA-CUMBRE","ID_DESTINO":"LA-CUMBRE","NOMBRE_GRAFO":"http://datos.segittur.es/la-cumbre","ID_GRAFO":"la-cumbre","F_ALTA_GRAFO":"2026-09-15 00:00:00","TRIPLETAS_GRAFO":null,"TRIPLETAS_GRAFO 09/07/2026":null,"TRIPLETAS_GRAFO 27/07/2026":null,"TRIPLETAS_GRAFO 30/07/2026":null,"TRIPLETAS_GRAFO 21/08/2026":null,"TRIPLETAS_GRAFO 10/09/2026":null,"TRIPLETAS_GRAFO 18/09/2026":26,"c_ine":"10069000000","join_status":"matched"},"geometry":{"type":"Polygon","coordinates":[[[-6.052535609,39.475801802],[-6.054977307,39.482989111],[-6.032737671,39.486418307],[-6.032038749,39.493606979],[-6.047925928,39.495866653],[-6.048016817,39.515492846],[-6.037101583,39.514013153],[-6.020481882,39.525796657],[-6.013463298,39.521655067],[-6.008300475,39.528148597],[-5.99358219,39.52806042],[-5.990270104,39.519732149],[-5.977982216,39.512246756],[-5.973491719,39.516298342],[-5.962012102,39.504790906],[-5.979118491,39.495570559],[-5.982503282,39.483097515],[-5.961930204,39.473570652],[-5.972098497,39.459060058],[-5.956973602,39.457536178],[-5.959815803,39.436033245],[-5.948673577,39.436820953],[-5.945742518,39.427364538],[-5.93754186,39.427914419],[-5.937221447,39.413374124],[-5.929920882,39.406540907],[-5.942712711,39.406154703],[-5.969294655,39.379660951],[-5.970168783,39.360036518],[-5.989078574,39.369983561],[-5.997313769,39.391292285],[-6.018167312,39.386789127],[-6.041549534,39.410096469],[-6.053935028,39.428868952],[-6.03618443,39.428550283],[-6.047514938,39.435604376],[-6.034293666,39.439580573],[-6.044426339,39.451368436],[-6.05789431,39.445294698],[-6.061875094,39.452090072],[-6.052535609,39.475801802]]]}},{"type":"Feature","properties":{"NOMBRE_DESTINO":"LADRILLAR","ID_DESTINO":"LADRILLAR","NOMBRE_GRAFO":"http://datos.segittur.es/ladrillar","ID_GRAFO":"ladrillar","F_ALTA_GRAFO":"2026-09-09 00:00:00","TRIPLETAS_GRAFO":null,"TRIPLETAS_GRAFO 09/07/2026":null,"TRIPLETAS_GRAFO 27/07/2026":null,"TRIPLETAS_GRAFO 30/07/2026":null,"TRIPLETAS_GRAFO 21/08/2026":null,"TRIPLETAS_GRAFO 10/09/2026":null,"TRIPLETAS_GRAFO 18/09/2026":116,"c_ine":"10108000000","join_status":"matched"},"geometry":{"type":"Polygon","coordinates":[[[-6.275326119,40.458516046],[-6.239935634,40.485859074],[-6.201374663,40.482881791],[-6.180146979,40.462524754],[-6.15579744,40.457028587],[-6.147755161,40.437284449],[-6.115607066,40.441068208],[-6.129435548,40.420818112],[-6.117842664,40.41595322],[-6.155554822,40.401947476],[-6.157459336,40.408155176],[-6.178073582,40.407292533],[-6.180875921,40.424994765],[-6.196599967,40.427280628],[-6.239869742,40.451158369],[-6.266456004,40.446536378],[-6.275326119,40.458516046]]]}},{"type":"Feature","properties":{"NOMBRE_DESTINO":"LA-GARGANTA","ID_DESTINO":"LA-GARGANTA","NOMBRE_GRAFO":"http://datos.segittur.es/la-garganta","ID_GRAFO":"la-garganta","F_ALTA_GRAFO":"2026-09-14 00:00:00","TRIPLETAS_GRAFO":null,"TRIPLETAS_GRAFO 09/07/2026":null,"TRIPLETAS_GRAFO 27/07/2026":null,"TRIPLETAS_GRAFO 30/07/2026":null,"TRIPLETAS_GRAFO 21/08/2026":null,"TRIPLETAS_GRAFO 10/09/2026":null,"TRIPLETAS_GRAFO 18/09/2026":119,"c_ine":"10078000000","join_status":"matched"},"geometry":{"type":"Polygon","coordinates":[[[-5.856997386,40.297250569],[-5.838426206,40.314749981],[-5.847127844,40.328047025],[-5.816487265,40.351109036],[-5.795243603,40.351561741],[-5.781992279,40.312455841],[-5.802735351,40.297632977],[-5.793144468,40.28670483],[-5.814720633,40.293900963],[-5.814881344,40.311929913],[-5.835788417,40.311328863],[-5.856997386,40.297250569]]]}},{"type":"Feature","properties":{"NOMBRE_DESTINO":"LAGRAN","ID_DESTINO":"LAGRAN","NOMBRE_GRAFO":"http://datos.segittur.es/lagran","ID_GRAFO":"lagran","F_ALTA_GRAFO":"2026-06-03 00:00:00","TRIPLETAS_GRAFO":"Sin datos","TRIPLETAS_GRAFO 09/07/2026":1421,"TRIPLETAS_GRAFO 27/07/2026":"Sin datos","TRIPLETAS_GRAFO 30/07/2026":"Sin datos","TRIPLETAS_GRAFO 21/08/2026":"Sin datos","TRIPLETAS_GRAFO 10/09/2026":1205,"TRIPLETAS_GRAFO 18/09/2026":1205,"c_ine":"01030000000","join_status":"matched"},"geometry":{"type":"Polygon","coordinates":[[[-2.681768783,42.595394882],[-2.683234838,42.601919178],[-2.663857173,42.623640274],[-2.65133797,42.63155507],[-2.628139944,42.631788349],[-2.62062452,42.648235229],[-2.58484678,42.651559901],[-2.564924716,42.644551268],[-2.551935909,42.649256015],[-2.549165918,42.63757368],[-2.538253156,42.638709794],[-2.551472971,42.633944453],[-2.553011033,42.608293065],[-2.558748015,42.605586627],[-2.597359673,42.59941614],[-2.625874811,42.604871511],[-2.659134767,42.5930424],[-2.681768783,42.595394882]]]}},{"type":"Feature","properties":{"NOMBRE_DESTINO":"LA-GRANJA","ID_DESTINO":"LA-GRANJA","NOMBRE_GRAFO":"http://datos.segittur.es/la-granja","ID_GRAFO":"la-granja","F_ALTA_GRAFO":"2026-09-15 00:00:00","TRIPLETAS_GRAFO":null,"TRIPLETAS_GRAFO 09/07/2026":null,"TRIPLETAS_GRAFO 27/07/2026":null,"TRIPLETAS_GRAFO 30/07/2026":null,"TRIPLETAS_GRAFO 21/08/2026":null,"TRIPLETAS_GRAFO 10/09/2026":null,"TRIPLETAS_GRAFO 18/09/2026":37,"c_ine":"10086000000","join_status":"matched"},"geometry":{"type":"Polygon","coordinates":[[[-6.037598834,40.251204749],[-6.005376076,40.262332888],[-5.973357543,40.242678048],[-5.9649231,40.230410464],[-5.988893375,40.218039044],[-6.037598834,40.251204749]]]}},{"type":"Feature","properties":{"NOMBRE_DESTINO":"LAGUARDIA","ID_DESTINO":"LAGUARDIA","NOMBRE_GRAFO":"http://datos.segittur.es/laguardia","ID_GRAFO":"laguardia","F_ALTA_GRAFO":"2026-08-05 00:00:00","TRIPLETAS_GRAFO":null,"TRIPLETAS_GRAFO 09/07/2026":null,"TRIPLETAS_GRAFO 27/07/2026":null,"TRIPLETAS_GRAFO 30/07/2026":null,"TRIPLETAS_GRAFO 21/08/2026":null,"TRIPLETAS_GRAFO 10/09/2026":6903,"TRIPLETAS_GRAFO 18/09/2026":6903,"c_ine":"45071000000","join_status":"matched"},"geometry":{"type":"MultiPolygon","coordinates":[[[[-3.659052319,39.776152205],[-3.659125725,39.788774801],[-3.647049238,39.802492865],[-3.540328054,39.777089392],[-3.528083793,39.785416969],[-3.509242011,39.842012333],[-3.44668117,39.846495491],[-3.391761168,39.82073543],[-3.359775238,39.819712482],[-3.34888858,39.785561068],[-3.360991922,39.777414977],[-3.386594889,39.77647677],[-3.39995043,39.78404524],[-3.410955343,39.776825766],[-3.422414251,39.752502246],[-3.491298444,39.744509938],[-3.553685064,39.746184814],[-3.597809523,39.723693213],[-3.615002994,39.733622838],[-3.61123463,39.748302182],[-3.619283266,39.762090077],[-3.659052319,39.776152205]]],[[[-3.81329065,39.811736436],[-3.818123583,39.820297908],[-3.813996352,39.839905347],[-3.794359899,39.865205836],[-3.751214436,39.85859161],[-3.74600908,39.84533566],[-3.765570514,39.839577116],[-3.780054236,39.825326177],[-3.765850671,39.814239497],[-3.765880876,39.805364546],[-3.791378245,39.803986187],[-3.81329065,39.811736436]]]]}},{"type":"Feature","properties":{"NOMBRE_DESTINO":"LANCIEGOLANTZIEGO","ID_DESTINO":"LANCIEGOLANTZIEGO","NOMBRE_GRAFO":"http://datos.segittur.es/lanciegolantziego","ID_GRAFO":"lanciegolantziego","F_ALTA_GRAFO":"2026-08-05 00:00:00","TRIPLETAS_GRAFO":null,"TRIPLETAS_GRAFO 09/07/2026":null,"TRIPLETAS_GRAFO 27/07/2026":null,"TRIPLETAS_GRAFO 30/07/2026":null,"TRIPLETAS_GRAFO 21/08/2026":null,"TRIPLETAS_GRAFO 10/09/2026":601,"TRIPLETAS_GRAFO 18/09/2026":601,"c_ine":"01032000000","join_status":"matched"},"geometry":{"type":"Polygon","coordinates":[[[-2.523053102,42.570428547],[-2.507821464,42.572147085],[-2.499268134,42.590355653],[-2.49034884,42.585022572],[-2.481145242,42.56090684],[-2.483578737,42.518509396],[-2.474714172,42.501321814],[-2.494897702,42.50228636],[-2.509157157,42.519723099],[-2.519493136,42.516828852],[-2.523053102,42.570428547]]]}},{"type":"Feature","properties":{"NOMBRE_DESTINO":"LANTARON","ID_DESTINO":"LANTARON","NOMBRE_GRAFO":"http://datos.segittur.es/lantaron","ID_GRAFO":"lantaron","F_ALTA_GRAFO":"2026-08-06 00:00:00","TRIPLETAS_GRAFO":null,"TRIPLETAS_GRAFO 09/07/2026":null,"TRIPLETAS_GRAFO 27/07/2026":null,"TRIPLETAS_GRAFO 30/07/2026":null,"TRIPLETAS_GRAFO 21/08/2026":null,"TRIPLETAS_GRAFO 10/09/2026":1618,"TRIPLETAS_GRAFO 18/09/2026":1618,"c_ine":"01902000000","join_status":"matched"},"geometry":{"type":"MultiPolygon","coordinates":[[[[-3.058124641,42.766745788],[-3.064030353,42.781268584],[-3.043118366,42.7897381],[-3.020706109,42.789722687],[-3.017974403,42.770109167],[-3.011165249,42.764238444],[-2.985444329,42.785275026],[-2.974251055,42.771890957],[-2.961134928,42.772229518],[-2.952336726,42.78413144],[-2.94353494,42.783217909],[-2.945552199,42.769710686],[-2.936678509,42.769472012],[-2.942194112,42.766340997],[-2.937975778,42.756063532],[-2.926109045,42.746654812],[-2.938203817,42.748219851],[-2.951687392,42.740652581],[-2.947011115,42.709653072],[-2.980601719,42.703484183],[-2.988943988,42.719095992],[-3.009022934,42.724466318],[-3.005384452,42.732798434],[-3.01610877,42.733563472],[-3.016659689,42.741008681],[-3.04119453,42.73878158],[-3.048706825,42.749069476],[-3.047615258,42.765037191],[-3.058124641,42.766745788]]],[[[-3.100398333,42.767350808],[-3.14791334,42.756696943],[-3.123059855,42.789812374],[-3.094501751,42.784850023],[-3.080493707,42.768110213],[-3.084486137,42.757134695],[-3.100398333,42.767350808]]]]}},{"type":"Feature","properties":{"NOMBRE_DESTINO":"LA-PESGA","ID_DESTINO":"LA-PESGA","NOMBRE_GRAFO":"http://datos.segittur.es/la-pesga","ID_GRAFO":"la-pesga","F_ALTA_GRAFO":"2026-09-14 00:00:00","TRIPLETAS_GRAFO":null,"TRIPLETAS_GRAFO 09/07/2026":null,"TRIPLETAS_GRAFO 27/07/2026":null,"TRIPLETAS_GRAFO 30/07/2026":null,"TRIPLETAS_GRAFO 21/08/2026":null,"TRIPLETAS_GRAFO 10/09/2026":null,"TRIPLETAS_GRAFO 18/09/2026":26,"c_ine":"10144000000","join_status":"matched"},"geometry":{"type":"Polygon","coordinates":[[[-6.195520131,40.304358395],[-6.202146494,40.320594523],[-6.182991927,40.332157152],[-6.13644433,40.328602196],[-6.122823252,40.309624029],[-6.124212771,40.286690624],[-6.133948811,40.283076471],[-6.14443657,40.288592171],[-6.159742997,40.314916441],[-6.181637038,40.302831954],[-6.195520131,40.304358395]]]}},{"type":"Feature","properties":{"NOMBRE_DESTINO":"LAPUEBLA_DE_LABARCA","ID_DESTINO":"LAPUEBLA_DE_LABARCA","NOMBRE_GRAFO":"http://datos.segittur.es/lapuebla-de-labarca","ID_GRAFO":"lapuebla_de_labarca","F_ALTA_GRAFO":"2026-08-05 00:00:00","TRIPLETAS_GRAFO":null,"TRIPLETAS_GRAFO 09/07/2026":null,"TRIPLETAS_GRAFO 27/07/2026":null,"TRIPLETAS_GRAFO 30/07/2026":null,"TRIPLETAS_GRAFO 21/08/2026":null,"TRIPLETAS_GRAFO 10/09/2026":916,"TRIPLETAS_GRAFO 18/09/2026":916,"c_ine":"01033000000","join_status":"matched"},"geometry":{"type":"Polygon","coordinates":[[[-2.591361051,42.482507872],[-2.586351986,42.500114061],[-2.57450846,42.507536567],[-2.557497207,42.503374315],[-2.544555502,42.488842053],[-2.553997769,42.483866919],[-2.568402118,42.494075087],[-2.577591405,42.482968711],[-2.591361051,42.482507872]]]}},{"type":"Feature","properties":{"NOMBRE_DESTINO":"LAS TORRES DE COTILLAS","ID_DESTINO":"LAS_TORRES_DE_COTILLAS","NOMBRE_GRAFO":"http://datos.segittur.es/las_torres_de_cotillas","ID_GRAFO":"las torres de cotillas","F_ALTA_GRAFO":"2026-06-08 00:00:00","TRIPLETAS_GRAFO":"Sin datos","TRIPLETAS_GRAFO 09/07/2026":"Sin datos","TRIPLETAS_GRAFO 27/07/2026":28,"TRIPLETAS_GRAFO 30/07/2026":61,"TRIPLETAS_GRAFO 21/08/2026":61,"TRIPLETAS_GRAFO 10/09/2026":61,"TRIPLETAS_GRAFO 18/09/2026":61,"c_ine":"30038000000","join_status":"matched"},"geometry":{"type":"Polygon","coordinates":[[[-1.328232995,38.012325966],[-1.300505546,38.035279886],[-1.306426134,38.043724226],[-1.302029074,38.046601308],[-1.256452711,38.036219399],[-1.251900721,38.04603779],[-1.241094935,38.049003706],[-1.21656103,38.033899748],[-1.218000885,38.026676086],[-1.21139262,38.021078533],[-1.217948213,38.018979192],[-1.215093942,38.012672677],[-1.245990217,38.000511974],[-1.244706178,37.995617385],[-1.293414279,37.998479091],[-1.328232995,38.012325966]]]}},{"type":"Feature","properties":{"NOMBRE_DESTINO":"LAUDIOLLODIO","ID_DESTINO":"LAUDIOLLODIO","NOMBRE_GRAFO":"http://datos.segittur.es/laudiollodio","ID_GRAFO":"laudiollodio","F_ALTA_GRAFO":"2026-08-06 00:00:00","TRIPLETAS_GRAFO":null,"TRIPLETAS_GRAFO 09/07/2026":null,"TRIPLETAS_GRAFO 27/07/2026":null,"TRIPLETAS_GRAFO 30/07/2026":null,"TRIPLETAS_GRAFO 21/08/2026":null,"TRIPLETAS_GRAFO 10/09/2026":2121,"TRIPLETAS_GRAFO 18/09/2026":2121,"c_ine":"01036000000","join_status":"matched"},"geometry":{"type":"Polygon","coordinates":[[[-3.023911466,43.133165424],[-2.972501175,43.177808479],[-2.978007833,43.183560228],[-2.972946682,43.186234559],[-2.946324044,43.17042707],[-2.953922641,43.159450586],[-2.935456682,43.136254691],[-2.964141298,43.10455456],[-2.97511948,43.099038961],[-3.016102314,43.118410203],[-3.023911466,43.133165424]]]}},{"type":"Feature","properties":{"NOMBRE_DESTINO":"LEGUTIO","ID_DESTINO":"LEGUTIO","NOMBRE_GRAFO":"http://datos.segittur.es/legutio","ID_GRAFO":"legutio","F_ALTA_GRAFO":"2026-06-03 00:00:00","TRIPLETAS_GRAFO":"Sin datos","TRIPLETAS_GRAFO 09/07/2026":1906,"TRIPLETAS_GRAFO 27/07/2026":"Sin datos","TRIPLETAS_GRAFO 30/07/2026":"Sin datos","TRIPLETAS_GRAFO 21/08/2026":"Sin datos","TRIPLETAS_GRAFO 10/09/2026":1658,"TRIPLETAS_GRAFO 18/09/2026":1658,"c_ine":"01058000000","join_status":"matched"},"geometry":{"type":"Polygon","coordinates":[[[-2.686608757,43.021857075],[-2.666882311,43.03143039],[-2.632292597,43.018933047],[-2.627746393,43.011732183],[-2.6354747,42.995628946],[-2.608091659,42.988144854],[-2.596993614,42.976206376],[-2.608455821,42.954124654],[-2.627596998,42.953450366],[-2.630067943,42.958429275],[-2.634763535,42.946080328],[-2.619674768,42.94595891],[-2.622524391,42.941024559],[-2.639619711,42.943646403],[-2.653200361,42.935079752],[-2.66278424,42.950741472],[-2.670351498,42.950088272],[-2.681435972,42.961421318],[-2.678156309,42.967238402],[-2.686409274,42.976743839],[-2.679799918,42.981254994],[-2.676844765,42.999752102],[-2.686608757,43.021857075]]]}},{"type":"Feature","properties":{"NOMBRE_DESTINO":"LEZA","ID_DESTINO":"LEZA","NOMBRE_GRAFO":"http://datos.segittur.es/leza","ID_GRAFO":"leza","F_ALTA_GRAFO":"2026-08-05 00:00:00","TRIPLETAS_GRAFO":null,"TRIPLETAS_GRAFO 09/07/2026":null,"TRIPLETAS_GRAFO 27/07/2026":null,"TRIPLETAS_GRAFO 30/07/2026":null,"TRIPLETAS_GRAFO 21/08/2026":null,"TRIPLETAS_GRAFO 10/09/2026":540,"TRIPLETAS_GRAFO 18/09/2026":540,"c_ine":"01034000000","join_status":"matched"},"geometry":{"type":"Polygon","coordinates":[[[-2.655435325,42.561114458],[-2.646804199,42.579415234],[-2.650608966,42.594133487],[-2.638811162,42.596105268],[-2.623879273,42.573947787],[-2.616151727,42.572373101],[-2.617482339,42.554068542],[-2.646526083,42.5510818],[-2.655435325,42.561114458]]]}},{"type":"Feature","properties":{"NOMBRE_DESTINO":"LIBRILLA","ID_DESTINO":"LIBRILLA","NOMBRE_GRAFO":"http://datos.segittur.es/librilla","ID_GRAFO":"librilla","F_ALTA_GRAFO":"2026-06-08 00:00:00","TRIPLETAS_GRAFO":"Sin datos","TRIPLETAS_GRAFO 09/07/2026":"Sin datos","TRIPLETAS_GRAFO 27/07/2026":"Sin datos","TRIPLETAS_GRAFO 30/07/2026":33,"TRIPLETAS_GRAFO 21/08/2026":33,"TRIPLETAS_GRAFO 10/09/2026":33,"TRIPLETAS_GRAFO 18/09/2026":33,"c_ine":"30023000000","join_status":"matched"},"geometry":{"type":"Polygon","coordinates":[[[-1.410711405,37.905914906],[-1.370211592,37.928779584],[-1.361855781,37.927375163],[-1.358314686,37.938483223],[-1.337327697,37.942355552],[-1.297724786,37.928958436],[-1.272115258,37.911003736],[-1.306521274,37.889533148],[-1.316946109,37.875182307],[-1.359433537,37.860335462],[-1.356190845,37.871212864],[-1.362465411,37.880501677],[-1.389503909,37.88938227],[-1.410711405,37.905914906]]]}},{"type":"Feature","properties":{"NOMBRE_DESTINO":"LLIBER","ID_DESTINO":"LLIBER","NOMBRE_GRAFO":"http://datos.segittur.es/lliber","ID_GRAFO":"lliber","F_ALTA_GRAFO":"2026-07-10 00:00:00","TRIPLETAS_GRAFO":null,"TRIPLETAS_GRAFO 09/07/2026":null,"TRIPLETAS_GRAFO 27/07/2026":null,"TRIPLETAS_GRAFO 30/07/2026":null,"TRIPLETAS_GRAFO 21/08/2026":null,"TRIPLETAS_GRAFO 10/09/2026":30,"TRIPLETAS_GRAFO 18/09/2026":30,"c_ine":"03085000000","join_status":"matched"},"geometry":{"type":"Polygon","coordinates":[[[-0.012302667,38.678572522],[-0.03333283,38.681964465],[-0.001564006,38.734199013],[0.006361879,38.769161458],[0.033737122,38.763823315],[0.040977487,38.75328804],[0.038488778,38.739388816],[-0.008241185,38.696324715],[-0.012302667,38.678572522]]]}},{"type":"Feature","properties":{"NOMBRE_DESTINO":"LOGRONO","ID_DESTINO":"LOGRONO","NOMBRE_GRAFO":"http://datos.segittur.es/logrono","ID_GRAFO":"logrono","F_ALTA_GRAFO":"2026-06-16 00:00:00","TRIPLETAS_GRAFO":"Sin datos","TRIPLETAS_GRAFO 09/07/2026":143,"TRIPLETAS_GRAFO 27/07/2026":143,"TRIPLETAS_GRAFO 30/07/2026":143,"TRIPLETAS_GRAFO 21/08/2026":1068,"TRIPLETAS_GRAFO 10/09/2026":1186,"TRIPLETAS_GRAFO 18/09/2026":1186,"c_ine":"26089000000","join_status":"matched"},"geometry":{"type":"Polygon","coordinates":[[[-2.537372741,42.483173449],[-2.529127509,42.484760974],[-2.537497516,42.495091953],[-2.509157157,42.519723099],[-2.505323975,42.51196222],[-2.518608579,42.497913092],[-2.515786909,42.490677362],[-2.477431916,42.486636594],[-2.448804627,42.496875077],[-2.438508201,42.489121819],[-2.415665965,42.490538487],[-2.400008715,42.471432247],[-2.376635317,42.472824277],[-2.363631925,42.461628031],[-2.352607515,42.465644067],[-2.341967989,42.444621082],[-2.35205784,42.433504373],[-2.422275168,42.452699732],[-2.433632376,42.431902912],[-2.458439884,42.441086468],[-2.512183437,42.429016918],[-2.52456851,42.433879397],[-2.522665237,42.461491426],[-2.539768392,42.470697238],[-2.537372741,42.483173449]]]}},{"type":"Feature","properties":{"NOMBRE_DESTINO":"LOGROSAN","ID_DESTINO":"LOGROSAN","NOMBRE_GRAFO":"http://datos.segittur.es/logrosan","ID_GRAFO":"logrosan","F_ALTA_GRAFO":"2026-09-11 00:00:00","TRIPLETAS_GRAFO":null,"TRIPLETAS_GRAFO 09/07/2026":null,"TRIPLETAS_GRAFO 27/07/2026":null,"TRIPLETAS_GRAFO 30/07/2026":null,"TRIPLETAS_GRAFO 21/08/2026":null,"TRIPLETAS_GRAFO 10/09/2026":null,"TRIPLETAS_GRAFO 18/09/2026":99,"c_ine":"10109000000","join_status":"matched"},"geometry":{"type":"Polygon","coordinates":[[[-5.597398925,39.369311141],[-5.573782038,39.383849314],[-5.553948578,39.379969536],[-5.543287199,39.388780709],[-5.512543441,39.393325216],[-5.498420792,39.377513485],[-5.477877154,39.384054874],[-5.459679938,39.373123579],[-5.454086745,39.356268442],[-5.433982467,39.335068583],[-5.436403404,39.320260832],[-5.425229043,39.315088633],[-5.431023927,39.301571004],[-5.376569054,39.290226475],[-5.35423742,39.27183253],[-5.347154801,39.239163158],[-5.353366627,39.224316371],[-5.367255486,39.212962337],[-5.384022382,39.174186055],[-5.413806568,39.156653121],[-5.428601007,39.162535185],[-5.459841139,39.158366178],[-5.476311349,39.176270253],[-5.501105943,39.188380621],[-5.514578138,39.209712861],[-5.528144597,39.191472663],[-5.551012955,39.215875562],[-5.578465416,39.202396766],[-5.58383507,39.225052996],[-5.570487784,39.231609822],[-5.571785311,39.241761564],[-5.559659038,39.246326172],[-5.558881705,39.264776057],[-5.58166186,39.270020942],[-5.581968469,39.284050386],[-5.601055962,39.29079668],[-5.587432119,39.307127551],[-5.590274966,39.319433808],[-5.603075899,39.318085133],[-5.59831253,39.352317811],[-5.590331761,39.361495721],[-5.597398925,39.369311141]]]}},{"type":"Feature","properties":{"NOMBRE_DESTINO":"LORQUI","ID_DESTINO":"LORQUI","NOMBRE_GRAFO":"http://datos.segittur.es/lorqui","ID_GRAFO":"lorqui","F_ALTA_GRAFO":"2026-06-08 00:00:00","TRIPLETAS_GRAFO":"Sin datos","TRIPLETAS_GRAFO 09/07/2026":"Sin datos","TRIPLETAS_GRAFO 27/07/2026":"Sin datos","TRIPLETAS_GRAFO 30/07/2026":33,"TRIPLETAS_GRAFO 21/08/2026":33,"TRIPLETAS_GRAFO 10/09/2026":33,"TRIPLETAS_GRAFO 18/09/2026":33,"c_ine":"30025000000","join_status":"matched"},"geometry":{"type":"Polygon","coordinates":[[[-1.277138026,38.103875058],[-1.263175666,38.130113445],[-1.232734101,38.113681713],[-1.225656079,38.103572055],[-1.25249717,38.06934217],[-1.26096814,38.076506021],[-1.262173962,38.093943611],[-1.277138026,38.103875058]]]}},{"type":"Feature","properties":{"NOMBRE_DESTINO":"LOS ALCAZARES","ID_DESTINO":"LOS_ALCAZARES","NOMBRE_GRAFO":"http://datos.segittur.es/los_alcazares","ID_GRAFO":"los alcazares","F_ALTA_GRAFO":"2026-06-08 00:00:00","TRIPLETAS_GRAFO":"Sin datos","TRIPLETAS_GRAFO 09/07/2026":"Sin datos","TRIPLETAS_GRAFO 27/07/2026":166,"TRIPLETAS_GRAFO 30/07/2026":199,"TRIPLETAS_GRAFO 21/08/2026":199,"TRIPLETAS_GRAFO 10/09/2026":199,"TRIPLETAS_GRAFO 18/09/2026":226,"c_ine":"30902000000","join_status":"matched"},"geometry":{"type":"Polygon","coordinates":[[[-0.914104498,37.720998458],[-0.896794965,37.732952675],[-0.874106573,37.762482984],[-0.84528966,37.761123116],[-0.842111906,37.775934519],[-0.833741989,37.76512886],[-0.817743245,37.765109935],[-0.844831288,37.748042261],[-0.860001313,37.721448563],[-0.914104498,37.720998458]]]}},{"type":"Feature","properties":{"NOMBRE_DESTINO":"LOS CORRALES DE BUELNA","ID_DESTINO":"LOS_CORRALES_DE_BUELNA","NOMBRE_GRAFO":"http://datos.segittur.es/los_corrales_de_buelna","ID_GRAFO":"los corrales de buelna","F_ALTA_GRAFO":"2026-03-17 13:38:16.448000","TRIPLETAS_GRAFO":2560,"TRIPLETAS_GRAFO 09/07/2026":2726,"TRIPLETAS_GRAFO 27/07/2026":2726,"TRIPLETAS_GRAFO 30/07/2026":2726,"TRIPLETAS_GRAFO 21/08/2026":1115,"TRIPLETAS_GRAFO 10/09/2026":2726,"TRIPLETAS_GRAFO 18/09/2026":2726,"c_ine":"39025000000","join_status":"matched"},"geometry":{"type":"Polygon","coordinates":[[[-4.147554003,43.254406641],[-4.142685719,43.264044346],[-4.14722031,43.278886175],[-4.138677373,43.290732363],[-4.074933413,43.300089599],[-4.076810297,43.291409072],[-4.056495141,43.25649534],[-4.028222702,43.239507757],[-4.019670816,43.226523335],[-4.031912293,43.220186847],[-4.048504472,43.228575067],[-4.068589362,43.22908436],[-4.071868501,43.237716127],[-4.103177635,43.244831945],[-4.116923338,43.241895417],[-4.147554003,43.254406641]]]}},{"type":"Feature","properties":{"NOMBRE_DESTINO":"LOSAR DE LA VERA","ID_DESTINO":"LOSAR_DE_LA_VERA","NOMBRE_GRAFO":"http://datos.segittur.es/losar_de_la_vera","ID_GRAFO":"losar de la vera","F_ALTA_GRAFO":"2026-06-01 00:00:00","TRIPLETAS_GRAFO":1115,"TRIPLETAS_GRAFO 09/07/2026":1115,"TRIPLETAS_GRAFO 27/07/2026":1115,"TRIPLETAS_GRAFO 30/07/2026":1115,"TRIPLETAS_GRAFO 21/08/2026":2726,"TRIPLETAS_GRAFO 10/09/2026":1115,"TRIPLETAS_GRAFO 18/09/2026":1309,"c_ine":"10110000000","join_status":"matched"},"geometry":{"type":"Polygon","coordinates":[[[-5.625644379,40.131139067],[-5.618361679,40.15907542],[-5.622535225,40.173249259],[-5.617415548,40.178445585],[-5.623261535,40.195139623],[-5.610040236,40.215480924],[-5.594351929,40.216356356],[-5.530964093,40.194718621],[-5.54855683,40.171092241],[-5.546532218,40.165308736],[-5.561692439,40.158803664],[-5.55646294,40.154289229],[-5.571847608,40.132977805],[-5.561180291,40.121431932],[-5.55630689,40.100659034],[-5.530709166,40.08762824],[-5.520885633,40.059466796],[-5.512981201,40.054603024],[-5.530719083,40.048316296],[-5.551175929,40.050596898],[-5.546767005,40.063458545],[-5.567991947,40.062332133],[-5.557812249,40.074457215],[-5.556581377,40.093266328],[-5.58677082,40.104999685],[-5.621200585,40.103756608],[-5.625644379,40.131139067]]]}},{"type":"Feature","properties":{"NOMBRE_DESTINO":"MADRID","ID_DESTINO":"MADRID","NOMBRE_GRAFO":"http://datos.segittur.es/madrid","ID_GRAFO":"madrid","F_ALTA_GRAFO":"2026-07-15 00:00:00","TRIPLETAS_GRAFO":null,"TRIPLETAS_GRAFO 09/07/2026":null,"TRIPLETAS_GRAFO 27/07/2026":null,"TRIPLETAS_GRAFO 30/07/2026":null,"TRIPLETAS_GRAFO 21/08/2026":null,"TRIPLETAS_GRAFO 10/09/2026":69,"TRIPLETAS_GRAFO 18/09/2026":69,"c_ine":"28079000000","join_status":"matched"},"geometry":{"type":"Polygon","coordinates":[[[-3.884987571,40.561028631],[-3.88368593,40.585276706],[-3.87389967,40.591151706],[-3.854968578,40.587998517],[-3.814436711,40.595416598],[-3.806007975,40.599867197],[-3.809607768,40.609869166],[-3.80052995,40.605900973],[-3.803355245,40.598881674],[-3.778262769,40.601731701],[-3.737268801,40.586069987],[-3.705396827,40.582980179],[-3.687417377,40.606809118],[-3.666835407,40.619581267],[-3.66167429,40.639491537],[-3.655693516,40.64327951],[-3.638824017,40.638402576],[-3.616365019,40.601522538],[-3.601915947,40.591000921],[-3.625009715,40.573614752],[-3.650317341,40.577423692],[-3.663735113,40.592327868],[-3.701588705,40.578639825],[-3.689396548,40.570358062],[-3.669323682,40.534379682],[-3.67720665,40.526992269],[-3.665943929,40.524476093],[-3.658598724,40.511668772],[-3.615073973,40.510959493],[-3.602414875,40.501277139],[-3.57204838,40.512404689],[-3.554258968,40.511336287],[-3.555212714,40.503154439],[-3.541778175,40.494087933],[-3.53394834,40.472000793],[-3.524971017,40.469113849],[-3.526465068,40.455429512],[-3.534000992,40.453152693],[-3.535584997,40.444707936],[-3.575945727,40.436742788],[-3.579531749,40.417338165],[-3.572900493,40.411768032],[-3.539768012,40.410492255],[-3.530226444,40.414714701],[-3.531190347,40.42008423],[-3.519181021,40.408885109],[-3.52040679,40.392102178],[-3.538147729,40.388732209],[-3.565223566,40.360075993],[-3.555121361,40.354059114],[-3.582487147,40.32625582],[-3.583817072,40.315813059],[-3.576126232,40.314885745],[-3.587435413,40.312790571],[-3.627399923,40.319593182],[-3.649155992,40.333415644],[-3.692998894,40.320052899],[-3.712542793,40.323494494],[-3.72492634,40.33498617],[-3.72089141,40.3655478],[-3.75770721,40.357260779],[-3.810515236,40.363716507],[-3.834161949,40.396058143],[-3.781514516,40.39412599],[-3.774600529,40.400313948],[-3.78139932,40.417593586],[-3.77094255,40.4293196],[-3.770846652,40.444050893],[-3.790096523,40.442344512],[-3.792913988,40.453830639],[-3.804206705,40.462980608],[-3.838256945,40.467767467],[-3.833173456,40.487779108],[-3.837108902,40.505892175],[-3.85254293,40.509787484],[-3.853696409,40.524417752],[-3.873832837,40.557569461],[-3.884987571,40.561028631]]]}},{"type":"Feature","properties":{"NOMBRE_DESTINO":"MADRIGAL DE LA VERA","ID_DESTINO":"MADRIGAL_DE_LA_VERA","NOMBRE_GRAFO":"http://datos.segittur.es/madrigal_de_la_vera","ID_GRAFO":"madrigal de la vera","F_ALTA_GRAFO":"2026-06-01 00:00:00","TRIPLETAS_GRAFO":1861,"TRIPLETAS_GRAFO 09/07/2026":3941,"TRIPLETAS_GRAFO 27/07/2026":1861,"TRIPLETAS_GRAFO 30/07/2026":1861,"TRIPLETAS_GRAFO 21/08/2026":1861,"TRIPLETAS_GRAFO 10/09/2026":1861,"TRIPLETAS_GRAFO 18/09/2026":1934,"c_ine":"10111000000","join_status":"matched"},"geometry":{"type":"Polygon","coordinates":[[[-5.395009108,40.250461945],[-5.343493215,40.26336902],[-5.358671888,40.226605331],[-5.370138917,40.216929273],[-5.362737849,40.201307534],[-5.367448095,40.198156827],[-5.363953671,40.178748687],[-5.368520063,40.16311391],[-5.356641175,40.152336253],[-5.349736809,40.133388379],[-5.336822152,40.123920387],[-5.335693035,40.115152963],[-5.359444709,40.108406119],[-5.366460277,40.113478734],[-5.395748725,40.16602434],[-5.384733381,40.216939621],[-5.393232665,40.22171853],[-5.395009108,40.250461945]]]}},{"type":"Feature","properties":{"NOMBRE_DESTINO":"MADRIGALEJO","ID_DESTINO":"MADRIGALEJO","NOMBRE_GRAFO":"http://datos.segittur.es/madrigalejo","ID_GRAFO":"madrigalejo","F_ALTA_GRAFO":"2026-09-11 00:00:00","TRIPLETAS_GRAFO":null,"TRIPLETAS_GRAFO 09/07/2026":null,"TRIPLETAS_GRAFO 27/07/2026":null,"TRIPLETAS_GRAFO 30/07/2026":null,"TRIPLETAS_GRAFO 21/08/2026":null,"TRIPLETAS_GRAFO 10/09/2026":null,"TRIPLETAS_GRAFO 18/09/2026":39,"c_ine":"10112000000","join_status":"matched"},"geometry":{"type":"Polygon","coordinates":[[[-5.72660411,39.112157178],[-5.695909253,39.134493256],[-5.7062803,39.144928612],[-5.713680418,39.135179821],[-5.706754376,39.146431126],[-5.687388874,39.157735413],[-5.66275918,39.162192988],[-5.608479634,39.222143084],[-5.58383507,39.225052996],[-5.578465416,39.202396766],[-5.613244217,39.18821583],[-5.576561265,39.150906053],[-5.584382103,39.138476571],[-5.601353786,39.134086694],[-5.601830645,39.128228683],[-5.58410573,39.117804615],[-5.5919934,39.108453072],[-5.61066192,39.099027513],[-5.647189642,39.101728617],[-5.671562539,39.078954804],[-5.693002952,39.084613785],[-5.72660411,39.112157178]]]}},{"type":"Feature","properties":{"NOMBRE_DESTINO":"MADRONERA","ID_DESTINO":"MADRONERA","NOMBRE_GRAFO":"http://datos.segittur.es/madronera","ID_GRAFO":"madronera","F_ALTA_GRAFO":"2026-09-11 00:00:00","TRIPLETAS_GRAFO":null,"TRIPLETAS_GRAFO 09/07/2026":null,"TRIPLETAS_GRAFO 27/07/2026":null,"TRIPLETAS_GRAFO 30/07/2026":null,"TRIPLETAS_GRAFO 21/08/2026":null,"TRIPLETAS_GRAFO 10/09/2026":null,"TRIPLETAS_GRAFO 18/09/2026":14,"c_ine":"10113000000","join_status":"matched"},"geometry":{"type":"Polygon","coordinates":[[[-5.767337458,39.393598791],[-5.784638811,39.403284105],[-5.796982584,39.395159328],[-5.80686905,39.397046984],[-5.820891969,39.410229159],[-5.805005642,39.422685022],[-5.815495468,39.430511905],[-5.802500797,39.434087092],[-5.798533293,39.44176782],[-5.785522424,39.439765259],[-5.77945646,39.44732444],[-5.807421955,39.45364266],[-5.795278027,39.462331265],[-5.797007554,39.472433072],[-5.783450896,39.478749176],[-5.781543996,39.489235533],[-5.764089125,39.507912042],[-5.75737691,39.504918598],[-5.7460196,39.516240866],[-5.739680758,39.506769545],[-5.730751223,39.517204252],[-5.737075081,39.523928872],[-5.698921957,39.526938264],[-5.681657825,39.516329639],[-5.695975557,39.50370182],[-5.699186917,39.490529007],[-5.685295568,39.496634207],[-5.671337255,39.490127457],[-5.677811288,39.482501444],[-5.661406219,39.467825002],[-5.642069843,39.463023101],[-5.658910288,39.444396845],[-5.680692091,39.443689493],[-5.681360491,39.41355826],[-5.707515304,39.396160251],[-5.744875905,39.400518455],[-5.767337458,39.393598791]]]}},{"type":"Feature","properties":{"NOMBRE_DESTINO":"MALAGA","ID_DESTINO":"MALAGA","NOMBRE_GRAFO":"http://datos.segittur.es/malaga","ID_GRAFO":"malaga","F_ALTA_GRAFO":"2026-03-09 12:39:12.383000","TRIPLETAS_GRAFO":22833,"TRIPLETAS_GRAFO 09/07/2026":22833,"TRIPLETAS_GRAFO 27/07/2026":23028,"TRIPLETAS_GRAFO 30/07/2026":28246,"TRIPLETAS_GRAFO 21/08/2026":28246,"TRIPLETAS_GRAFO 10/09/2026":28246,"TRIPLETAS_GRAFO 18/09/2026":28246,"c_ine":"29067000000","join_status":"matched"},"geometry":{"type":"MultiPolygon","coordinates":[[[[-4.586728092,36.783804053],[-4.56095404,36.781594038],[-4.550018713,36.769424069],[-4.513512627,36.780665491],[-4.493871222,36.800996643],[-4.466944396,36.81316693],[-4.465700899,36.849670463],[-4.44830728,36.840274765],[-4.425719811,36.851084945],[-4.40909675,36.85166166],[-4.398457614,36.843936116],[-4.383404145,36.856866907],[-4.380768703,36.879351211],[-4.368548351,36.893743488],[-4.330125336,36.875151189],[-4.320312587,36.861072567],[-4.287235242,36.858640898],[-4.291918385,36.846294981],[-4.28352702,36.834090685],[-4.266121647,36.838775269],[-4.260489748,36.829072843],[-4.261942999,36.821287285],[-4.273978334,36.820897587],[-4.285297808,36.803847362],[-4.274549756,36.795165213],[-4.28404228,36.798470485],[-4.297550599,36.793258012],[-4.290498553,36.78176058],[-4.303119112,36.774610065],[-4.305148177,36.754161811],[-4.316930071,36.745468613],[-4.317780115,36.738842822],[-4.303747627,36.737936167],[-4.318457284,36.732431173],[-4.315413391,36.712541199],[-4.395194361,36.72221643],[-4.412326927,36.714323746],[-4.414533648,36.698688551],[-4.41322785,36.717768161],[-4.418456775,36.717173757],[-4.423291426,36.711998479],[-4.417286142,36.712344494],[-4.422859752,36.710412851],[-4.418235535,36.701075485],[-4.427537361,36.701306048],[-4.425439554,36.705934279],[-4.426274336,36.709879369],[-4.454298355,36.663961934],[-4.475141879,36.646302717],[-4.495916146,36.652071237],[-4.509110135,36.637060858],[-4.528998257,36.635622995],[-4.53861935,36.645594577],[-4.529717339,36.651360936],[-4.521519289,36.680463871],[-4.525222833,36.68723107],[-4.516072401,36.696028315],[-4.548551603,36.694150255],[-4.550997385,36.701122238],[-4.562417211,36.701766207],[-4.567352821,36.715501588],[-4.577586614,36.717169225],[-4.577285935,36.732037047],[-4.586111853,36.740275615],[-4.580634212,36.765352786],[-4.586728092,36.783804053]]],[[[-4.293672083,36.777886106],[-4.287214425,36.784401232],[-4.273436669,36.784116791],[-4.283486191,36.7725158],[-4.293672083,36.777886106]]]]}},{"type":"Feature","properties":{"NOMBRE_DESTINO":"MALPARTIDA-DE-CACERES","ID_DESTINO":"MALPARTIDA-DE-CACERES","NOMBRE_GRAFO":"http://datos.segittur.es/malpartida-de-caceres","ID_GRAFO":"malpartida-de-caceres","F_ALTA_GRAFO":"2026-09-11 00:00:00","TRIPLETAS_GRAFO":null,"TRIPLETAS_GRAFO 09/07/2026":null,"TRIPLETAS_GRAFO 27/07/2026":null,"TRIPLETAS_GRAFO 30/07/2026":null,"TRIPLETAS_GRAFO 21/08/2026":null,"TRIPLETAS_GRAFO 10/09/2026":null,"TRIPLETAS_GRAFO 18/09/2026":230,"c_ine":"10115000000","join_status":"matched"},"geometry":{"type":"Polygon","coordinates":[[[-6.546817907,39.429742722],[-6.521640304,39.474716636],[-6.502632077,39.473904349],[-6.487383162,39.459239851],[-6.467416679,39.459864646],[-6.459453574,39.453931988],[-6.456983508,39.4474571],[-6.468889958,39.434788944],[-6.477202869,39.408797066],[-6.504737573,39.416067494],[-6.510422239,39.427983812],[-6.536074176,39.424918026],[-6.546817907,39.429742722]]]}},{"type":"Feature","properties":{"NOMBRE_DESTINO":"MARCHAGAZ","ID_DESTINO":"MARCHAGAZ","NOMBRE_GRAFO":"http://datos.segittur.es/marchagaz","ID_GRAFO":"marchagaz","F_ALTA_GRAFO":"2026-09-17 00:00:00","TRIPLETAS_GRAFO":null,"TRIPLETAS_GRAFO 09/07/2026":null,"TRIPLETAS_GRAFO 27/07/2026":null,"TRIPLETAS_GRAFO 30/07/2026":null,"TRIPLETAS_GRAFO 21/08/2026":null,"TRIPLETAS_GRAFO 10/09/2026":null,"TRIPLETAS_GRAFO 18/09/2026":18,"c_ine":"10117000000","join_status":"matched"},"geometry":{"type":"Polygon","coordinates":[[[-6.296816541,40.260712428],[-6.303683332,40.27738601],[-6.28864928,40.286001934],[-6.27022389,40.287794725],[-6.256569467,40.277525218],[-6.261539921,40.266198593],[-6.275788149,40.257878688],[-6.296816541,40.260712428]]]}},{"type":"Feature","properties":{"NOMBRE_DESTINO":"MEIS","ID_DESTINO":"MEIS","NOMBRE_GRAFO":"http://datos.segittur.es/meis","ID_GRAFO":"meis","F_ALTA_GRAFO":"2026-06-01 00:00:00","TRIPLETAS_GRAFO":970,"TRIPLETAS_GRAFO 09/07/2026":1069,"TRIPLETAS_GRAFO 27/07/2026":1069,"TRIPLETAS_GRAFO 30/07/2026":1069,"TRIPLETAS_GRAFO 21/08/2026":1069,"TRIPLETAS_GRAFO 10/09/2026":1069,"TRIPLETAS_GRAFO 18/09/2026":1069,"c_ine":"36028000000","join_status":"matched"},"geometry":{"type":"Polygon","coordinates":[[[-8.76462639,42.450239892],[-8.769136374,42.487325504],[-8.758032346,42.492485789],[-8.762048288,42.500826186],[-8.732111529,42.510938324],[-8.71649237,42.533199975],[-8.713515302,42.529261994],[-8.703774101,42.533880797],[-8.717132094,42.534338224],[-8.733039323,42.547980162],[-8.710069589,42.554946171],[-8.704648959,42.563048856],[-8.687690222,42.557890247],[-8.700831733,42.535116942],[-8.689989859,42.530211275],[-8.672610396,42.536059669],[-8.669725752,42.524053217],[-8.686805558,42.513274855],[-8.686914273,42.485299886],[-8.700895691,42.481902405],[-8.743434303,42.436390848],[-8.76462639,42.450239892]]]}},{"type":"Feature","properties":{"NOMBRE_DESTINO":"MEMBRIO","ID_DESTINO":"MEMBRIO","NOMBRE_GRAFO":"http://datos.segittur.es/membrio","ID_GRAFO":"membrio","F_ALTA_GRAFO":"2026-09-17 00:00:00","TRIPLETAS_GRAFO":null,"TRIPLETAS_GRAFO 09/07/2026":null,"TRIPLETAS_GRAFO 27/07/2026":null,"TRIPLETAS_GRAFO 30/07/2026":null,"TRIPLETAS_GRAFO 21/08/2026":null,"TRIPLETAS_GRAFO 10/09/2026":null,"TRIPLETAS_GRAFO 18/09/2026":15,"c_ine":"10119000000","join_status":"matched"},"geometry":{"type":"Polygon","coordinates":[[[-7.183487248,39.583030003],[-7.145482832,39.597398807],[-7.156475184,39.604642456],[-7.154536178,39.610565749],[-7.164449333,39.613164172],[-7.161155654,39.61882098],[-7.165897152,39.617885275],[-7.170074437,39.629262618],[-7.155182819,39.636722607],[-7.146552188,39.653236377],[-7.125766474,39.663302509],[-7.08875128,39.663322058],[-7.064958781,39.658054193],[-7.039966393,39.641423468],[-7.036609553,39.627382811],[-7.012810849,39.60756642],[-7.013058957,39.585672803],[-6.981599904,39.552811919],[-7.007331477,39.517414233],[-7.056124024,39.502858624],[-7.081162842,39.512932544],[-7.107850526,39.497806556],[-7.144060252,39.512055027],[-7.140275034,39.548502334],[-7.16251493,39.557982484],[-7.183487248,39.583030003]]]}},{"type":"Feature","properties":{"NOMBRE_DESTINO":"MESAS-DE-IBOR","ID_DESTINO":"MESAS-DE-IBOR","NOMBRE_GRAFO":"http://datos.segittur.es/mesas-de-ibor","ID_GRAFO":"mesas-de-ibor","F_ALTA_GRAFO":"2026-09-11 00:00:00","TRIPLETAS_GRAFO":null,"TRIPLETAS_GRAFO 09/07/2026":null,"TRIPLETAS_GRAFO 27/07/2026":null,"TRIPLETAS_GRAFO 30/07/2026":null,"TRIPLETAS_GRAFO 21/08/2026":null,"TRIPLETAS_GRAFO 10/09/2026":null,"TRIPLETAS_GRAFO 18/09/2026":13,"c_ine":"10120000000","join_status":"matched"},"geometry":{"type":"Polygon","coordinates":[[[-5.601235554,39.767369931],[-5.600659649,39.794867402],[-5.574946694,39.793044627],[-5.564418912,39.806709284],[-5.551775999,39.811719477],[-5.529975798,39.792070257],[-5.51484324,39.766130766],[-5.503973046,39.719647841],[-5.515108465,39.715361283],[-5.55140647,39.733479881],[-5.601235554,39.767369931]]]}},{"type":"Feature","properties":{"NOMBRE_DESTINO":"MIAJADAS","ID_DESTINO":"MIAJADAS","NOMBRE_GRAFO":"http://datos.segittur.es/miajadas","ID_GRAFO":"miajadas","F_ALTA_GRAFO":"2026-09-11 00:00:00","TRIPLETAS_GRAFO":null,"TRIPLETAS_GRAFO 09/07/2026":null,"TRIPLETAS_GRAFO 27/07/2026":null,"TRIPLETAS_GRAFO 30/07/2026":null,"TRIPLETAS_GRAFO 21/08/2026":null,"TRIPLETAS_GRAFO 10/09/2026":null,"TRIPLETAS_GRAFO 18/09/2026":257,"c_ine":"10121000000","join_status":"matched"},"geometry":{"type":"Polygon","coordinates":[[[-6.014818263,39.129298492],[-6.001810466,39.143822997],[-5.994841652,39.175352285],[-5.989524631,39.178245544],[-5.96469677,39.164169267],[-5.91392996,39.163315528],[-5.86343944,39.144721384],[-5.845551675,39.150411874],[-5.810366684,39.144581408],[-5.819254308,39.129862304],[-5.816433909,39.119750414],[-5.833450032,39.110328949],[-5.872080566,39.104284182],[-5.924716917,39.08312958],[-5.937359942,39.083772097],[-5.925540598,39.093846335],[-5.926657528,39.104637808],[-5.942289074,39.108514245],[-5.981689188,39.0688653],[-6.009307829,39.052525325],[-6.014818263,39.129298492]]]}},{"type":"Feature","properties":{"NOMBRE_DESTINO":"MILLENA","ID_DESTINO":"MILLENA","NOMBRE_GRAFO":"http://datos.segittur.es/millena","ID_GRAFO":"millena","F_ALTA_GRAFO":"2026-07-10 00:00:00","TRIPLETAS_GRAFO":null,"TRIPLETAS_GRAFO 09/07/2026":null,"TRIPLETAS_GRAFO 27/07/2026":null,"TRIPLETAS_GRAFO 30/07/2026":null,"TRIPLETAS_GRAFO 21/08/2026":null,"TRIPLETAS_GRAFO 10/09/2026":93,"TRIPLETAS_GRAFO 18/09/2026":93,"c_ine":"03086000000","join_status":"matched"},"geometry":{"type":"Polygon","coordinates":[[[-0.405799984,38.731372705],[-0.398021344,38.753318385],[-0.402140575,38.761563809],[-0.38096484,38.747783627],[-0.361533774,38.750571723],[-0.350291458,38.732261875],[-0.369209022,38.725788118],[-0.397307955,38.735265158],[-0.405799984,38.731372705]]]}},{"type":"Feature","properties":{"NOMBRE_DESTINO":"MIRABEL","ID_DESTINO":"MIRABEL","NOMBRE_GRAFO":"http://datos.segittur.es/mirabel","ID_GRAFO":"mirabel","F_ALTA_GRAFO":"2026-09-11 00:00:00","TRIPLETAS_GRAFO":null,"TRIPLETAS_GRAFO 09/07/2026":null,"TRIPLETAS_GRAFO 27/07/2026":null,"TRIPLETAS_GRAFO 30/07/2026":null,"TRIPLETAS_GRAFO 21/08/2026":null,"TRIPLETAS_GRAFO 10/09/2026":null,"TRIPLETAS_GRAFO 18/09/2026":36,"c_ine":"10123000000","join_status":"matched"},"geometry":{"type":"Polygon","coordinates":[[[-6.295783396,39.868036024],[-6.259977559,39.868238439],[-6.254308011,39.874657958],[-6.262677361,39.885483577],[-6.224831742,39.901477549],[-6.206547271,39.887825496],[-6.201238736,39.863453997],[-6.160070077,39.86316087],[-6.167095758,39.856321494],[-6.160214535,39.841863048],[-6.149187972,39.838370992],[-6.26734346,39.8313349],[-6.276739909,39.845652511],[-6.293495568,39.854914377],[-6.295783396,39.868036024]]]}},{"type":"Feature","properties":{"NOMBRE_DESTINO":"MOLINA DE SEGURA","ID_DESTINO":"MOLINA_DE_SEGURA","NOMBRE_GRAFO":"http://datos.segittur.es/molina_de_segura","ID_GRAFO":"molina de segura","F_ALTA_GRAFO":"2026-06-08 00:00:00","TRIPLETAS_GRAFO":"Sin datos","TRIPLETAS_GRAFO 09/07/2026":"Sin datos","TRIPLETAS_GRAFO 27/07/2026":148,"TRIPLETAS_GRAFO 30/07/2026":181,"TRIPLETAS_GRAFO 21/08/2026":181,"TRIPLETAS_GRAFO 10/09/2026":181,"TRIPLETAS_GRAFO 18/09/2026":266,"c_ine":"30027000000","join_status":"matched"},"geometry":{"type":"Polygon","coordinates":[[[-1.273421564,38.1400745],[-1.271062735,38.151567102],[-1.240576555,38.178131759],[-1.235702281,38.206034001],[-1.219187953,38.223544256],[-1.213122072,38.271687734],[-1.190738724,38.209061672],[-1.151158486,38.148681126],[-1.137955336,38.138709927],[-1.131480491,38.117894563],[-1.13707345,38.0808162],[-1.154033986,38.074180975],[-1.152140002,38.066094783],[-1.160854451,38.062221306],[-1.156899937,38.054931981],[-1.17885157,38.037421962],[-1.17729086,38.020410596],[-1.195013097,38.014042329],[-1.200643563,38.003656894],[-1.21867988,38.004291972],[-1.213705007,38.011236727],[-1.219309103,38.013115084],[-1.217948213,38.018979192],[-1.21139262,38.021078533],[-1.224410209,38.038191029],[-1.213896174,38.047908674],[-1.231076448,38.048583013],[-1.240570525,38.068037761],[-1.249362601,38.069331569],[-1.227586933,38.096824398],[-1.225864407,38.107215927],[-1.266481291,38.129052951],[-1.273421564,38.1400745]]]}},{"type":"Feature","properties":{"NOMBRE_DESTINO":"MONFORTE_DEL_CID","ID_DESTINO":"MONFORTE_DEL_CID","NOMBRE_GRAFO":"http://datos.segittur.es/monforte-del-cid","ID_GRAFO":"monforte_del_cid","F_ALTA_GRAFO":"2026-07-10 00:00:00","TRIPLETAS_GRAFO":null,"TRIPLETAS_GRAFO 09/07/2026":null,"TRIPLETAS_GRAFO 27/07/2026":null,"TRIPLETAS_GRAFO 30/07/2026":null,"TRIPLETAS_GRAFO 21/08/2026":null,"TRIPLETAS_GRAFO 10/09/2026":90,"TRIPLETAS_GRAFO 18/09/2026":90,"c_ine":"03088000000","join_status":"matched"},"geometry":{"type":"Polygon","coordinates":[[[-0.733503508,38.442872294],[-0.708546249,38.454110278],[-0.686925236,38.423979937],[-0.63630519,38.396378861],[-0.656695002,38.38226352],[-0.640466824,38.344796085],[-0.706113384,38.326816787],[-0.744833835,38.381011288],[-0.732845535,38.401621626],[-0.733503508,38.442872294]]]}},{"type":"Feature","properties":{"NOMBRE_DESTINO":"MONROY","ID_DESTINO":"MONROY","NOMBRE_GRAFO":"http://datos.segittur.es/monroy","ID_GRAFO":"monroy","F_ALTA_GRAFO":"2026-09-09 00:00:00","TRIPLETAS_GRAFO":null,"TRIPLETAS_GRAFO 09/07/2026":null,"TRIPLETAS_GRAFO 27/07/2026":null,"TRIPLETAS_GRAFO 30/07/2026":null,"TRIPLETAS_GRAFO 21/08/2026":null,"TRIPLETAS_GRAFO 10/09/2026":null,"TRIPLETAS_GRAFO 18/09/2026":48,"c_ine":"10125000000","join_status":"matched"},"geometry":{"type":"MultiPolygon","coordinates":[[[[-6.254791362,39.612877763],[-6.258822259,39.648371631],[-6.2330881,39.663719776],[-6.236269978,39.680691455],[-6.208404582,39.703245784],[-6.166661264,39.720408403],[-6.133013949,39.747273328],[-6.122763971,39.748459533],[-6.126243866,39.685284424],[-6.117057317,39.661714875],[-6.073614946,39.678655333],[-6.039769989,39.711768156],[-6.01999609,39.698024948],[-6.005854251,39.664242849],[-6.029048077,39.644777089],[-6.048605548,39.643319248],[-6.104755153,39.607682046],[-6.103564641,39.603453134],[-6.117888718,39.599069874],[-6.127314226,39.603590568],[-6.153425478,39.597011248],[-6.164516181,39.611455281],[-6.254791362,39.612877763]]],[[[-6.270983804,39.747003803],[-6.246195068,39.756590829],[-6.22688379,39.755904834],[-6.200457808,39.716994746],[-6.217654199,39.720095003],[-6.223727716,39.711261078],[-6.227060527,39.715203796],[-6.233277769,39.710977261],[-6.240002179,39.714608828],[-6.23622558,39.715155627],[-6.23505468,39.717052851],[-6.260161745,39.715719319],[-6.270983804,39.747003803]]]]}},{"type":"Feature","properties":{"NOMBRE_DESTINO":"MONTANCHEZ","ID_DESTINO":"MONTANCHEZ","NOMBRE_GRAFO":"http://datos.segittur.es/montanchez","ID_GRAFO":"montanchez","F_ALTA_GRAFO":"2026-09-11 00:00:00","TRIPLETAS_GRAFO":null,"TRIPLETAS_GRAFO 09/07/2026":null,"TRIPLETAS_GRAFO 27/07/2026":null,"TRIPLETAS_GRAFO 30/07/2026":null,"TRIPLETAS_GRAFO 21/08/2026":null,"TRIPLETAS_GRAFO 10/09/2026":null,"TRIPLETAS_GRAFO 18/09/2026":577,"c_ine":"10126000000","join_status":"matched"},"geometry":{"type":"MultiPolygon","coordinates":[[[[-6.319483755,39.18394967],[-6.278728387,39.130862337],[-6.253389346,39.137187055],[-6.21206432,39.131864317],[-6.215144668,39.107732316],[-6.16989668,39.079440325],[-6.171642602,39.07104186],[-6.221504268,39.099751649],[-6.230914933,39.0897364],[-6.296825759,39.098722638],[-6.311970108,39.111040605],[-6.307702281,39.147256615],[-6.321826249,39.171489788],[-6.319483755,39.18394967]]],[[[-6.241900589,39.237263117],[-6.221182888,39.240874026],[-6.213961323,39.232585672],[-6.203120918,39.238560238],[-6.201543771,39.233624589],[-6.172811225,39.250342074],[-6.161692031,39.259902827],[-6.165342082,39.279048501],[-6.185897139,39.284465168],[-6.186767113,39.292346331],[-6.17331582,39.2956144],[-6.165860875,39.283498562],[-6.131850247,39.263600318],[-6.119533224,39.241691368],[-6.098649547,39.231945293],[-6.078962318,39.232954304],[-6.075005166,39.226573018],[-6.083892812,39.204061875],[-6.115158788,39.188986641],[-6.147190967,39.195141975],[-6.147492632,39.201362274],[-6.156094514,39.195774853],[-6.176603292,39.204397216],[-6.188853372,39.202229944],[-6.19221979,39.195462928],[-6.214165562,39.224537639],[-6.241900589,39.237263117]]]]}},{"type":"Feature","properties":{"NOMBRE_DESTINO":"MONTEHERMOSO","ID_DESTINO":"MONTEHERMOSO","NOMBRE_GRAFO":"http://datos.segittur.es/montehermoso","ID_GRAFO":"montehermoso","F_ALTA_GRAFO":"2026-09-11 00:00:00","TRIPLETAS_GRAFO":null,"TRIPLETAS_GRAFO 09/07/2026":null,"TRIPLETAS_GRAFO 27/07/2026":null,"TRIPLETAS_GRAFO 30/07/2026":null,"TRIPLETAS_GRAFO 21/08/2026":null,"TRIPLETAS_GRAFO 10/09/2026":null,"TRIPLETAS_GRAFO 18/09/2026":44,"c_ine":"10127000000","join_status":"matched"},"geometry":{"type":"Polygon","coordinates":[[[-6.383439965,40.110580151],[-6.322449581,40.117013371],[-6.271922218,40.09943073],[-6.2599615,40.112495231],[-6.243548881,40.109515858],[-6.261014451,40.091821528],[-6.299482514,40.076094624],[-6.294524703,40.063247816],[-6.308280787,40.058279824],[-6.309181204,40.04225765],[-6.329314985,40.016757858],[-6.311634835,40.006042271],[-6.319923322,39.996779795],[-6.313954525,39.98821428],[-6.3466785,39.978487934],[-6.34099598,39.953021729],[-6.375851554,39.940850034],[-6.35944319,39.984507005],[-6.353466353,40.026481729],[-6.367287588,40.043779093],[-6.391383363,40.05255076],[-6.391628994,40.061514388],[-6.385046435,40.064931578],[-6.383439965,40.110580151]]]}},{"type":"Feature","properties":{"NOMBRE_DESTINO":"MORALEJA","ID_DESTINO":"MORALEJA","NOMBRE_GRAFO":"http://datos.segittur.es/moraleja","ID_GRAFO":"moraleja","F_ALTA_GRAFO":"2026-09-11 00:00:00","TRIPLETAS_GRAFO":null,"TRIPLETAS_GRAFO 09/07/2026":null,"TRIPLETAS_GRAFO 27/07/2026":null,"TRIPLETAS_GRAFO 30/07/2026":null,"TRIPLETAS_GRAFO 21/08/2026":null,"TRIPLETAS_GRAFO 10/09/2026":null,"TRIPLETAS_GRAFO 18/09/2026":95,"c_ine":"10128000000","join_status":"matched"},"geometry":{"type":"Polygon","coordinates":[[[-6.746465077,39.921572256],[-6.775271422,39.962976198],[-6.766318591,39.980244712],[-6.771311782,39.995239775],[-6.75954133,40.016733217],[-6.752167316,40.022199877],[-6.718862189,40.011246424],[-6.704721945,40.021305239],[-6.720125105,40.025955366],[-6.719404579,40.030344438],[-6.700204443,40.026204731],[-6.708972424,40.05356485],[-6.694435485,40.062844838],[-6.726090775,40.07258601],[-6.731401555,40.081047266],[-6.728202983,40.102116991],[-6.712429161,40.101048285],[-6.68133856,40.111048244],[-6.652158232,40.109577707],[-6.651724174,40.093803382],[-6.624896633,40.063620293],[-6.632584516,40.055435547],[-6.617948892,40.034017472],[-6.628091975,40.02975507],[-6.624653129,40.023450241],[-6.681184805,40.015109142],[-6.692152553,39.996296729],[-6.682944644,39.97858604],[-6.709360741,39.950993403],[-6.718350948,39.951047304],[-6.734833003,39.938249981],[-6.734862114,39.919001858],[-6.719529033,39.904985577],[-6.746465077,39.921572256]]]}},{"type":"Feature","properties":{"NOMBRE_DESTINO":"MORATALLA","ID_DESTINO":"MORATALLA","NOMBRE_GRAFO":"http://datos.segittur.es/moratalla","ID_GRAFO":"moratalla","F_ALTA_GRAFO":"2026-06-08 00:00:00","TRIPLETAS_GRAFO":"Sin datos","TRIPLETAS_GRAFO 09/07/2026":"Sin datos","TRIPLETAS_GRAFO 27/07/2026":147,"TRIPLETAS_GRAFO 30/07/2026":180,"TRIPLETAS_GRAFO 21/08/2026":180,"TRIPLETAS_GRAFO 10/09/2026":180,"TRIPLETAS_GRAFO 18/09/2026":180,"c_ine":"30028000000","join_status":"matched"},"geometry":{"type":"Polygon","coordinates":[[[-2.344184266,38.029784076],[-2.328134311,38.068372878],[-2.265667206,38.108837019],[-2.245702896,38.14875549],[-2.224096968,38.173338884],[-2.2132885,38.202052875],[-2.16830663,38.226410878],[-2.112883809,38.2376841],[-2.082428508,38.265703858],[-2.063261801,38.297490145],[-2.048572559,38.305693918],[-2.021330243,38.300722373],[-2.00074037,38.283930952],[-1.979903145,38.281523456],[-1.894839865,38.301726823],[-1.850996405,38.333365322],[-1.826325614,38.333465157],[-1.811248593,38.351289634],[-1.784082664,38.355850253],[-1.794511812,38.368942898],[-1.770278136,38.364248347],[-1.770337656,38.378992353],[-1.75234002,38.375035226],[-1.743016738,38.380604054],[-1.719147008,38.363033972],[-1.713836323,38.363669738],[-1.713711838,38.371995282],[-1.702126173,38.374616175],[-1.681529465,38.359606994],[-1.686055445,38.351727422],[-1.681613916,38.349271409],[-1.691975675,38.34707143],[-1.693311678,38.337677979],[-1.672036388,38.321650233],[-1.673064814,38.299470258],[-1.686017233,38.29654311],[-1.693519511,38.281847423],[-1.708928527,38.292318811],[-1.710743337,38.280235753],[-1.732501526,38.278832886],[-1.729887369,38.268116354],[-1.714999668,38.259951437],[-1.739256481,38.246552545],[-1.744875781,38.185572604],[-1.801591253,38.146898288],[-1.877432735,38.13968878],[-1.911519108,38.14438896],[-1.963359066,38.134147789],[-1.991174122,38.139173824],[-2.033059087,38.12715543],[-2.110294048,38.099614099],[-2.132151749,38.081865389],[-2.194375171,38.050199572],[-2.212288359,38.031526217],[-2.270100476,38.003770816],[-2.303272285,38.004157798],[-2.344184266,38.029784076]]]}},{"type":"Feature","properties":{"NOMBRE_DESTINO":"MULA","ID_DESTINO":"MULA","NOMBRE_GRAFO":"http://datos.segittur.es/mula","ID_GRAFO":"mula","F_ALTA_GRAFO":"2026-02-20 10:46:12.546000","TRIPLETAS_GRAFO":4324,"TRIPLETAS_GRAFO 09/07/2026":4324,"TRIPLETAS_GRAFO 27/07/2026":4324,"TRIPLETAS_GRAFO 30/07/2026":4324,"TRIPLETAS_GRAFO 21/08/2026":4324,"TRIPLETAS_GRAFO 10/09/2026":4324,"TRIPLETAS_GRAFO 18/09/2026":4324,"c_ine":"30029000000","join_status":"matched"},"geometry":{"type":"Polygon","coordinates":[[[-1.733572368,37.948888127],[-1.702352121,37.973799078],[-1.671920031,37.987215359],[-1.624389815,38.038451369],[-1.615137958,38.055890545],[-1.629127857,38.108906313],[-1.632838707,38.163815703],[-1.588483852,38.190414507],[-1.589026031,38.181571457],[-1.552442156,38.166308458],[-1.516518715,38.162187181],[-1.485751159,38.116981365],[-1.433366108,38.112947227],[-1.440134994,38.109540077],[-1.432005324,38.097071754],[-1.389091525,38.050602176],[-1.405031587,38.039087514],[-1.398338996,38.000153563],[-1.389512215,37.989104723],[-1.360634051,37.994189646],[-1.357302268,37.959884283],[-1.384737467,37.948967967],[-1.370052213,37.928902194],[-1.410711405,37.905914906],[-1.535496884,37.884410779],[-1.562584529,37.886053933],[-1.577819707,37.896120631],[-1.591598297,37.896395468],[-1.654572819,37.859345749],[-1.679467085,37.880537883],[-1.674833039,37.898124833],[-1.733572368,37.948888127]],[[-1.520915526,38.008401203],[-1.521508009,37.981971263],[-1.538067337,37.966012075],[-1.535127601,37.951407933],[-1.517935563,37.946561194],[-1.507895011,37.952438211],[-1.500556255,37.947513351],[-1.466364447,37.960455359],[-1.478242717,37.97586643],[-1.477676305,37.989856767],[-1.48624662,38.003662158],[-1.504733941,38.013914901],[-1.520915526,38.008401203]]]}},{"type":"Feature","properties":{"NOMBRE_DESTINO":"MURCIA","ID_DESTINO":"MURCIA","NOMBRE_GRAFO":"http://datos.segittur.es/murcia","ID_GRAFO":"murcia","F_ALTA_GRAFO":"2026-03-03 11:42:24.348000","TRIPLETAS_GRAFO":33920,"TRIPLETAS_GRAFO 09/07/2026":33936,"TRIPLETAS_GRAFO 27/07/2026":33936,"TRIPLETAS_GRAFO 30/07/2026":33936,"TRIPLETAS_GRAFO 21/08/2026":33936,"TRIPLETAS_GRAFO 10/09/2026":33936,"TRIPLETAS_GRAFO 18/09/2026":33936,"c_ine":"30030000000","join_status":"matched"},"geometry":{"type":"MultiPolygon","coordinates":[[[[-1.085851374,37.720241667],[-1.096885993,37.740874761],[-1.063591786,37.760246901],[-1.050816542,37.723404791],[-1.067899466,37.716379059],[-1.085851374,37.720241667]]],[[[-1.370077381,37.928880553],[-1.385218557,37.947516686],[-1.357322412,37.959782278],[-1.360634051,37.994189646],[-1.350172049,38.017880818],[-1.318391325,38.029272282],[-1.312494608,38.024155395],[-1.328232995,38.012325966],[-1.293414279,37.998479091],[-1.244706178,37.995617385],[-1.245990217,38.000511974],[-1.215093942,38.012672677],[-1.218088039,38.003805377],[-1.200643563,38.003656894],[-1.195013097,38.014042329],[-1.17729086,38.020410596],[-1.17885157,38.037421962],[-1.156899937,38.054931981],[-1.160854451,38.062221306],[-1.152140002,38.066094783],[-1.154033986,38.074180975],[-1.13707345,38.0808162],[-1.131480491,38.117894563],[-1.101412311,38.113933533],[-1.105298563,38.105384406],[-1.088051947,38.085860696],[-1.0931638,38.081927325],[-1.088798147,38.067216544],[-1.067752803,38.063095858],[-1.04800671,38.039806149],[-1.010314173,38.059649534],[-0.998401604,38.051709319],[-1.013795797,38.04565175],[-1.014590767,38.034585155],[-1.000403389,38.024292003],[-0.991060582,38.003628213],[-0.965746207,38.012677126],[-0.921188419,37.944238034],[-0.850941407,37.881487437],[-0.850985541,37.872487565],[-0.854246987,37.864698037],[-0.865975405,37.863992236],[-0.885917307,37.849131733],[-0.97356084,37.824044533],[-0.982275036,37.823203169],[-1.001692693,37.84900343],[-1.021521181,37.834267481],[-1.028327947,37.816933954],[-1.076338673,37.786403619],[-1.071074076,37.774357757],[-1.095954113,37.780829237],[-1.141730183,37.751210198],[-1.164465507,37.773151997],[-1.160245067,37.789327074],[-1.187561505,37.812275631],[-1.210051426,37.800066137],[-1.223437553,37.80387592],[-1.216393462,37.809706982],[-1.230652273,37.827884727],[-1.26836161,37.848377533],[-1.282566598,37.904590128],[-1.272115258,37.911003736],[-1.277094835,37.916503437],[-1.337228259,37.94234955],[-1.358314686,37.938483223],[-1.361855781,37.927375163],[-1.370077381,37.928880553]],[[-1.195303566,37.952964468],[-1.192629618,37.962683287],[-1.204775754,37.95938168],[-1.195423266,37.968989431],[-1.199237187,37.979681886],[-1.214203389,37.979441458],[-1.212722202,37.985114463],[-1.236051056,37.979951386],[-1.256283028,37.991968546],[-1.273316592,37.982342761],[-1.249258202,37.956483364],[-1.226862606,37.967674193],[-1.211423506,37.954670585],[-1.195303566,37.952964468]]]]}},{"type":"Feature","properties":{"NOMBRE_DESTINO":"MURLA","ID_DESTINO":"MURLA","NOMBRE_GRAFO":"http://datos.segittur.es/murla","ID_GRAFO":"murla","F_ALTA_GRAFO":"2026-07-10 00:00:00","TRIPLETAS_GRAFO":null,"TRIPLETAS_GRAFO 09/07/2026":null,"TRIPLETAS_GRAFO 27/07/2026":null,"TRIPLETAS_GRAFO 30/07/2026":null,"TRIPLETAS_GRAFO 21/08/2026":null,"TRIPLETAS_GRAFO 10/09/2026":75,"TRIPLETAS_GRAFO 18/09/2026":75,"c_ine":"03091000000","join_status":"matched"},"geometry":{"type":"Polygon","coordinates":[[[-0.09614532,38.765428234],[-0.09806202,38.774349935],[-0.085153242,38.778758247],[-0.050491135,38.75966209],[-0.081259803,38.756264147],[-0.09614532,38.765428234]]]}},{"type":"Feature","properties":{"NOMBRE_DESTINO":"MUTXAMEL","ID_DESTINO":"MUTXAMEL","NOMBRE_GRAFO":"http://datos.segittur.es/mutxamel","ID_GRAFO":"mutxamel","F_ALTA_GRAFO":"2026-07-10 00:00:00","TRIPLETAS_GRAFO":null,"TRIPLETAS_GRAFO 09/07/2026":null,"TRIPLETAS_GRAFO 27/07/2026":null,"TRIPLETAS_GRAFO 30/07/2026":null,"TRIPLETAS_GRAFO 21/08/2026":null,"TRIPLETAS_GRAFO 10/09/2026":2714,"TRIPLETAS_GRAFO 18/09/2026":2837,"c_ine":"03090000000","join_status":"matched"},"geometry":{"type":"Polygon","coordinates":[[[-0.527607104,38.463396945],[-0.497007534,38.451510697],[-0.471386657,38.461042377],[-0.444093157,38.448952353],[-0.41672572,38.453964714],[-0.419369885,38.427412461],[-0.430151419,38.413552697],[-0.462524838,38.395111397],[-0.473753488,38.40143626],[-0.469616957,38.411033032],[-0.484805046,38.402692426],[-0.498862576,38.422032547],[-0.552251774,38.452048392],[-0.545896697,38.460033588],[-0.527607104,38.463396945]]]}},{"type":"Feature","properties":{"NOMBRE_DESTINO":"NAVACONCEJO","ID_DESTINO":"NAVACONCEJO","NOMBRE_GRAFO":"http://datos.segittur.es/navaconcejo","ID_GRAFO":"navaconcejo","F_ALTA_GRAFO":"2026-06-01 00:00:00","TRIPLETAS_GRAFO":2013,"TRIPLETAS_GRAFO 09/07/2026":2013,"TRIPLETAS_GRAFO 27/07/2026":2013,"TRIPLETAS_GRAFO 30/07/2026":2013,"TRIPLETAS_GRAFO 21/08/2026":2013,"TRIPLETAS_GRAFO 10/09/2026":2013,"TRIPLETAS_GRAFO 18/09/2026":2148,"c_ine":"10130000000","join_status":"matched"},"geometry":{"type":"Polygon","coordinates":[[[-5.920802173,40.166869409],[-5.888691463,40.211974003],[-5.862066676,40.208024102],[-5.819184592,40.189305824],[-5.798404976,40.155833906],[-5.814125828,40.144796659],[-5.868244318,40.135811484],[-5.885477188,40.158649317],[-5.920802173,40.166869409]]]}},{"type":"Feature","properties":{"NOMBRE_DESTINO":"NAVAFRIA","ID_DESTINO":"NAVAFRIA","NOMBRE_GRAFO":"http://datos.segittur.es/navafria","ID_GRAFO":"navafria","F_ALTA_GRAFO":"2026-02-24 12:48:21.380000","TRIPLETAS_GRAFO":1368,"TRIPLETAS_GRAFO 09/07/2026":1368,"TRIPLETAS_GRAFO 27/07/2026":1368,"TRIPLETAS_GRAFO 30/07/2026":1368,"TRIPLETAS_GRAFO 21/08/2026":1368,"TRIPLETAS_GRAFO 10/09/2026":1368,"TRIPLETAS_GRAFO 18/09/2026":1368,"c_ine":"40139000000","join_status":"matched"},"geometry":{"type":"Polygon","coordinates":[[[-3.844507318,40.982347059],[-3.857518285,41.025785393],[-3.849605688,41.066281041],[-3.831854579,41.086537045],[-3.812483788,41.067341298],[-3.808362738,41.046696726],[-3.829093851,40.986654829],[-3.844507318,40.982347059]]]}},{"type":"Feature","properties":{"NOMBRE_DESTINO":"NAVALMORAL-DE-LA-MATA","ID_DESTINO":"NAVALMORAL-DE-LA-MATA","NOMBRE_GRAFO":"http://datos.segittur.es/navalmoral-de-la-mata","ID_GRAFO":"navalmoral-de-la-mata","F_ALTA_GRAFO":"2026-09-11 00:00:00","TRIPLETAS_GRAFO":null,"TRIPLETAS_GRAFO 09/07/2026":null,"TRIPLETAS_GRAFO 27/07/2026":null,"TRIPLETAS_GRAFO 30/07/2026":null,"TRIPLETAS_GRAFO 21/08/2026":null,"TRIPLETAS_GRAFO 10/09/2026":null,"TRIPLETAS_GRAFO 18/09/2026":76,"c_ine":"10131000000","join_status":"matched"},"geometry":{"type":"Polygon","coordinates":[[[-5.669649487,39.977960578],[-5.603443016,39.968945437],[-5.574645435,39.984002176],[-5.563810019,39.999871805],[-5.508948305,39.995775956],[-5.49848349,39.971201847],[-5.478138857,39.959324084],[-5.47185717,39.943197835],[-5.474372069,39.933090649],[-5.494077402,39.920840079],[-5.48802576,39.883575598],[-5.513413847,39.875001351],[-5.521030118,39.86108912],[-5.555942947,39.86543263],[-5.574633055,39.879450478],[-5.590606275,39.867987726],[-5.625135181,39.880120568],[-5.634636229,39.887318999],[-5.61598936,39.917252511],[-5.616413278,39.941277299],[-5.651657077,39.958096387],[-5.672934866,39.961318979],[-5.669649487,39.977960578]]]}},{"type":"Feature","properties":{"NOMBRE_DESTINO":"NAVARIDAS","ID_DESTINO":"NAVARIDAS","NOMBRE_GRAFO":"http://datos.segittur.es/navaridas","ID_GRAFO":"navaridas","F_ALTA_GRAFO":"2026-08-05 00:00:00","TRIPLETAS_GRAFO":null,"TRIPLETAS_GRAFO 09/07/2026":null,"TRIPLETAS_GRAFO 27/07/2026":null,"TRIPLETAS_GRAFO 30/07/2026":null,"TRIPLETAS_GRAFO 21/08/2026":null,"TRIPLETAS_GRAFO 10/09/2026":569,"TRIPLETAS_GRAFO 18/09/2026":569,"c_ine":"01041000000","join_status":"matched"},"geometry":{"type":"Polygon","coordinates":[[[-2.646526083,42.5510818],[-2.616664143,42.554408026],[-2.610763735,42.54737255],[-2.613584295,42.532441366],[-2.640659591,42.520695762],[-2.651323671,42.533895291],[-2.646526083,42.5510818]]]}},{"type":"Feature","properties":{"NOMBRE_DESTINO":"NAVAS-DEL-MADRONO","ID_DESTINO":"NAVAS-DEL-MADRONO","NOMBRE_GRAFO":"http://datos.segittur.es/navas-del-madrono","ID_GRAFO":"navas-del-madrono","F_ALTA_GRAFO":"2026-09-11 00:00:00","TRIPLETAS_GRAFO":null,"TRIPLETAS_GRAFO 09/07/2026":null,"TRIPLETAS_GRAFO 27/07/2026":null,"TRIPLETAS_GRAFO 30/07/2026":null,"TRIPLETAS_GRAFO 21/08/2026":null,"TRIPLETAS_GRAFO 10/09/2026":null,"TRIPLETAS_GRAFO 18/09/2026":40,"c_ine":"10133000000","join_status":"matched"},"geometry":{"type":"Polygon","coordinates":[[[-6.693200848,39.708491004],[-6.602880346,39.7095043],[-6.596313215,39.693324662],[-6.608087395,39.672729501],[-6.60202331,39.642853038],[-6.56452625,39.616206757],[-6.566054503,39.61217871],[-6.609641393,39.592231705],[-6.623870419,39.573540262],[-6.697435594,39.61550611],[-6.693200848,39.708491004]]]}},{"type":"Feature","properties":{"NOMBRE_DESTINO":"NAVEZUELAS","ID_DESTINO":"NAVEZUELAS","NOMBRE_GRAFO":"http://datos.segittur.es/navezuelas","ID_GRAFO":"navezuelas","F_ALTA_GRAFO":"2026-09-11 00:00:00","TRIPLETAS_GRAFO":null,"TRIPLETAS_GRAFO 09/07/2026":null,"TRIPLETAS_GRAFO 27/07/2026":null,"TRIPLETAS_GRAFO 30/07/2026":null,"TRIPLETAS_GRAFO 21/08/2026":null,"TRIPLETAS_GRAFO 10/09/2026":null,"TRIPLETAS_GRAFO 18/09/2026":109,"c_ine":"10134000000","join_status":"matched"},"geometry":{"type":"Polygon","coordinates":[[[-5.426380423,39.44954431],[-5.465498507,39.494757267],[-5.473186401,39.511863965],[-5.486680905,39.519449737],[-5.422828366,39.562104321],[-5.39276459,39.514015931],[-5.386281313,39.482950934],[-5.377044331,39.469122031],[-5.395550911,39.471544004],[-5.426380423,39.44954431]]]}},{"type":"Feature","properties":{"NOMBRE_DESTINO":"NOGUEIRA DE RAMUIN","ID_DESTINO":"NOGUEIRA_DE_RAMUIN","NOMBRE_GRAFO":"http://datos.segittur.es/nogueira_de_ramuin","ID_GRAFO":"nogueira de ramuin","F_ALTA_GRAFO":"2026-03-10 16:28:24.982000","TRIPLETAS_GRAFO":2120,"TRIPLETAS_GRAFO 09/07/2026":2120,"TRIPLETAS_GRAFO 27/07/2026":2120,"TRIPLETAS_GRAFO 30/07/2026":2120,"TRIPLETAS_GRAFO 21/08/2026":2120,"TRIPLETAS_GRAFO 10/09/2026":2120,"TRIPLETAS_GRAFO 18/09/2026":2120,"c_ine":"32052000000","join_status":"matched"},"geometry":{"type":"Polygon","coordinates":[[[-7.793579067,42.40949383],[-7.769358917,42.420761111],[-7.730659016,42.453844049],[-7.715105773,42.452829748],[-7.69787322,42.429544892],[-7.681916693,42.422546283],[-7.662144919,42.423029824],[-7.656931792,42.415166107],[-7.631412906,42.407054727],[-7.616539124,42.383526618],[-7.633532445,42.35455957],[-7.654092024,42.367149186],[-7.679007319,42.352150479],[-7.714356504,42.366284155],[-7.778551551,42.358380737],[-7.794095319,42.378365894],[-7.779364533,42.391766992],[-7.763493633,42.389088797],[-7.764031991,42.395710826],[-7.780581866,42.398828723],[-7.793579067,42.40949383]]]}},{"type":"Feature","properties":{"NOMBRE_DESTINO":"NUNOMORAL","ID_DESTINO":"NUNOMORAL","NOMBRE_GRAFO":"http://datos.segittur.es/nunomoral","ID_GRAFO":"nunomoral","F_ALTA_GRAFO":"2026-09-09 00:00:00","TRIPLETAS_GRAFO":null,"TRIPLETAS_GRAFO 09/07/2026":null,"TRIPLETAS_GRAFO 27/07/2026":null,"TRIPLETAS_GRAFO 30/07/2026":null,"TRIPLETAS_GRAFO 21/08/2026":null,"TRIPLETAS_GRAFO 10/09/2026":null,"TRIPLETAS_GRAFO 18/09/2026":262,"c_ine":"10135000000","join_status":"matched"},"geometry":{"type":"Polygon","coordinates":[[[-6.361865856,40.407087045],[-6.361453665,40.415367005],[-6.337266957,40.425705611],[-6.285831192,40.42610002],[-6.263639141,40.439005443],[-6.266456004,40.446536378],[-6.244416449,40.45180526],[-6.196599967,40.427280628],[-6.180875921,40.424994765],[-6.178073582,40.407292533],[-6.15490946,40.405531815],[-6.19504137,40.365744386],[-6.20432526,40.372557597],[-6.235094414,40.376203387],[-6.258474001,40.369664841],[-6.288194347,40.379315397],[-6.300020356,40.377419968],[-6.309880209,40.385162734],[-6.330611383,40.379937354],[-6.344480229,40.398387283],[-6.361865856,40.407087045]]]}},{"type":"Feature","properties":{"NOMBRE_DESTINO":"OJOS","ID_DESTINO":"OJOS","NOMBRE_GRAFO":"http://datos.segittur.es/ojos","ID_GRAFO":"ojos","F_ALTA_GRAFO":"2026-06-08 00:00:00","TRIPLETAS_GRAFO":"Sin datos","TRIPLETAS_GRAFO 09/07/2026":"Sin datos","TRIPLETAS_GRAFO 27/07/2026":24,"TRIPLETAS_GRAFO 30/07/2026":57,"TRIPLETAS_GRAFO 21/08/2026":57,"TRIPLETAS_GRAFO 10/09/2026":57,"TRIPLETAS_GRAFO 18/09/2026":57,"c_ine":"30031000000","join_status":"matched"},"geometry":{"type":"Polygon","coordinates":[[[-1.417191693,38.105357935],[-1.405792183,38.12308777],[-1.349589854,38.134531564],[-1.352603598,38.16199342],[-1.334458027,38.163964853],[-1.324178036,38.157070595],[-1.323412537,38.147642406],[-1.338346692,38.140266748],[-1.329163341,38.125672577],[-1.336816611,38.109163425],[-1.335989594,38.085297369],[-1.326718475,38.074856155],[-1.332892036,38.059499257],[-1.38450772,38.074851658],[-1.39535712,38.088699253],[-1.393562147,38.097667701],[-1.417191693,38.105357935]]]}},{"type":"Feature","properties":{"NOMBRE_DESTINO":"OKONDO","ID_DESTINO":"OKONDO","NOMBRE_GRAFO":"http://datos.segittur.es/okondo","ID_GRAFO":"okondo","F_ALTA_GRAFO":"2026-08-06 00:00:00","TRIPLETAS_GRAFO":null,"TRIPLETAS_GRAFO 09/07/2026":null,"TRIPLETAS_GRAFO 27/07/2026":null,"TRIPLETAS_GRAFO 30/07/2026":null,"TRIPLETAS_GRAFO 21/08/2026":null,"TRIPLETAS_GRAFO 10/09/2026":655,"TRIPLETAS_GRAFO 18/09/2026":655,"c_ine":"01042000000","join_status":"matched"},"geometry":{"type":"Polygon","coordinates":[[[-3.074686821,43.146353826],[-3.066148271,43.155510358],[-3.026655732,43.161099059],[-3.028131604,43.169439519],[-3.018580953,43.182209393],[-3.021849377,43.199642267],[-3.016665621,43.202617235],[-3.039717732,43.210671452],[-3.033661701,43.216661493],[-3.027014737,43.217187327],[-3.006463759,43.196009546],[-2.980843074,43.201789397],[-2.973394243,43.187662915],[-2.978007833,43.183560228],[-2.972501175,43.177808479],[-3.023911466,43.133165424],[-3.03273161,43.138423531],[-3.067209443,43.136976967],[-3.068079099,43.14514386],[-3.074686821,43.146353826]]]}},{"type":"Feature","properties":{"NOMBRE_DESTINO":"OLIVA-DE-PLASENCIA","ID_DESTINO":"OLIVA-DE-PLASENCIA","NOMBRE_GRAFO":"http://datos.segittur.es/oliva-de-plasencia","ID_GRAFO":"oliva-de-plasencia","F_ALTA_GRAFO":"2026-09-17 00:00:00","TRIPLETAS_GRAFO":null,"TRIPLETAS_GRAFO 09/07/2026":null,"TRIPLETAS_GRAFO 27/07/2026":null,"TRIPLETAS_GRAFO 30/07/2026":null,"TRIPLETAS_GRAFO 21/08/2026":null,"TRIPLETAS_GRAFO 10/09/2026":null,"TRIPLETAS_GRAFO 18/09/2026":81,"c_ine":"10136000000","join_status":"matched"},"geometry":{"type":"Polygon","coordinates":[[[-6.183015855,40.0900844],[-6.177221583,40.111977737],[-6.155269182,40.132186929],[-6.097500569,40.168101238],[-6.073195302,40.171712856],[-6.069458184,40.15002372],[-6.051318577,40.129480685],[-6.054284661,40.116846367],[-6.028246863,40.10539784],[-6.045253123,40.088513436],[-6.069606173,40.080060933],[-6.089385456,40.082083645],[-6.118463943,40.056092617],[-6.147796996,40.07504215],[-6.15725977,40.088754405],[-6.183015855,40.0900844]]]}},{"type":"Feature","properties":{"NOMBRE_DESTINO":"ONIL","ID_DESTINO":"ONIL","NOMBRE_GRAFO":"http://datos.segittur.es/onil","ID_GRAFO":"onil","F_ALTA_GRAFO":"2026-07-10 00:00:00","TRIPLETAS_GRAFO":null,"TRIPLETAS_GRAFO 09/07/2026":null,"TRIPLETAS_GRAFO 27/07/2026":null,"TRIPLETAS_GRAFO 30/07/2026":null,"TRIPLETAS_GRAFO 21/08/2026":null,"TRIPLETAS_GRAFO 10/09/2026":93,"TRIPLETAS_GRAFO 18/09/2026":93,"c_ine":"03096000000","join_status":"matched"},"geometry":{"type":"Polygon","coordinates":[[[-0.73259285,38.596035874],[-0.713012829,38.630145651],[-0.658583454,38.667325065],[-0.634418991,38.669974066],[-0.634094983,38.663759601],[-0.622972794,38.665777535],[-0.603322,38.652259],[-0.611092,38.648785],[-0.61853617,38.61128764],[-0.70784208,38.608555053],[-0.73259285,38.596035874]]]}},{"type":"Feature","properties":{"NOMBRE_DESTINO":"ORBA","ID_DESTINO":"ORBA","NOMBRE_GRAFO":"http://datos.segittur.es/orba","ID_GRAFO":"orba","F_ALTA_GRAFO":"2026-07-10 00:00:00","TRIPLETAS_GRAFO":null,"TRIPLETAS_GRAFO 09/07/2026":null,"TRIPLETAS_GRAFO 27/07/2026":null,"TRIPLETAS_GRAFO 30/07/2026":null,"TRIPLETAS_GRAFO 21/08/2026":null,"TRIPLETAS_GRAFO 10/09/2026":50,"TRIPLETAS_GRAFO 18/09/2026":50,"c_ine":"03097000000","join_status":"matched"},"geometry":{"type":"Polygon","coordinates":[[[-0.132411425,38.79689276],[-0.09697521,38.806251415],[-0.086084445,38.796034004],[-0.071352525,38.793962665],[-0.043597483,38.805091999],[-0.043628243,38.787353806],[-0.026066863,38.774790388],[-0.050491135,38.75966209],[-0.085153242,38.778758247],[-0.09365386,38.789943293],[-0.132411425,38.79689276]]]}},{"type":"Feature","properties":{"NOMBRE_DESTINO":"ORXETA","ID_DESTINO":"ORXETA","NOMBRE_GRAFO":"http://datos.segittur.es/orxeta","ID_GRAFO":"orxeta","F_ALTA_GRAFO":"2026-07-10 00:00:00","TRIPLETAS_GRAFO":null,"TRIPLETAS_GRAFO 09/07/2026":null,"TRIPLETAS_GRAFO 27/07/2026":null,"TRIPLETAS_GRAFO 30/07/2026":null,"TRIPLETAS_GRAFO 21/08/2026":null,"TRIPLETAS_GRAFO 10/09/2026":133,"TRIPLETAS_GRAFO 18/09/2026":133,"c_ine":"03098000000","join_status":"matched"},"geometry":{"type":"Polygon","coordinates":[[[-0.340362489,38.524523384],[-0.324040843,38.538161513],[-0.298151543,38.541801007],[-0.286275377,38.550103396],[-0.284650548,38.564913806],[-0.27003104,38.574583071],[-0.270333174,38.586600078],[-0.25023935,38.595751392],[-0.240954794,38.591469207],[-0.244979746,38.562769158],[-0.260813214,38.540490652],[-0.328768664,38.515798833],[-0.340362489,38.524523384]]]}},{"type":"Feature","properties":{"NOMBRE_DESTINO":"OSUNA","ID_DESTINO":"OSUNA","NOMBRE_GRAFO":"http://datos.segittur.es/osuna","ID_GRAFO":"osuna","F_ALTA_GRAFO":"2026-07-30 00:00:00","TRIPLETAS_GRAFO":null,"TRIPLETAS_GRAFO 09/07/2026":null,"TRIPLETAS_GRAFO 27/07/2026":null,"TRIPLETAS_GRAFO 30/07/2026":null,"TRIPLETAS_GRAFO 21/08/2026":2672,"TRIPLETAS_GRAFO 10/09/2026":2672,"TRIPLETAS_GRAFO 18/09/2026":2672,"c_ine":"41068000000","join_status":"matched"},"geometry":{"type":"Polygon","coordinates":[[[-5.249409671,37.250285449],[-5.275204944,37.300009234],[-5.260312574,37.326717598],[-5.255869606,37.356396524],[-5.242550643,37.356353408],[-5.233255732,37.344029676],[-5.214435904,37.345068371],[-5.211077944,37.339489666],[-5.186908992,37.345598463],[-5.197727902,37.360105572],[-5.196357034,37.368079618],[-5.207605279,37.375476307],[-5.208816607,37.386676352],[-5.174231934,37.39340691],[-5.150735778,37.383072448],[-5.115544848,37.384107409],[-5.028411805,37.370561045],[-5.026547312,37.35853824],[-5.037835582,37.345096303],[-5.027507359,37.311928082],[-5.014597002,37.318610382],[-5.008430478,37.337920536],[-5.001768262,37.327606135],[-4.989825196,37.326644972],[-5.00105349,37.303194662],[-4.995858985,37.294900828],[-5.005360942,37.281428883],[-5.001656875,37.276994371],[-5.007847259,37.254007085],[-4.99387899,37.237786438],[-4.965861944,37.181097551],[-5.001075969,37.167124382],[-5.01533066,37.175084138],[-5.012467294,37.166066232],[-5.018492112,37.160556222],[-5.029835403,37.162381279],[-5.045034539,37.144284187],[-5.060270631,37.148986204],[-5.058554342,37.138417307],[-5.090865268,37.123774405],[-5.091814461,37.112455972],[-5.115067639,37.116630809],[-5.138728901,37.090800206],[-5.167899579,37.083381484],[-5.169000706,37.097433228],[-5.203325043,37.104731389],[-5.200556796,37.118337384],[-5.216929868,37.120404788],[-5.217451163,37.133287797],[-5.202294047,37.1438394],[-5.198429751,37.155515281],[-5.213600698,37.179644846],[-5.214601229,37.202834516],[-5.243668682,37.225176349],[-5.252605739,37.244519213],[-5.249409671,37.250285449]]]}},{"type":"Feature","properties":{"NOMBRE_DESTINO":"OVIEDO","ID_DESTINO":"OVIEDO","NOMBRE_GRAFO":"http://datos.segittur.es/oviedo","ID_GRAFO":"oviedo","F_ALTA_GRAFO":"2026-03-26 11:22:25.218000","TRIPLETAS_GRAFO":69641,"TRIPLETAS_GRAFO 09/07/2026":69595,"TRIPLETAS_GRAFO 27/07/2026":57614,"TRIPLETAS_GRAFO 30/07/2026":57309,"TRIPLETAS_GRAFO 21/08/2026":57399,"TRIPLETAS_GRAFO 10/09/2026":57415,"TRIPLETAS_GRAFO 18/09/2026":57415,"c_ine":"33044000000","join_status":"matched"},"geometry":{"type":"Polygon","coordinates":[[[-6.000662404,43.302590101],[-6.017900362,43.33252234],[-5.968853078,43.361289518],[-5.974919767,43.363211617],[-5.970934284,43.372823326],[-5.979455415,43.376698183],[-5.977091643,43.383629684],[-5.960860484,43.381395307],[-5.962832555,43.368414731],[-5.954815334,43.374357753],[-5.939263202,43.367717869],[-5.927345146,43.374209431],[-5.927383227,43.379358637],[-5.934745805,43.378962693],[-5.929429582,43.386986441],[-5.94294709,43.396147097],[-5.931372166,43.397570105],[-5.9200458,43.424902061],[-5.908155951,43.415828775],[-5.886953736,43.41827524],[-5.885511081,43.40819142],[-5.877168577,43.42734576],[-5.861011164,43.420035222],[-5.865836739,43.409478892],[-5.862542419,43.414000343],[-5.850554786,43.408060385],[-5.843976741,43.414220833],[-5.841163706,43.409005574],[-5.831023124,43.415073725],[-5.821522922,43.415029584],[-5.82968208,43.412270741],[-5.820228691,43.394073606],[-5.806233891,43.380849327],[-5.792600013,43.379112425],[-5.776366319,43.353774843],[-5.777330319,43.345346265],[-5.742461465,43.341942955],[-5.755127235,43.333411132],[-5.760897417,43.309681293],[-5.773644785,43.302052366],[-5.770944362,43.288096542],[-5.783818441,43.279157884],[-5.81251076,43.289107169],[-5.839650318,43.284385225],[-5.829154285,43.291291401],[-5.845546286,43.302868715],[-5.831073992,43.319894627],[-5.843301269,43.328216841],[-5.840392417,43.317412365],[-5.863304121,43.307422362],[-5.870805975,43.312771608],[-5.868417856,43.320980192],[-5.873890873,43.327199493],[-5.919099977,43.319084466],[-5.942677246,43.303586473],[-5.959813509,43.306750901],[-5.965913632,43.319561925],[-5.977530869,43.309381687],[-6.000662404,43.302590101]]]}},{"type":"Feature","properties":{"NOMBRE_DESTINO":"OYONOION","ID_DESTINO":"OYONOION","NOMBRE_GRAFO":"http://datos.segittur.es/oyonoion","ID_GRAFO":"oyonoion","F_ALTA_GRAFO":"2026-08-05 00:00:00","TRIPLETAS_GRAFO":null,"TRIPLETAS_GRAFO 09/07/2026":null,"TRIPLETAS_GRAFO 27/07/2026":null,"TRIPLETAS_GRAFO 30/07/2026":null,"TRIPLETAS_GRAFO 21/08/2026":null,"TRIPLETAS_GRAFO 10/09/2026":1086,"TRIPLETAS_GRAFO 18/09/2026":1086,"c_ine":"01043000000","join_status":"matched"},"geometry":{"type":"Polygon","coordinates":[[[-2.483618587,42.519581274],[-2.442062316,42.535173184],[-2.453550824,42.55547377],[-2.453241999,42.567107793],[-2.424838296,42.604567366],[-2.396754487,42.599100147],[-2.400032059,42.589103032],[-2.389953539,42.549064086],[-2.437945231,42.535297102],[-2.422064564,42.51172164],[-2.420582303,42.489234273],[-2.438508201,42.489121819],[-2.448804627,42.496875077],[-2.477431916,42.486636594],[-2.484093356,42.494484065],[-2.474714172,42.501321814],[-2.483618587,42.519581274]]]}},{"type":"Feature","properties":{"NOMBRE_DESTINO":"PALOMERO","ID_DESTINO":"PALOMERO","NOMBRE_GRAFO":"http://datos.segittur.es/palomero","ID_GRAFO":"palomero","F_ALTA_GRAFO":"2026-09-11 00:00:00","TRIPLETAS_GRAFO":null,"TRIPLETAS_GRAFO 09/07/2026":null,"TRIPLETAS_GRAFO 27/07/2026":null,"TRIPLETAS_GRAFO 30/07/2026":null,"TRIPLETAS_GRAFO 21/08/2026":null,"TRIPLETAS_GRAFO 10/09/2026":null,"TRIPLETAS_GRAFO 18/09/2026":13,"c_ine":"10137000000","join_status":"matched"},"geometry":{"type":"Polygon","coordinates":[[[-6.323473039,40.252878728],[-6.313488083,40.251337024],[-6.29465123,40.261395636],[-6.275788149,40.257878688],[-6.258536527,40.269516752],[-6.23049522,40.235483218],[-6.307083101,40.227481358],[-6.316292126,40.249302143],[-6.323473039,40.252878728]]]}},{"type":"Feature","properties":{"NOMBRE_DESTINO":"PAMPANEIRA","ID_DESTINO":"PAMPANEIRA","NOMBRE_GRAFO":"http://datos.segittur.es/pampaneira","ID_GRAFO":"pampaneira","F_ALTA_GRAFO":"2026-03-18 16:32:54.943000","TRIPLETAS_GRAFO":3270,"TRIPLETAS_GRAFO 09/07/2026":3270,"TRIPLETAS_GRAFO 27/07/2026":3270,"TRIPLETAS_GRAFO 30/07/2026":3270,"TRIPLETAS_GRAFO 21/08/2026":3270,"TRIPLETAS_GRAFO 10/09/2026":3270,"TRIPLETAS_GRAFO 18/09/2026":3270,"c_ine":"18151000000","join_status":"matched"},"geometry":{"type":"Polygon","coordinates":[[[-3.406305441,37.016039455],[-3.38155923,37.010722127],[-3.368422825,36.992906449],[-3.378804032,36.983354687],[-3.382149332,36.960330502],[-3.377517356,36.952728274],[-3.364402315,36.953535569],[-3.360456473,36.94331642],[-3.349987685,36.940454248],[-3.374588765,36.919051075],[-3.368180999,36.912661994],[-3.380250921,36.917554661],[-3.396525785,36.981556973],[-3.392108526,37.003097713],[-3.406305441,37.016039455]]]}},{"type":"Feature","properties":{"NOMBRE_DESTINO":"PAMPLONAIRUNA","ID_DESTINO":"PAMPLONAIRUNA","NOMBRE_GRAFO":"http://datos.segittur.es/pamplonairuna","ID_GRAFO":"pamplonairuna","F_ALTA_GRAFO":"2026-03-03 11:58:47.125000","TRIPLETAS_GRAFO":19535,"TRIPLETAS_GRAFO 09/07/2026":19535,"TRIPLETAS_GRAFO 27/07/2026":19535,"TRIPLETAS_GRAFO 30/07/2026":19535,"TRIPLETAS_GRAFO 21/08/2026":19535,"TRIPLETAS_GRAFO 10/09/2026":19551,"TRIPLETAS_GRAFO 18/09/2026":19551,"c_ine":"31201000000","join_status":"matched"},"geometry":{"type":"Polygon","coordinates":[[[-1.693377407,42.834405398],[-1.680404179,42.838069205],[-1.670830008,42.830495769],[-1.649201547,42.829810202],[-1.635224577,42.832255828],[-1.632212161,42.839018744],[-1.638139094,42.842709518],[-1.616138732,42.838810985],[-1.626712713,42.821599906],[-1.604578208,42.813727937],[-1.605264782,42.80544631],[-1.624105245,42.804053467],[-1.629777421,42.797520706],[-1.625368953,42.790632863],[-1.631716323,42.788898887],[-1.639591274,42.795806875],[-1.64422373,42.788839283],[-1.653431472,42.789679978],[-1.667599628,42.801326346],[-1.678913726,42.792794501],[-1.683940548,42.801875681],[-1.673045015,42.805342924],[-1.69013143,42.808754682],[-1.69270895,42.814700594],[-1.685208157,42.820594096],[-1.693377407,42.834405398]]]}},{"type":"Feature","properties":{"NOMBRE_DESTINO":"PARCENT","ID_DESTINO":"PARCENT","NOMBRE_GRAFO":"http://datos.segittur.es/parcent","ID_GRAFO":"parcent","F_ALTA_GRAFO":"2026-07-10 00:00:00","TRIPLETAS_GRAFO":null,"TRIPLETAS_GRAFO 09/07/2026":null,"TRIPLETAS_GRAFO 27/07/2026":null,"TRIPLETAS_GRAFO 30/07/2026":null,"TRIPLETAS_GRAFO 21/08/2026":null,"TRIPLETAS_GRAFO 10/09/2026":30,"TRIPLETAS_GRAFO 18/09/2026":30,"c_ine":"03100000000","join_status":"matched"},"geometry":{"type":"Polygon","coordinates":[[[-0.097633048,38.73043738],[-0.079741609,38.757658654],[-0.053072903,38.759276837],[-0.05747495,38.725251993],[-0.087099603,38.723021769],[-0.097633048,38.73043738]]]}},{"type":"Feature","properties":{"NOMBRE_DESTINO":"PASARON-DE-LA-VERA","ID_DESTINO":"PASARON-DE-LA-VERA","NOMBRE_GRAFO":"http://datos.segittur.es/pasaron-de-la-vera","ID_GRAFO":"pasaron-de-la-vera","F_ALTA_GRAFO":"2026-06-02 00:00:00","TRIPLETAS_GRAFO":null,"TRIPLETAS_GRAFO 09/07/2026":null,"TRIPLETAS_GRAFO 27/07/2026":null,"TRIPLETAS_GRAFO 30/07/2026":null,"TRIPLETAS_GRAFO 21/08/2026":null,"TRIPLETAS_GRAFO 10/09/2026":null,"TRIPLETAS_GRAFO 18/09/2026":67,"c_ine":"10138000000","join_status":"matched"},"geometry":{"type":"Polygon","coordinates":[[[-5.850873705,40.031842465],[-5.829353003,40.060861666],[-5.835342074,40.072695355],[-5.824181256,40.071310727],[-5.820967293,40.076388341],[-5.80584245,40.069567732],[-5.792085009,40.056830073],[-5.797007412,40.041046747],[-5.79004157,40.03375631],[-5.795063067,40.022429508],[-5.785750806,40.010970687],[-5.782194903,39.987743738],[-5.831072333,39.976353699],[-5.835862147,39.994207227],[-5.826865539,40.001534294],[-5.835696616,40.019910486],[-5.850873705,40.031842465]]]}},{"type":"Feature","properties":{"NOMBRE_DESTINO":"PEAL_DE_BECERRO","ID_DESTINO":"PEAL_DE_BECERRO","NOMBRE_GRAFO":"http://datos.segittur.es/peal_de_becerro","ID_GRAFO":"peal_de_becerro","F_ALTA_GRAFO":"2026-07-30 00:00:00","TRIPLETAS_GRAFO":null,"TRIPLETAS_GRAFO 09/07/2026":null,"TRIPLETAS_GRAFO 27/07/2026":null,"TRIPLETAS_GRAFO 30/07/2026":null,"TRIPLETAS_GRAFO 21/08/2026":270,"TRIPLETAS_GRAFO 10/09/2026":270,"TRIPLETAS_GRAFO 18/09/2026":270,"c_ine":"23066000000","join_status":"matched"},"geometry":{"type":"MultiPolygon","coordinates":[[[[-2.995249427,37.865550603],[-2.992087005,37.884874334],[-2.946246619,37.867519561],[-2.911112683,37.868957102],[-2.898962062,37.848973934],[-2.899189931,37.806090415],[-2.872709629,37.79202198],[-2.880291844,37.759943917],[-2.90009296,37.767867201],[-2.894898684,37.779579501],[-2.903534683,37.784499144],[-2.902474127,37.805327171],[-2.931807972,37.81626344],[-2.955839772,37.833499476],[-2.956832299,37.846722111],[-2.965982415,37.846418987],[-2.995249427,37.865550603]]],[[[-3.208153584,37.838957676],[-3.206255191,37.855004144],[-3.219424084,37.860541714],[-3.208428191,37.867645612],[-3.213378398,37.87308974],[-3.213055747,37.902986414],[-3.225525684,37.903963997],[-3.222285348,37.915768068],[-3.234433342,37.918538884],[-3.231003945,37.927864972],[-3.242580256,37.925660861],[-3.245880888,37.932729242],[-3.254001477,37.924870872],[-3.256096254,37.93500594],[-3.242592187,37.943064842],[-3.235325063,37.934093506],[-3.234137257,37.947020405],[-3.220300896,37.944496041],[-3.218697681,37.956477196],[-3.212932362,37.950683261],[-3.197779568,37.958027771],[-3.152250706,37.932965727],[-3.12019659,37.934254398],[-3.098915184,37.916454566],[-3.100925214,37.905484037],[-3.095913939,37.900774165],[-3.100810877,37.888476425],[-3.149378383,37.852735601],[-3.189984796,37.83180457],[-3.208153584,37.838957676]]]]}},{"type":"Feature","properties":{"NOMBRE_DESTINO":"PEDRAZA","ID_DESTINO":"PEDRAZA","NOMBRE_GRAFO":"http://datos.segittur.es/pedraza","ID_GRAFO":"pedraza","F_ALTA_GRAFO":"2026-02-27 11:37:02.659000","TRIPLETAS_GRAFO":2428,"TRIPLETAS_GRAFO 09/07/2026":2428,"TRIPLETAS_GRAFO 27/07/2026":2428,"TRIPLETAS_GRAFO 30/07/2026":2428,"TRIPLETAS_GRAFO 21/08/2026":2428,"TRIPLETAS_GRAFO 10/09/2026":2428,"TRIPLETAS_GRAFO 18/09/2026":2428,"c_ine":"40156000000","join_status":"matched"},"geometry":{"type":"Polygon","coordinates":[[[-3.846679737,41.127629327],[-3.843747983,41.148009064],[-3.832251907,41.156803467],[-3.808905474,41.14534936],[-3.778855623,41.148700213],[-3.758689489,41.142303872],[-3.756909162,41.129433974],[-3.762423087,41.118948202],[-3.785058303,41.110175485],[-3.796597732,41.093287308],[-3.812983166,41.096280682],[-3.824162172,41.115145211],[-3.838742243,41.11614801],[-3.838423687,41.122942434],[-3.846679737,41.127629327]]]}},{"type":"Feature","properties":{"NOMBRE_DESTINO":"PEDROSO-DE-ACIM","ID_DESTINO":"PEDROSO-DE-ACIM","NOMBRE_GRAFO":"http://datos.segittur.es/pedroso-de-acim","ID_GRAFO":"pedroso-de-acim","F_ALTA_GRAFO":"2026-09-11 00:00:00","TRIPLETAS_GRAFO":null,"TRIPLETAS_GRAFO 09/07/2026":null,"TRIPLETAS_GRAFO 27/07/2026":null,"TRIPLETAS_GRAFO 30/07/2026":null,"TRIPLETAS_GRAFO 21/08/2026":null,"TRIPLETAS_GRAFO 10/09/2026":null,"TRIPLETAS_GRAFO 18/09/2026":16,"c_ine":"10139000000","join_status":"matched"},"geometry":{"type":"Polygon","coordinates":[[[-6.436721781,39.863922788],[-6.432958322,39.867204874],[-6.439870926,39.872908478],[-6.422694956,39.879172768],[-6.428816713,39.887296273],[-6.424426437,39.891875641],[-6.391598045,39.894588873],[-6.390417628,39.882508839],[-6.375287765,39.871286383],[-6.376860721,39.86070214],[-6.391366379,39.844596937],[-6.381464633,39.831888946],[-6.380881755,39.81929587],[-6.389597191,39.810304283],[-6.420656944,39.807112821],[-6.429029532,39.822591835],[-6.412293485,39.845765916],[-6.436721781,39.863922788]]]}},{"type":"Feature","properties":{"NOMBRE_DESTINO":"PEGO","ID_DESTINO":"PEGO","NOMBRE_GRAFO":"http://datos.segittur.es/pego","ID_GRAFO":"pego","F_ALTA_GRAFO":"2026-07-10 00:00:00","TRIPLETAS_GRAFO":null,"TRIPLETAS_GRAFO 09/07/2026":null,"TRIPLETAS_GRAFO 27/07/2026":null,"TRIPLETAS_GRAFO 30/07/2026":null,"TRIPLETAS_GRAFO 21/08/2026":null,"TRIPLETAS_GRAFO 10/09/2026":190,"TRIPLETAS_GRAFO 18/09/2026":190,"c_ine":"03102000000","join_status":"matched"},"geometry":{"type":"Polygon","coordinates":[[[-0.156750475,38.834489235],[-0.147125928,38.838686841],[-0.148076753,38.858431191],[-0.102094729,38.875028593],[-0.09208342,38.871527339],[-0.089786202,38.879236027],[-0.078693229,38.884121261],[-0.070240349,38.885612101],[-0.042125567,38.857893146],[-0.04530177,38.845468953],[-0.065666552,38.83720626],[-0.092527403,38.808032645],[-0.118726059,38.799096408],[-0.132188949,38.798995456],[-0.123716252,38.809562028],[-0.156750475,38.834489235]]]}},{"type":"Feature","properties":{"NOMBRE_DESTINO":"PENACERRADAURIZAHARRA","ID_DESTINO":"PENACERRADAURIZAHARRA","NOMBRE_GRAFO":"http://datos.segittur.es/penacerradaurizaharra","ID_GRAFO":"penacerradaurizaharra","F_ALTA_GRAFO":"2026-08-05 00:00:00","TRIPLETAS_GRAFO":null,"TRIPLETAS_GRAFO 09/07/2026":null,"TRIPLETAS_GRAFO 27/07/2026":null,"TRIPLETAS_GRAFO 30/07/2026":null,"TRIPLETAS_GRAFO 21/08/2026":null,"TRIPLETAS_GRAFO 10/09/2026":912,"TRIPLETAS_GRAFO 18/09/2026":912,"c_ine":"01044000000","join_status":"matched"},"geometry":{"type":"Polygon","coordinates":[[[-2.794771117,42.632578493],[-2.791352973,42.637156313],[-2.78166054,42.639425563],[-2.758880199,42.638262621],[-2.759078951,42.649898804],[-2.738212097,42.662821181],[-2.718009119,42.662016562],[-2.714753099,42.669573399],[-2.699204885,42.674837884],[-2.666397029,42.66619134],[-2.658455581,42.672390866],[-2.634851292,42.647795259],[-2.618682473,42.64862501],[-2.628139944,42.631788349],[-2.65133797,42.63155507],[-2.663857173,42.623640274],[-2.685661195,42.594932186],[-2.71062145,42.601088841],[-2.740705073,42.622439053],[-2.765876567,42.620157153],[-2.794771117,42.632578493]]]}},{"type":"Feature","properties":{"NOMBRE_DESTINO":"PERALEDA-DE-LA-MATA","ID_DESTINO":"PERALEDA-DE-LA-MATA","NOMBRE_GRAFO":"http://datos.segittur.es/peraleda-de-la-mata","ID_GRAFO":"peraleda-de-la-mata","F_ALTA_GRAFO":"2026-09-11 00:00:00","TRIPLETAS_GRAFO":null,"TRIPLETAS_GRAFO 09/07/2026":null,"TRIPLETAS_GRAFO 27/07/2026":null,"TRIPLETAS_GRAFO 30/07/2026":null,"TRIPLETAS_GRAFO 21/08/2026":null,"TRIPLETAS_GRAFO 10/09/2026":null,"TRIPLETAS_GRAFO 18/09/2026":35,"c_ine":"10140000000","join_status":"matched"},"geometry":{"type":"Polygon","coordinates":[[[-5.526022575,39.851529225],[-5.513413847,39.875001351],[-5.48802576,39.883575598],[-5.494077402,39.920840079],[-5.474372069,39.933090649],[-5.47185717,39.943197835],[-5.439003185,39.931588235],[-5.436354677,39.914311491],[-5.401077924,39.885661764],[-5.408739818,39.861999667],[-5.442566221,39.839806437],[-5.436326184,39.815668948],[-5.411228712,39.826553483],[-5.408011063,39.806675558],[-5.412995986,39.804932356],[-5.440432362,39.80031322],[-5.448684713,39.810381825],[-5.494452854,39.807131464],[-5.48868283,39.824728858],[-5.506404777,39.846823066],[-5.526022575,39.851529225]]]}},{"type":"Feature","properties":{"NOMBRE_DESTINO":"PERALEDA-DE-SAN-ROMAN","ID_DESTINO":"PERALEDA-DE-SAN-ROMAN","NOMBRE_GRAFO":"http://datos.segittur.es/peraleda-de-san-roman","ID_GRAFO":"peraleda-de-san-roman","F_ALTA_GRAFO":"2026-09-11 00:00:00","TRIPLETAS_GRAFO":null,"TRIPLETAS_GRAFO 09/07/2026":null,"TRIPLETAS_GRAFO 27/07/2026":null,"TRIPLETAS_GRAFO 30/07/2026":null,"TRIPLETAS_GRAFO 21/08/2026":null,"TRIPLETAS_GRAFO 10/09/2026":null,"TRIPLETAS_GRAFO 18/09/2026":13,"c_ine":"10141000000","join_status":"matched"},"geometry":{"type":"Polygon","coordinates":[[[-5.4414012,39.746124471],[-5.432564295,39.764948945],[-5.419176508,39.76131927],[-5.372694879,39.808187456],[-5.352074292,39.795383064],[-5.355724338,39.788381366],[-5.348368526,39.781539875],[-5.32829774,39.77090997],[-5.356690899,39.743462266],[-5.378252704,39.70906817],[-5.409269012,39.697734972],[-5.442147837,39.725298866],[-5.4414012,39.746124471]]]}},{"type":"Feature","properties":{"NOMBRE_DESTINO":"PERALES-DEL-PUERTO","ID_DESTINO":"PERALES-DEL-PUERTO","NOMBRE_GRAFO":"http://datos.segittur.es/perales-del-puerto","ID_GRAFO":"perales-del-puerto","F_ALTA_GRAFO":"2026-09-11 00:00:00","TRIPLETAS_GRAFO":null,"TRIPLETAS_GRAFO 09/07/2026":null,"TRIPLETAS_GRAFO 27/07/2026":null,"TRIPLETAS_GRAFO 30/07/2026":null,"TRIPLETAS_GRAFO 21/08/2026":null,"TRIPLETAS_GRAFO 10/09/2026":null,"TRIPLETAS_GRAFO 18/09/2026":31,"c_ine":"10142000000","join_status":"matched"},"geometry":{"type":"Polygon","coordinates":[[[-6.728202983,40.102116991],[-6.725079544,40.142619091],[-6.701001602,40.154325658],[-6.692935705,40.171370973],[-6.674705952,40.184677536],[-6.661163493,40.16279889],[-6.66355244,40.135641595],[-6.650601599,40.117309183],[-6.652158232,40.109577707],[-6.68133856,40.111048244],[-6.712429161,40.101048285],[-6.728202983,40.102116991]]]}},{"type":"Feature","properties":{"NOMBRE_DESTINO":"PETRER","ID_DESTINO":"PETRER","NOMBRE_GRAFO":"http://datos.segittur.es/petrer","ID_GRAFO":"petrer","F_ALTA_GRAFO":"2026-07-10 00:00:00","TRIPLETAS_GRAFO":null,"TRIPLETAS_GRAFO 09/07/2026":null,"TRIPLETAS_GRAFO 27/07/2026":null,"TRIPLETAS_GRAFO 30/07/2026":null,"TRIPLETAS_GRAFO 21/08/2026":null,"TRIPLETAS_GRAFO 10/09/2026":615,"TRIPLETAS_GRAFO 18/09/2026":615,"c_ine":"03104000000","join_status":"matched"},"geometry":{"type":"Polygon","coordinates":[[[-0.806330929,38.510442752],[-0.74416722,38.551613295],[-0.660334996,38.507753043],[-0.653306626,38.485834357],[-0.673604412,38.463893787],[-0.705757123,38.452139098],[-0.719566898,38.453287393],[-0.733503508,38.442872294],[-0.783200802,38.437431755],[-0.782553329,38.462470428],[-0.789399253,38.469953115],[-0.783157631,38.476739358],[-0.790465745,38.48935339],[-0.784482571,38.494405571],[-0.798319218,38.499104355],[-0.806330929,38.510442752]]]}},{"type":"Feature","properties":{"NOMBRE_DESTINO":"PINOFRANQUEADO","ID_DESTINO":"PINOFRANQUEADO","NOMBRE_GRAFO":"http://datos.segittur.es/pinofranqueado","ID_GRAFO":"pinofranqueado","F_ALTA_GRAFO":"2026-09-09 00:00:00","TRIPLETAS_GRAFO":null,"TRIPLETAS_GRAFO 09/07/2026":null,"TRIPLETAS_GRAFO 27/07/2026":null,"TRIPLETAS_GRAFO 30/07/2026":null,"TRIPLETAS_GRAFO 21/08/2026":null,"TRIPLETAS_GRAFO 10/09/2026":null,"TRIPLETAS_GRAFO 18/09/2026":180,"c_ine":"10146000000","join_status":"matched"},"geometry":{"type":"Polygon","coordinates":[[[-6.484722123,40.262809863],[-6.456787624,40.300611339],[-6.45949076,40.316913094],[-6.443444197,40.348870022],[-6.432860146,40.356264178],[-6.44024084,40.380758094],[-6.419641801,40.39888752],[-6.375965661,40.400190943],[-6.361865856,40.407087045],[-6.344480229,40.398387283],[-6.331494089,40.38016408],[-6.309880209,40.385162734],[-6.300020356,40.377419968],[-6.32154815,40.353214527],[-6.323716525,40.333139398],[-6.307825257,40.317671671],[-6.333917813,40.29796268],[-6.336248037,40.278873317],[-6.354391864,40.281221218],[-6.364041845,40.29130732],[-6.380125343,40.290937007],[-6.423870444,40.272842815],[-6.453415685,40.27230584],[-6.470499007,40.252286063],[-6.484289571,40.251871104],[-6.484722123,40.262809863]]]}},{"type":"Feature","properties":{"NOMBRE_DESTINO":"PIORNAL","ID_DESTINO":"PIORNAL","NOMBRE_GRAFO":"http://datos.segittur.es/piornal","ID_GRAFO":"piornal","F_ALTA_GRAFO":"2026-06-02 00:00:00","TRIPLETAS_GRAFO":null,"TRIPLETAS_GRAFO 09/07/2026":null,"TRIPLETAS_GRAFO 27/07/2026":null,"TRIPLETAS_GRAFO 30/07/2026":null,"TRIPLETAS_GRAFO 21/08/2026":null,"TRIPLETAS_GRAFO 10/09/2026":null,"TRIPLETAS_GRAFO 18/09/2026":402,"c_ine":"10147000000","join_status":"matched"},"geometry":{"type":"Polygon","coordinates":[[[-5.887665057,40.098911211],[-5.873682259,40.105564477],[-5.878285605,40.121807735],[-5.860471556,40.13628311],[-5.868244318,40.135811484],[-5.864884593,40.138804131],[-5.815625423,40.144444914],[-5.807793977,40.153210429],[-5.785022731,40.156138782],[-5.794019209,40.137059945],[-5.819265075,40.112973857],[-5.815145779,40.103273812],[-5.829875949,40.08339507],[-5.820967293,40.076388341],[-5.823578876,40.071487557],[-5.855736528,40.080661264],[-5.861063167,40.095563415],[-5.887665057,40.098911211]]]}},{"type":"Feature","properties":{"NOMBRE_DESTINO":"PLANES","ID_DESTINO":"PLANES","NOMBRE_GRAFO":"http://datos.segittur.es/planes","ID_GRAFO":"planes","F_ALTA_GRAFO":"2026-07-10 00:00:00","TRIPLETAS_GRAFO":null,"TRIPLETAS_GRAFO 09/07/2026":null,"TRIPLETAS_GRAFO 27/07/2026":null,"TRIPLETAS_GRAFO 30/07/2026":null,"TRIPLETAS_GRAFO 21/08/2026":null,"TRIPLETAS_GRAFO 10/09/2026":239,"TRIPLETAS_GRAFO 18/09/2026":239,"c_ine":"03106000000","join_status":"matched"},"geometry":{"type":"Polygon","coordinates":[[[-0.380059464,38.779134854],[-0.387922279,38.810619396],[-0.367195995,38.805892478],[-0.356402855,38.812847353],[-0.331231018,38.809724986],[-0.308452286,38.82230191],[-0.298281398,38.820508312],[-0.28568008,38.805710701],[-0.28355522,38.782849199],[-0.292004365,38.772197987],[-0.325238994,38.766134652],[-0.332057091,38.759200054],[-0.345260341,38.773348663],[-0.380059464,38.779134854]]]}},{"type":"Feature","properties":{"NOMBRE_DESTINO":"PLASENCIA","ID_DESTINO":"PLASENCIA","NOMBRE_GRAFO":"http://datos.segittur.es/plasencia","ID_GRAFO":"plasencia","F_ALTA_GRAFO":"2026-06-13 00:00:00","TRIPLETAS_GRAFO":"Sin datos","TRIPLETAS_GRAFO 09/07/2026":"Sin datos","TRIPLETAS_GRAFO 27/07/2026":11,"TRIPLETAS_GRAFO 30/07/2026":11,"TRIPLETAS_GRAFO 21/08/2026":11,"TRIPLETAS_GRAFO 10/09/2026":11,"TRIPLETAS_GRAFO 18/09/2026":1283,"c_ine":"10148000000","join_status":"matched"},"geometry":{"type":"Polygon","coordinates":[[[-6.305291973,39.878609901],[-6.279892626,39.897832815],[-6.265761695,39.929973775],[-6.265728342,39.947962198],[-6.253900289,39.968264187],[-6.190101451,40.045448169],[-6.195964428,40.077594945],[-6.183015855,40.0900844],[-6.15725977,40.088754405],[-6.121279848,40.056151813],[-6.089385456,40.082083645],[-6.069606173,40.080060933],[-6.032859977,40.095702346],[-5.983997969,40.079326909],[-5.976649662,40.07053572],[-6.017035302,40.031389168],[-6.034167795,40.032211595],[-6.040883974,40.014326923],[-6.06678228,40.015049212],[-6.106354584,39.986134267],[-6.127152364,39.9810346],[-6.126234026,39.976303477],[-6.171312468,39.963971418],[-6.243078197,39.918874696],[-6.265972461,39.892578565],[-6.296767529,39.870034666],[-6.305291973,39.878609901]]]}},{"type":"Feature","properties":{"NOMBRE_DESTINO":"PLASENZUELA","ID_DESTINO":"PLASENZUELA","NOMBRE_GRAFO":"http://datos.segittur.es/plasenzuela","ID_GRAFO":"plasenzuela","F_ALTA_GRAFO":"2026-09-11 00:00:00","TRIPLETAS_GRAFO":null,"TRIPLETAS_GRAFO 09/07/2026":null,"TRIPLETAS_GRAFO 27/07/2026":null,"TRIPLETAS_GRAFO 30/07/2026":null,"TRIPLETAS_GRAFO 21/08/2026":null,"TRIPLETAS_GRAFO 10/09/2026":null,"TRIPLETAS_GRAFO 18/09/2026":39,"c_ine":"10149000000","join_status":"matched"},"geometry":{"type":"Polygon","coordinates":[[[-6.084963454,39.367055786],[-6.080116094,39.37611134],[-6.083787521,39.384103319],[-6.091954069,39.383454051],[-6.085335756,39.386836744],[-6.094957537,39.394940527],[-6.084169134,39.399352916],[-6.091953473,39.403677218],[-6.067076714,39.408849234],[-6.040179841,39.395142722],[-6.029758154,39.375650798],[-5.989183492,39.373530127],[-6.00182188,39.366736575],[-6.005737118,39.34870897],[-6.037241445,39.346935567],[-6.03390011,39.337014627],[-6.040775361,39.332916497],[-6.084963454,39.367055786]]]}},{"type":"Feature","properties":{"NOMBRE_DESTINO":"PORCUNA","ID_DESTINO":"PORCUNA","NOMBRE_GRAFO":"http://datos.segittur.es/porcuna","ID_GRAFO":"porcuna","F_ALTA_GRAFO":"2026-02-20 08:10:59.864000","TRIPLETAS_GRAFO":706,"TRIPLETAS_GRAFO 09/07/2026":706,"TRIPLETAS_GRAFO 27/07/2026":706,"TRIPLETAS_GRAFO 30/07/2026":706,"TRIPLETAS_GRAFO 21/08/2026":706,"TRIPLETAS_GRAFO 10/09/2026":706,"TRIPLETAS_GRAFO 18/09/2026":706,"c_ine":"23069000000","join_status":"matched"},"geometry":{"type":"Polygon","coordinates":[[[-4.285859115,37.795723863],[-4.270987588,37.911361469],[-4.260203114,37.905988985],[-4.170578013,37.925813925],[-4.126257114,37.903913163],[-4.120289525,37.886927359],[-4.109108739,37.885275716],[-4.107496806,37.857378852],[-4.116274696,37.857521316],[-4.136171499,37.831843394],[-4.163538474,37.823401981],[-4.165867284,37.811103818],[-4.211617375,37.782739426],[-4.285859115,37.795723863]]]}},{"type":"Feature","properties":{"NOMBRE_DESTINO":"PORTAJE","ID_DESTINO":"PORTAJE","NOMBRE_GRAFO":"http://datos.segittur.es/portaje","ID_GRAFO":"portaje","F_ALTA_GRAFO":"2026-09-11 00:00:00","TRIPLETAS_GRAFO":null,"TRIPLETAS_GRAFO 09/07/2026":null,"TRIPLETAS_GRAFO 27/07/2026":null,"TRIPLETAS_GRAFO 30/07/2026":null,"TRIPLETAS_GRAFO 21/08/2026":null,"TRIPLETAS_GRAFO 10/09/2026":null,"TRIPLETAS_GRAFO 18/09/2026":13,"c_ine":"10150000000","join_status":"matched"},"geometry":{"type":"Polygon","coordinates":[[[-6.62804899,39.942509642],[-6.599941433,39.958085981],[-6.574969892,39.961759966],[-6.554899943,39.958207714],[-6.556372696,39.939437323],[-6.536381237,39.941121341],[-6.534065868,39.932058989],[-6.52106116,39.928050704],[-6.518760297,39.915339757],[-6.54041959,39.891225548],[-6.53616306,39.885077712],[-6.527345252,39.885941047],[-6.514762467,39.853853232],[-6.503788109,39.846944014],[-6.508473414,39.82399638],[-6.521065788,39.805933595],[-6.558703809,39.795064995],[-6.581260506,39.809429585],[-6.581713836,39.825799198],[-6.558223381,39.831693091],[-6.554412435,39.83866444],[-6.565504761,39.854779353],[-6.594855241,39.877056124],[-6.609173095,39.923554744],[-6.621976954,39.93010822],[-6.62804899,39.942509642]]]}},{"type":"Feature","properties":{"NOMBRE_DESTINO":"PORTEZUELO","ID_DESTINO":"PORTEZUELO","NOMBRE_GRAFO":"http://datos.segittur.es/portezuelo","ID_GRAFO":"portezuelo","F_ALTA_GRAFO":"2026-09-11 00:00:00","TRIPLETAS_GRAFO":null,"TRIPLETAS_GRAFO 09/07/2026":null,"TRIPLETAS_GRAFO 27/07/2026":null,"TRIPLETAS_GRAFO 30/07/2026":null,"TRIPLETAS_GRAFO 21/08/2026":null,"TRIPLETAS_GRAFO 10/09/2026":null,"TRIPLETAS_GRAFO 18/09/2026":26,"c_ine":"10151000000","join_status":"matched"},"geometry":{"type":"Polygon","coordinates":[[[-6.647308608,39.761858146],[-6.62656157,39.759680934],[-6.614824005,39.775773281],[-6.59424116,39.763146585],[-6.583159605,39.780341436],[-6.55621433,39.785729128],[-6.551675961,39.795541863],[-6.521065788,39.805933595],[-6.508473414,39.82399638],[-6.49277732,39.8749732],[-6.476328135,39.864299266],[-6.452746551,39.868823522],[-6.438392563,39.865080163],[-6.412293485,39.845765916],[-6.429029532,39.822591835],[-6.420656944,39.807112821],[-6.453990458,39.805079244],[-6.440039947,39.785507374],[-6.443670114,39.770519785],[-6.45215444,39.76489016],[-6.544906405,39.755136922],[-6.545912082,39.740857267],[-6.55630652,39.742880605],[-6.582915741,39.726605516],[-6.593760548,39.733277107],[-6.60435412,39.721221434],[-6.612760959,39.73211009],[-6.627614323,39.734843609],[-6.647308608,39.761858146]]]}},{"type":"Feature","properties":{"NOMBRE_DESTINO":"POZUELO-DE-ZARZON","ID_DESTINO":"POZUELO-DE-ZARZON","NOMBRE_GRAFO":"http://datos.segittur.es/pozuelo-de-zarzon","ID_GRAFO":"pozuelo-de-zarzon","F_ALTA_GRAFO":"2026-09-11 00:00:00","TRIPLETAS_GRAFO":null,"TRIPLETAS_GRAFO 09/07/2026":null,"TRIPLETAS_GRAFO 27/07/2026":null,"TRIPLETAS_GRAFO 30/07/2026":null,"TRIPLETAS_GRAFO 21/08/2026":null,"TRIPLETAS_GRAFO 10/09/2026":null,"TRIPLETAS_GRAFO 18/09/2026":19,"c_ine":"10152000000","join_status":"matched"},"geometry":{"type":"Polygon","coordinates":[[[-6.450826418,40.112804938],[-6.418060232,40.144814744],[-6.424380453,40.1512387],[-6.457475446,40.153001114],[-6.452120679,40.167769776],[-6.439007076,40.174744321],[-6.41700939,40.165507122],[-6.385759185,40.169785754],[-6.356349544,40.160042073],[-6.345872905,40.11428472],[-6.349911851,40.111249616],[-6.383439965,40.110580151],[-6.391171655,40.117919461],[-6.440570375,40.099483258],[-6.450826418,40.112804938]]]}},{"type":"Feature","properties":{"NOMBRE_DESTINO":"PUEBLA DE SANABRIA","ID_DESTINO":"PUEBLA_DE_SANABRIA","NOMBRE_GRAFO":"http://datos.segittur.es/puebla_de_sanabria","ID_GRAFO":"puebla de sanabria","F_ALTA_GRAFO":"2025-11-17 15:40:31.372000","TRIPLETAS_GRAFO":9415,"TRIPLETAS_GRAFO 09/07/2026":9445,"TRIPLETAS_GRAFO 27/07/2026":9492,"TRIPLETAS_GRAFO 30/07/2026":9649,"TRIPLETAS_GRAFO 21/08/2026":613,"TRIPLETAS_GRAFO 10/09/2026":11123,"TRIPLETAS_GRAFO 18/09/2026":11141,"c_ine":"49166000000","join_status":"matched"},"geometry":{"type":"Polygon","coordinates":[[[-6.652827415,42.05277981],[-6.627157929,42.061780453],[-6.628224424,42.076883651],[-6.608661491,42.076771975],[-6.604469274,42.069979255],[-6.614109294,42.055006902],[-6.601981551,42.030715603],[-6.585791373,42.031691509],[-6.578958208,42.039703249],[-6.54322024,42.013970081],[-6.521814832,42.017970504],[-6.518640496,42.005965402],[-6.531275059,41.990367635],[-6.532389486,41.967325724],[-6.569508183,41.973208941],[-6.577721735,41.961294468],[-6.602894236,41.974848006],[-6.638627927,41.968739693],[-6.647290581,41.988995351],[-6.663238171,41.993250322],[-6.666343321,42.005271451],[-6.64387487,42.041808899],[-6.652827415,42.05277981]]]}},{"type":"Feature","properties":{"NOMBRE_DESTINO":"PUEBLONUEVO-DE-MIRAMONTES","ID_DESTINO":"PUEBLONUEVO-DE-MIRAMONTES","NOMBRE_GRAFO":"http://datos.segittur.es/pueblonuevo-de-miramontes","ID_GRAFO":"pueblonuevo-de-miramontes","F_ALTA_GRAFO":"2026-09-11 00:00:00","TRIPLETAS_GRAFO":null,"TRIPLETAS_GRAFO 09/07/2026":null,"TRIPLETAS_GRAFO 27/07/2026":null,"TRIPLETAS_GRAFO 30/07/2026":null,"TRIPLETAS_GRAFO 21/08/2026":null,"TRIPLETAS_GRAFO 10/09/2026":null,"TRIPLETAS_GRAFO 18/09/2026":13,"c_ine":"10905000000","join_status":"matched"},"geometry":{"type":"Polygon","coordinates":[[[-5.406336263,40.093272696],[-5.391794859,40.100193469],[-5.369010615,40.100085271],[-5.373857628,40.059322121],[-5.365428377,40.036480383],[-5.370378993,40.034625458],[-5.375506902,40.043651112],[-5.396017381,40.042680855],[-5.395443298,40.048106597],[-5.417502267,40.054650469],[-5.413870494,40.061767051],[-5.422929449,40.060040671],[-5.429478252,40.06747716],[-5.407354494,40.087265465],[-5.396985446,40.086516072],[-5.406336263,40.093272696]]]}},{"type":"Feature","properties":{"NOMBRE_DESTINO":"PUERTO-DE-SANTA-CRUZ","ID_DESTINO":"PUERTO-DE-SANTA-CRUZ","NOMBRE_GRAFO":"http://datos.segittur.es/puerto-de-santa-cruz","ID_GRAFO":"puerto-de-santa-cruz","F_ALTA_GRAFO":"2026-09-11 00:00:00","TRIPLETAS_GRAFO":null,"TRIPLETAS_GRAFO 09/07/2026":null,"TRIPLETAS_GRAFO 27/07/2026":null,"TRIPLETAS_GRAFO 30/07/2026":null,"TRIPLETAS_GRAFO 21/08/2026":null,"TRIPLETAS_GRAFO 10/09/2026":null,"TRIPLETAS_GRAFO 18/09/2026":13,"c_ine":"10153000000","join_status":"matched"},"geometry":{"type":"Polygon","coordinates":[[[-5.906037089,39.259311099],[-5.894028994,39.309896387],[-5.877402298,39.33116377],[-5.856917125,39.326317693],[-5.827687936,39.299834743],[-5.818435444,39.299545776],[-5.834813877,39.287364412],[-5.834975231,39.278721107],[-5.85484682,39.28339723],[-5.856746202,39.273089709],[-5.884587654,39.255907972],[-5.906037089,39.259311099]]]}},{"type":"Feature","properties":{"NOMBRE_DESTINO":"PUERTO LUMBRERAS","ID_DESTINO":"PUERTO_LUMBRERAS","NOMBRE_GRAFO":"http://datos.segittur.es/puerto_lumbreras","ID_GRAFO":"puerto lumbreras","F_ALTA_GRAFO":"2026-06-08 00:00:00","TRIPLETAS_GRAFO":"Sin datos","TRIPLETAS_GRAFO 09/07/2026":"Sin datos","TRIPLETAS_GRAFO 27/07/2026":123,"TRIPLETAS_GRAFO 30/07/2026":156,"TRIPLETAS_GRAFO 21/08/2026":156,"TRIPLETAS_GRAFO 10/09/2026":156,"TRIPLETAS_GRAFO 18/09/2026":156,"c_ine":"30033000000","join_status":"matched"},"geometry":{"type":"Polygon","coordinates":[[[-1.916181344,37.545043516],[-1.907300552,37.546882677],[-1.899988506,37.559144679],[-1.890468132,37.55905556],[-1.883410678,37.575239637],[-1.872479473,37.582210955],[-1.838566131,37.576726506],[-1.794421966,37.606296774],[-1.762765213,37.599704935],[-1.717578626,37.606306453],[-1.70157919,37.583689419],[-1.71322238,37.581013958],[-1.716064857,37.562559445],[-1.752538515,37.557506837],[-1.753358023,37.532792932],[-1.773262496,37.532307509],[-1.781244998,37.52166473],[-1.794070841,37.51785778],[-1.810192721,37.500941613],[-1.809821034,37.493718368],[-1.848386299,37.460977651],[-1.916181344,37.545043516]]]}},{"type":"Feature","properties":{"NOMBRE_DESTINO":"REBOLLAR","ID_DESTINO":"REBOLLAR","NOMBRE_GRAFO":"http://datos.segittur.es/rebollar","ID_GRAFO":"rebollar","F_ALTA_GRAFO":"2026-06-01 00:00:00","TRIPLETAS_GRAFO":132,"TRIPLETAS_GRAFO 09/07/2026":132,"TRIPLETAS_GRAFO 27/07/2026":132,"TRIPLETAS_GRAFO 30/07/2026":132,"TRIPLETAS_GRAFO 21/08/2026":132,"TRIPLETAS_GRAFO 10/09/2026":132,"TRIPLETAS_GRAFO 18/09/2026":189,"c_ine":"42151000000","join_status":"matched"},"geometry":{"type":"Polygon","coordinates":[[[-2.535860401,41.892477424],[-2.525591861,41.904186922],[-2.525844863,41.914407172],[-2.509694392,41.932764821],[-2.495598437,41.91755171],[-2.500262246,41.905509466],[-2.489030748,41.900093388],[-2.512844769,41.886112901],[-2.535860401,41.892477424]]]}},{"type":"Feature","properties":{"NOMBRE_DESTINO":"REDOVAN","ID_DESTINO":"REDOVAN","NOMBRE_GRAFO":"http://datos.segittur.es/redovan","ID_GRAFO":"redovan","F_ALTA_GRAFO":"2026-07-10 00:00:00","TRIPLETAS_GRAFO":null,"TRIPLETAS_GRAFO 09/07/2026":null,"TRIPLETAS_GRAFO 27/07/2026":null,"TRIPLETAS_GRAFO 30/07/2026":null,"TRIPLETAS_GRAFO 21/08/2026":null,"TRIPLETAS_GRAFO 10/09/2026":31,"TRIPLETAS_GRAFO 18/09/2026":31,"c_ine":"03111000000","join_status":"matched"},"geometry":{"type":"Polygon","coordinates":[[[-0.959051921,38.139746234],[-0.926288298,38.138757367],[-0.921457544,38.128867694],[-0.891782736,38.113100565],[-0.89122993,38.103376513],[-0.910263116,38.098580404],[-0.905351245,38.106458883],[-0.918311254,38.105499839],[-0.931446129,38.130251643],[-0.932661443,38.124379676],[-0.941801797,38.123053407],[-0.959051921,38.139746234]]]}},{"type":"Feature","properties":{"NOMBRE_DESTINO":"RIBAROJA DE TURIA","ID_DESTINO":"RIBAROJA_DE_TURIA","NOMBRE_GRAFO":"http://datos.segittur.es/ribaroja_de_turia","ID_GRAFO":"ribaroja de turia","F_ALTA_GRAFO":"2026-02-20 08:10:32.129000","TRIPLETAS_GRAFO":8346,"TRIPLETAS_GRAFO 09/07/2026":8346,"TRIPLETAS_GRAFO 27/07/2026":8346,"TRIPLETAS_GRAFO 30/07/2026":8346,"TRIPLETAS_GRAFO 21/08/2026":8350,"TRIPLETAS_GRAFO 10/09/2026":8350,"TRIPLETAS_GRAFO 18/09/2026":8350,"c_ine":"46214000000","join_status":"matched"},"geometry":{"type":"Polygon","coordinates":[[[-0.606299487,39.517295567],[-0.592544695,39.566859007],[-0.560338172,39.563893485],[-0.514147239,39.542342677],[-0.518498995,39.52659944],[-0.51415004,39.523724962],[-0.529193603,39.506955297],[-0.529615,39.470842],[-0.583975,39.472389],[-0.591285818,39.478295168],[-0.589119546,39.485024261],[-0.53574865,39.486201611],[-0.554319819,39.500684366],[-0.568357483,39.49597026],[-0.574794814,39.503122823],[-0.579437627,39.495003406],[-0.594958325,39.499118299],[-0.606299487,39.517295567]]]}},{"type":"Feature","properties":{"NOMBRE_DESTINO":"RIBERA_BAJAERRIBERA_BEITIA","ID_DESTINO":"RIBERA_BAJAERRIBERA_BEITIA","NOMBRE_GRAFO":"http://datos.segittur.es/ribera-bajaerribera-beitia","ID_GRAFO":"ribera_bajaerribera_beitia","F_ALTA_GRAFO":"2026-08-06 00:00:00","TRIPLETAS_GRAFO":null,"TRIPLETAS_GRAFO 09/07/2026":null,"TRIPLETAS_GRAFO 27/07/2026":null,"TRIPLETAS_GRAFO 30/07/2026":null,"TRIPLETAS_GRAFO 21/08/2026":null,"TRIPLETAS_GRAFO 10/09/2026":67,"TRIPLETAS_GRAFO 18/09/2026":67,"c_ine":"01047000000","join_status":"matched"},"geometry":{"type":"Polygon","coordinates":[[[-2.948455072,42.720406674],[-2.930930229,42.719109791],[-2.92596236,42.736721635],[-2.906850362,42.748108792],[-2.909699123,42.75515334],[-2.8733919,42.755460609],[-2.86208409,42.746288786],[-2.874055541,42.736339989],[-2.874474818,42.727796946],[-2.889151804,42.730856208],[-2.892841731,42.723412223],[-2.891828506,42.70921814],[-2.874429853,42.707912324],[-2.88341526,42.69286329],[-2.930317388,42.699665782],[-2.93021013,42.708032166],[-2.947011115,42.709653072],[-2.948455072,42.720406674]]]}},{"type":"Feature","properties":{"NOMBRE_DESTINO":"RICOTE","ID_DESTINO":"RICOTE","NOMBRE_GRAFO":"http://datos.segittur.es/ricote","ID_GRAFO":"ricote","F_ALTA_GRAFO":"2026-06-08 00:00:00","TRIPLETAS_GRAFO":"Sin datos","TRIPLETAS_GRAFO 09/07/2026":"Sin datos","TRIPLETAS_GRAFO 27/07/2026":57,"TRIPLETAS_GRAFO 30/07/2026":90,"TRIPLETAS_GRAFO 21/08/2026":90,"TRIPLETAS_GRAFO 10/09/2026":90,"TRIPLETAS_GRAFO 18/09/2026":90,"c_ine":"30034000000","join_status":"matched"},"geometry":{"type":"Polygon","coordinates":[[[-1.516256529,38.161444079],[-1.501491455,38.183791192],[-1.46691035,38.194350312],[-1.466321677,38.183029788],[-1.450989275,38.172203504],[-1.428044687,38.170573798],[-1.388720489,38.182413893],[-1.369846673,38.166085379],[-1.352603598,38.16199342],[-1.347835373,38.139472393],[-1.367396131,38.128580293],[-1.405792183,38.12308777],[-1.417191693,38.105357935],[-1.439158861,38.114055379],[-1.485751159,38.116981365],[-1.516256529,38.161444079]]]}},{"type":"Feature","properties":{"NOMBRE_DESTINO":"RINCON DE LA VICTORIA","ID_DESTINO":"RINCON_DE_LA_VICTORIA","NOMBRE_GRAFO":"http://datos.segittur.es/rincon_de_la_victoria","ID_GRAFO":"rincon de la victoria","F_ALTA_GRAFO":"2026-06-01 00:00:00","TRIPLETAS_GRAFO":4364,"TRIPLETAS_GRAFO 09/07/2026":4364,"TRIPLETAS_GRAFO 27/07/2026":4516,"TRIPLETAS_GRAFO 30/07/2026":4516,"TRIPLETAS_GRAFO 21/08/2026":5296,"TRIPLETAS_GRAFO 10/09/2026":5376,"TRIPLETAS_GRAFO 18/09/2026":5376,"c_ine":"29082000000","join_status":"matched"},"geometry":{"type":"Polygon","coordinates":[[[-4.315413391,36.712541199],[-4.318457284,36.732431173],[-4.297393638,36.740698295],[-4.286581922,36.752838734],[-4.27240996,36.747081991],[-4.270410686,36.739910603],[-4.257813368,36.753613843],[-4.232642695,36.757326685],[-4.239229397,36.737250229],[-4.231977568,36.732394599],[-4.232681551,36.712505545],[-4.315413391,36.712541199]]]}},{"type":"Feature","properties":{"NOMBRE_DESTINO":"RIOLOBOS","ID_DESTINO":"RIOLOBOS","NOMBRE_GRAFO":"http://datos.segittur.es/riolobos","ID_GRAFO":"riolobos","F_ALTA_GRAFO":"2026-09-11 00:00:00","TRIPLETAS_GRAFO":null,"TRIPLETAS_GRAFO 09/07/2026":null,"TRIPLETAS_GRAFO 27/07/2026":null,"TRIPLETAS_GRAFO 30/07/2026":null,"TRIPLETAS_GRAFO 21/08/2026":null,"TRIPLETAS_GRAFO 10/09/2026":null,"TRIPLETAS_GRAFO 18/09/2026":31,"c_ine":"10155000000","join_status":"matched"},"geometry":{"type":"Polygon","coordinates":[[[-6.400583621,39.906980396],[-6.405186317,39.915131683],[-6.397928502,39.957083513],[-6.375851554,39.940850034],[-6.353781449,39.944652782],[-6.344200224,39.953351508],[-6.298474965,39.950514004],[-6.286715396,39.92849827],[-6.269602014,39.922416402],[-6.283331409,39.893195721],[-6.305291973,39.878609901],[-6.309638035,39.894338587],[-6.347652301,39.911836974],[-6.351189696,39.925605681],[-6.370696942,39.92357143],[-6.400583621,39.906980396]]]}},{"type":"Feature","properties":{"NOMBRE_DESTINO":"RIVASVACIAMADRID","ID_DESTINO":"RIVASVACIAMADRID","NOMBRE_GRAFO":"http://datos.segittur.es/rivasvaciamadrid","ID_GRAFO":"rivasvaciamadrid","F_ALTA_GRAFO":"2026-06-01 00:00:00","TRIPLETAS_GRAFO":86935,"TRIPLETAS_GRAFO 09/07/2026":86881,"TRIPLETAS_GRAFO 27/07/2026":87073,"TRIPLETAS_GRAFO 30/07/2026":87073,"TRIPLETAS_GRAFO 21/08/2026":87073,"TRIPLETAS_GRAFO 10/09/2026":87073,"TRIPLETAS_GRAFO 18/09/2026":87073,"c_ine":"28123000000","join_status":"matched"},"geometry":{"type":"Polygon","coordinates":[[[-3.576126232,40.314885745],[-3.583817072,40.315813059],[-3.582487147,40.32625582],[-3.554251016,40.356654325],[-3.565223566,40.360075993],[-3.538147729,40.388732209],[-3.52040679,40.392102178],[-3.519913011,40.409930333],[-3.501228446,40.406897544],[-3.50921222,40.39598424],[-3.506651812,40.388601626],[-3.502386805,40.392906727],[-3.50049674,40.385243592],[-3.505994555,40.382635933],[-3.500241291,40.377138257],[-3.511858166,40.370032541],[-3.504501692,40.35825191],[-3.496659935,40.363614652],[-3.483831055,40.360900293],[-3.484308435,40.350735025],[-3.477427296,40.3499662],[-3.470705934,40.335885187],[-3.470678378,40.319492408],[-3.485456779,40.324250894],[-3.494495618,40.315836823],[-3.511418805,40.318499736],[-3.514452301,40.313184877],[-3.505231773,40.309214355],[-3.515133479,40.304816627],[-3.508993063,40.301283337],[-3.519796704,40.294281273],[-3.540191443,40.290241994],[-3.550503629,40.297036673],[-3.571505317,40.287120193],[-3.576126232,40.314885745]]]}},{"type":"Feature","properties":{"NOMBRE_DESTINO":"ROBLEDILLO-DE-GATA","ID_DESTINO":"ROBLEDILLO-DE-GATA","NOMBRE_GRAFO":"http://datos.segittur.es/robledillo-de-gata","ID_GRAFO":"robledillo-de-gata","F_ALTA_GRAFO":"2026-09-11 00:00:00","TRIPLETAS_GRAFO":null,"TRIPLETAS_GRAFO 09/07/2026":null,"TRIPLETAS_GRAFO 27/07/2026":null,"TRIPLETAS_GRAFO 30/07/2026":null,"TRIPLETAS_GRAFO 21/08/2026":null,"TRIPLETAS_GRAFO 10/09/2026":null,"TRIPLETAS_GRAFO 18/09/2026":85,"c_ine":"10156000000","join_status":"matched"},"geometry":{"type":"Polygon","coordinates":[[[-6.516377814,40.354237603],[-6.463212724,40.372839233],[-6.438315058,40.372772749],[-6.432842473,40.357075281],[-6.443444197,40.348870022],[-6.45949076,40.316913094],[-6.456305373,40.304300391],[-6.464059226,40.301798528],[-6.49149387,40.320552432],[-6.516377814,40.354237603]]]}},{"type":"Feature","properties":{"NOMBRE_DESTINO":"ROJALES","ID_DESTINO":"ROJALES","NOMBRE_GRAFO":"http://datos.segittur.es/rojales","ID_GRAFO":"rojales","F_ALTA_GRAFO":"2026-07-10 00:00:00","TRIPLETAS_GRAFO":null,"TRIPLETAS_GRAFO 09/07/2026":null,"TRIPLETAS_GRAFO 27/07/2026":null,"TRIPLETAS_GRAFO 30/07/2026":null,"TRIPLETAS_GRAFO 21/08/2026":null,"TRIPLETAS_GRAFO 10/09/2026":115,"TRIPLETAS_GRAFO 18/09/2026":115,"c_ine":"03113000000","join_status":"matched"},"geometry":{"type":"Polygon","coordinates":[[[-0.753233902,38.073283487],[-0.773285308,38.078400891],[-0.761687321,38.083397806],[-0.761280525,38.098319541],[-0.753078286,38.097993381],[-0.757562941,38.08144481],[-0.746474822,38.065706436],[-0.728247516,38.066508657],[-0.734848902,38.086757897],[-0.724641212,38.088344723],[-0.725704613,38.09706999],[-0.713416502,38.112294218],[-0.699257937,38.114930367],[-0.692904596,38.048048108],[-0.712716199,38.046617153],[-0.724031708,38.033172524],[-0.740925377,38.04544073],[-0.735939659,38.049095622],[-0.740757889,38.06122398],[-0.746621133,38.064487401],[-0.753233902,38.073283487]]]}},{"type":"Feature","properties":{"NOMBRE_DESTINO":"ROMANGORDO","ID_DESTINO":"ROMANGORDO","NOMBRE_GRAFO":"http://datos.segittur.es/romangordo","ID_GRAFO":"romangordo","F_ALTA_GRAFO":"2026-09-11 00:00:00","TRIPLETAS_GRAFO":null,"TRIPLETAS_GRAFO 09/07/2026":null,"TRIPLETAS_GRAFO 27/07/2026":null,"TRIPLETAS_GRAFO 30/07/2026":null,"TRIPLETAS_GRAFO 21/08/2026":null,"TRIPLETAS_GRAFO 10/09/2026":null,"TRIPLETAS_GRAFO 18/09/2026":64,"c_ine":"10160000000","join_status":"matched"},"geometry":{"type":"Polygon","coordinates":[[[-5.755054661,39.774719675],[-5.723978362,39.790127971],[-5.72524418,39.801781967],[-5.699307674,39.804532342],[-5.696260092,39.777641352],[-5.672780397,39.763122638],[-5.667741134,39.751716898],[-5.685742663,39.719105723],[-5.698376033,39.710434896],[-5.755054661,39.774719675]]]}},{"type":"Feature","properties":{"NOMBRE_DESTINO":"ROTA","ID_DESTINO":"ROTA","NOMBRE_GRAFO":"http://datos.segittur.es/rota","ID_GRAFO":"rota","F_ALTA_GRAFO":"2026-03-24 10:53:34.252000","TRIPLETAS_GRAFO":206,"TRIPLETAS_GRAFO 09/07/2026":206,"TRIPLETAS_GRAFO 27/07/2026":206,"TRIPLETAS_GRAFO 30/07/2026":206,"TRIPLETAS_GRAFO 21/08/2026":206,"TRIPLETAS_GRAFO 10/09/2026":206,"TRIPLETAS_GRAFO 18/09/2026":206,"c_ine":"11030000000","join_status":"matched"},"geometry":{"type":"MultiPolygon","coordinates":[[[[-6.322776,36.612964],[-6.313978,36.615899],[-6.319607,36.612022],[-6.322776,36.612964]]],[[[-6.420205095,36.689624692],[-6.395648547,36.697779274],[-6.379126028,36.713690252],[-6.37018517,36.734091662],[-6.313815511,36.695233465],[-6.306700836,36.671636886],[-6.314958826,36.665592622],[-6.296850033,36.653575742],[-6.306629751,36.636840871],[-6.297898056,36.615317341],[-6.305347,36.617679],[-6.304067,36.611917],[-6.329352,36.624853],[-6.32765,36.620985],[-6.331567,36.623703],[-6.329912,36.61948],[-6.33371,36.622036],[-6.334992,36.620793],[-6.326197,36.610186],[-6.336615,36.620471],[-6.336542,36.62401],[-6.344643,36.625307],[-6.356364,36.615358],[-6.351889,36.613679],[-6.381621,36.624619],[-6.385368,36.61728],[-6.399256,36.634527],[-6.394322,36.64568],[-6.420205095,36.689624692]]]]}},{"type":"Feature","properties":{"NOMBRE_DESTINO":"SAGRA","ID_DESTINO":"SAGRA","NOMBRE_GRAFO":"http://datos.segittur.es/sagra","ID_GRAFO":"sagra","F_ALTA_GRAFO":"2026-07-10 00:00:00","TRIPLETAS_GRAFO":null,"TRIPLETAS_GRAFO 09/07/2026":null,"TRIPLETAS_GRAFO 27/07/2026":null,"TRIPLETAS_GRAFO 30/07/2026":null,"TRIPLETAS_GRAFO 21/08/2026":null,"TRIPLETAS_GRAFO 10/09/2026":10,"TRIPLETAS_GRAFO 18/09/2026":10,"c_ine":"03115000000","join_status":"matched"},"geometry":{"type":"Polygon","coordinates":[[[-0.085929819,38.815940311],[-0.065666552,38.83720626],[-0.046066891,38.807190573],[-0.055414389,38.811156504],[-0.067449502,38.806333282],[-0.085929819,38.815940311]]]}},{"type":"Feature","properties":{"NOMBRE_DESTINO":"SALAMANCA","ID_DESTINO":"SALAMANCA","NOMBRE_GRAFO":"http://datos.segittur.es/salamanca","ID_GRAFO":"salamanca","F_ALTA_GRAFO":"2025-11-27 00:00:00","TRIPLETAS_GRAFO":null,"TRIPLETAS_GRAFO 09/07/2026":null,"TRIPLETAS_GRAFO 27/07/2026":null,"TRIPLETAS_GRAFO 30/07/2026":null,"TRIPLETAS_GRAFO 21/08/2026":12955,"TRIPLETAS_GRAFO 10/09/2026":12955,"TRIPLETAS_GRAFO 18/09/2026":12955,"c_ine":"37274000000","join_status":"matched"},"geometry":{"type":"Polygon","coordinates":[[[-5.732840301,40.949655905],[-5.728998289,40.960052325],[-5.735881047,40.962314912],[-5.730748855,40.968623477],[-5.714429125,40.970393628],[-5.711781589,40.978139243],[-5.696753823,40.977767315],[-5.671043981,40.99211186],[-5.656135671,40.993716114],[-5.624472225,40.979845564],[-5.622672821,40.969289875],[-5.636509078,40.963759959],[-5.629359084,40.953057802],[-5.643357117,40.960060273],[-5.655137263,40.95500832],[-5.663432723,40.935223533],[-5.67371508,40.931247163],[-5.67355598,40.92026553],[-5.682382217,40.914677052],[-5.685923251,40.921303401],[-5.678159644,40.925004263],[-5.68028762,40.935487498],[-5.691274069,40.943893175],[-5.68286235,40.939265755],[-5.68261294,40.948295191],[-5.695686745,40.944133929],[-5.696296043,40.936064975],[-5.706900104,40.935954785],[-5.707357996,40.941284288],[-5.728459195,40.930935512],[-5.732840301,40.949655905]]]}},{"type":"Feature","properties":{"NOMBRE_DESTINO":"SALORINO","ID_DESTINO":"SALORINO","NOMBRE_GRAFO":"http://datos.segittur.es/salorino","ID_GRAFO":"salorino","F_ALTA_GRAFO":"2026-09-11 00:00:00","TRIPLETAS_GRAFO":null,"TRIPLETAS_GRAFO 09/07/2026":null,"TRIPLETAS_GRAFO 27/07/2026":null,"TRIPLETAS_GRAFO 30/07/2026":null,"TRIPLETAS_GRAFO 21/08/2026":null,"TRIPLETAS_GRAFO 10/09/2026":null,"TRIPLETAS_GRAFO 18/09/2026":13,"c_ine":"10162000000","join_status":"matched"},"geometry":{"type":"Polygon","coordinates":[[[-7.094840554,39.504300298],[-7.081162842,39.512932544],[-7.056124024,39.502858624],[-7.007331477,39.517414233],[-6.981599904,39.552811919],[-6.930880358,39.503897824],[-6.936673269,39.479258067],[-6.912734061,39.436818013],[-6.935835271,39.396876508],[-6.996801,39.42128602],[-6.99392773,39.425360281],[-7.032321731,39.430049035],[-7.126838994,39.465701838],[-7.098678454,39.493060286],[-7.094840554,39.504300298]]]}},{"type":"Feature","properties":{"NOMBRE_DESTINO":"SALVATIERRA-DE-SANTIAGO","ID_DESTINO":"SALVATIERRA-DE-SANTIAGO","NOMBRE_GRAFO":"http://datos.segittur.es/salvatierra-de-santiago","ID_GRAFO":"salvatierra-de-santiago","F_ALTA_GRAFO":"2026-09-11 00:00:00","TRIPLETAS_GRAFO":null,"TRIPLETAS_GRAFO 09/07/2026":null,"TRIPLETAS_GRAFO 27/07/2026":null,"TRIPLETAS_GRAFO 30/07/2026":null,"TRIPLETAS_GRAFO 21/08/2026":null,"TRIPLETAS_GRAFO 10/09/2026":null,"TRIPLETAS_GRAFO 18/09/2026":20,"c_ine":"10163000000","join_status":"matched"},"geometry":{"type":"Polygon","coordinates":[[[-6.094019319,39.280084436],[-6.073265412,39.293766083],[-6.07592247,39.299868813],[-6.064555303,39.308552493],[-6.069336586,39.316461828],[-6.04609756,39.339281172],[-6.019133669,39.31304042],[-6.005203367,39.276115508],[-6.041654528,39.276384468],[-6.069215059,39.254860479],[-6.094019319,39.280084436]]]}},{"type":"Feature","properties":{"NOMBRE_DESTINO":"SAMANIEGO","ID_DESTINO":"SAMANIEGO","NOMBRE_GRAFO":"http://datos.segittur.es/samaniego","ID_GRAFO":"samaniego","F_ALTA_GRAFO":"2026-08-05 00:00:00","TRIPLETAS_GRAFO":null,"TRIPLETAS_GRAFO 09/07/2026":null,"TRIPLETAS_GRAFO 27/07/2026":null,"TRIPLETAS_GRAFO 30/07/2026":null,"TRIPLETAS_GRAFO 21/08/2026":null,"TRIPLETAS_GRAFO 10/09/2026":1083,"TRIPLETAS_GRAFO 18/09/2026":1083,"c_ine":"01052000000","join_status":"matched"},"geometry":{"type":"Polygon","coordinates":[[[-2.691427072,42.542763904],[-2.681768783,42.595394882],[-2.667304611,42.592363917],[-2.668755236,42.585442596],[-2.658391052,42.586411864],[-2.654937951,42.580556713],[-2.656846198,42.565954863],[-2.650953733,42.558678318],[-2.665589748,42.55759617],[-2.691427072,42.542763904]]]}},{"type":"Feature","properties":{"NOMBRE_DESTINO":"SAN BARTOLOME DE TIRAJANA","ID_DESTINO":"SAN_BARTOLOME_DE_TIRAJANA","NOMBRE_GRAFO":"http://datos.segittur.es/san_bartolome_de_tirajana","ID_GRAFO":"san bartolome de tirajana","F_ALTA_GRAFO":"2026-05-07 15:07:43.184000","TRIPLETAS_GRAFO":1366,"TRIPLETAS_GRAFO 09/07/2026":1052,"TRIPLETAS_GRAFO 27/07/2026":1163,"TRIPLETAS_GRAFO 30/07/2026":1163,"TRIPLETAS_GRAFO 21/08/2026":1164,"TRIPLETAS_GRAFO 10/09/2026":1164,"TRIPLETAS_GRAFO 18/09/2026":1164,"c_ine":"35019000000","join_status":"matched"},"geometry":{"type":"Polygon","coordinates":[[[-15.680414503,27.756254226],[-15.666902833,27.769566151],[-15.672576837,27.79258046],[-15.658909471,27.835687317],[-15.662712231,27.861745442],[-15.671362606,27.871704218],[-15.669893224,27.902271189],[-15.637673721,27.931353302],[-15.628550173,27.949058439],[-15.612921576,27.953040594],[-15.601739232,27.965804381],[-15.588895862,27.952100992],[-15.569453679,27.963282322],[-15.543301677,27.95005018],[-15.541521966,27.931279543],[-15.557851621,27.923529696],[-15.550605769,27.911707585],[-15.551644562,27.895388919],[-15.530392674,27.877699711],[-15.539606344,27.871714474],[-15.52840458,27.85167193],[-15.50082059,27.843499771],[-15.477147946,27.850453954],[-15.427453389,27.805609027],[-15.433726535,27.799222852],[-15.487462536,27.792663145],[-15.560315268,27.762951461],[-15.569448429,27.738329912],[-15.576781816,27.735809782],[-15.599016007,27.734503835],[-15.619822231,27.748985922],[-15.628569558,27.745050255],[-15.660012119,27.756779193],[-15.674100585,27.748977577],[-15.680414503,27.756254226]]]}},{"type":"Feature","properties":{"NOMBRE_DESTINO":"SAN ESTEBAN DE GORMAZ","ID_DESTINO":"SAN_ESTEBAN_DE_GORMAZ","NOMBRE_GRAFO":"http://datos.segittur.es/san_esteban_de_gormaz","ID_GRAFO":"san esteban de gormaz","F_ALTA_GRAFO":"2026-03-26 11:28:32.240000","TRIPLETAS_GRAFO":4532,"TRIPLETAS_GRAFO 09/07/2026":4696,"TRIPLETAS_GRAFO 27/07/2026":4673,"TRIPLETAS_GRAFO 30/07/2026":4673,"TRIPLETAS_GRAFO 21/08/2026":4819,"TRIPLETAS_GRAFO 10/09/2026":4912,"TRIPLETAS_GRAFO 18/09/2026":4917,"c_ine":"42162000000","join_status":"matched"},"geometry":{"type":"Polygon","coordinates":[[[-3.341663998,41.417019353],[-3.34603486,41.429022679],[-3.338954621,41.452940619],[-3.306260097,41.478413774],[-3.298775321,41.475893144],[-3.285844821,41.490337339],[-3.28304098,41.506701125],[-3.29616897,41.516386722],[-3.293374099,41.523752548],[-3.309837906,41.540633862],[-3.307229717,41.561996111],[-3.322717554,41.565637811],[-3.312645024,41.580841949],[-3.331592667,41.582149192],[-3.329355483,41.590414793],[-3.295818676,41.602619734],[-3.299149158,41.640412517],[-3.279034181,41.650658824],[-3.274279529,41.667819182],[-3.189770985,41.68687918],[-3.19142108,41.659557951],[-3.182909123,41.643764875],[-3.122230589,41.628570214],[-3.127130759,41.599237922],[-3.160726267,41.578884769],[-3.160873344,41.570489956],[-3.148598277,41.557815459],[-3.10088229,41.549895853],[-3.115205574,41.519978404],[-3.110899617,41.511029396],[-3.122585271,41.493039021],[-3.115071169,41.484831978],[-3.132930103,41.472634889],[-3.128138229,41.447743676],[-3.115847233,41.436569265],[-3.170965014,41.412928548],[-3.219377609,41.427205876],[-3.234586955,41.416862369],[-3.254341843,41.413875118],[-3.278907439,41.417223348],[-3.28929519,41.42841237],[-3.341663998,41.417019353]]]}},{"type":"Feature","properties":{"NOMBRE_DESTINO":"SANET_Y_NEGRALS","ID_DESTINO":"SANET_Y_NEGRALS","NOMBRE_GRAFO":"http://datos.segittur.es/sanet-y-negrals","ID_GRAFO":"sanet_y_negrals","F_ALTA_GRAFO":"2026-07-10 00:00:00","TRIPLETAS_GRAFO":null,"TRIPLETAS_GRAFO 09/07/2026":null,"TRIPLETAS_GRAFO 27/07/2026":null,"TRIPLETAS_GRAFO 30/07/2026":null,"TRIPLETAS_GRAFO 21/08/2026":null,"TRIPLETAS_GRAFO 10/09/2026":40,"TRIPLETAS_GRAFO 18/09/2026":40,"c_ine":"03117000000","join_status":"matched"},"geometry":{"type":"Polygon","coordinates":[[[-0.040272814,38.806692455],[-0.03552439,38.826518133],[-0.017001193,38.819974128],[-0.01678214,38.807013408],[-0.040272814,38.806692455]]]}},{"type":"Feature","properties":{"NOMBRE_DESTINO":"SAN_ISIDRO","ID_DESTINO":"SAN_ISIDRO","NOMBRE_GRAFO":"http://datos.segittur.es/san-isidro","ID_GRAFO":"san_isidro","F_ALTA_GRAFO":"2026-07-10 00:00:00","TRIPLETAS_GRAFO":null,"TRIPLETAS_GRAFO 09/07/2026":null,"TRIPLETAS_GRAFO 27/07/2026":null,"TRIPLETAS_GRAFO 30/07/2026":null,"TRIPLETAS_GRAFO 21/08/2026":null,"TRIPLETAS_GRAFO 10/09/2026":10,"TRIPLETAS_GRAFO 18/09/2026":10,"c_ine":"03904000000","join_status":"matched"},"geometry":{"type":"Polygon","coordinates":[[[-0.874962713,38.162443086],[-0.875803244,38.167786162],[-0.830557307,38.196284535],[-0.818224222,38.163813637],[-0.834498798,38.158438093],[-0.848903899,38.164465756],[-0.874962713,38.162443086]]]}},{"type":"Feature","properties":{"NOMBRE_DESTINO":"SAN-MARTIN-DE-TREVEJO","ID_DESTINO":"SAN-MARTIN-DE-TREVEJO","NOMBRE_GRAFO":"http://datos.segittur.es/san-martin-de-trevejo","ID_GRAFO":"san-martin-de-trevejo","F_ALTA_GRAFO":"2026-09-09 00:00:00","TRIPLETAS_GRAFO":null,"TRIPLETAS_GRAFO 09/07/2026":null,"TRIPLETAS_GRAFO 27/07/2026":null,"TRIPLETAS_GRAFO 30/07/2026":null,"TRIPLETAS_GRAFO 21/08/2026":null,"TRIPLETAS_GRAFO 10/09/2026":null,"TRIPLETAS_GRAFO 18/09/2026":115,"c_ine":"10164000000","join_status":"matched"},"geometry":{"type":"Polygon","coordinates":[[[-6.886629933,40.193309345],[-6.834554291,40.192391646],[-6.778098236,40.24552104],[-6.755602541,40.238923473],[-6.765041746,40.23155573],[-6.774402949,40.20019799],[-6.867013443,40.171749927],[-6.865820576,40.180300284],[-6.886629933,40.193309345]]]}},{"type":"Feature","properties":{"NOMBRE_DESTINO":"SAN_MIGUEL_DE_SALINAS","ID_DESTINO":"SAN_MIGUEL_DE_SALINAS","NOMBRE_GRAFO":"http://datos.segittur.es/san-miguel-de-salinas","ID_GRAFO":"san_miguel_de_salinas","F_ALTA_GRAFO":"2026-07-10 00:00:00","TRIPLETAS_GRAFO":null,"TRIPLETAS_GRAFO 09/07/2026":null,"TRIPLETAS_GRAFO 27/07/2026":null,"TRIPLETAS_GRAFO 30/07/2026":null,"TRIPLETAS_GRAFO 21/08/2026":null,"TRIPLETAS_GRAFO 10/09/2026":146,"TRIPLETAS_GRAFO 18/09/2026":156,"c_ine":"03120000000","join_status":"matched"},"geometry":{"type":"Polygon","coordinates":[[[-0.810411085,38.022337261],[-0.782389534,38.000307374],[-0.761840063,38.005572073],[-0.757781881,37.973423154],[-0.770742898,37.943860381],[-0.808900117,37.93188964],[-0.844879268,37.952001334],[-0.840297553,37.994171242],[-0.827782644,38.020803335],[-0.810411085,38.022337261]]]}},{"type":"Feature","properties":{"NOMBRE_DESTINO":"SAN_MILLANDONEMILIAGA","ID_DESTINO":"SAN_MILLANDONEMILIAGA","NOMBRE_GRAFO":"http://datos.segittur.es/san-millandonemiliaga","ID_GRAFO":"san_millandonemiliaga","F_ALTA_GRAFO":"2026-08-05 00:00:00","TRIPLETAS_GRAFO":null,"TRIPLETAS_GRAFO 09/07/2026":null,"TRIPLETAS_GRAFO 27/07/2026":null,"TRIPLETAS_GRAFO 30/07/2026":null,"TRIPLETAS_GRAFO 21/08/2026":null,"TRIPLETAS_GRAFO 10/09/2026":1229,"TRIPLETAS_GRAFO 18/09/2026":1229,"c_ine":"01053000000","join_status":"matched"},"geometry":{"type":"MultiPolygon","coordinates":[[[[-2.49020584,42.79508493],[-2.484224877,42.798182888],[-2.4847104,42.826479824],[-2.465489809,42.832190785],[-2.476641619,42.84022112],[-2.47116787,42.84780527],[-2.441926349,42.833302667],[-2.450395658,42.822060131],[-2.444503565,42.794340156],[-2.466267451,42.78891478],[-2.461167742,42.807279737],[-2.468916289,42.819320189],[-2.473972723,42.815948615],[-2.469285955,42.80761498],[-2.47674935,42.78562237],[-2.49020584,42.79508493]]],[[[-2.420885314,42.886274259],[-2.400998767,42.883605126],[-2.405232665,42.894082207],[-2.376112592,42.889919484],[-2.351062712,42.9425114],[-2.339601467,42.931299626],[-2.349465315,42.921009385],[-2.357422899,42.893507906],[-2.369699221,42.88353565],[-2.358497581,42.878520441],[-2.358619642,42.872676801],[-2.304191227,42.868873401],[-2.297382251,42.850794452],[-2.308936211,42.846407328],[-2.298436891,42.834474557],[-2.321817504,42.827987775],[-2.330668004,42.817368631],[-2.371330623,42.84125647],[-2.36953188,42.854412111],[-2.356937535,42.855530553],[-2.364337725,42.866711361],[-2.381104736,42.869658116],[-2.39243676,42.880101907],[-2.409589507,42.862478812],[-2.41891083,42.867092281],[-2.420885314,42.886274259]]],[[[-2.444330843,42.958089103],[-2.406412057,42.959618276],[-2.384843461,42.950952739],[-2.401868416,42.928995345],[-2.404715966,42.91333241],[-2.399293224,42.900282635],[-2.409602699,42.891781584],[-2.430284766,42.896164184],[-2.435332317,42.906716244],[-2.456086873,42.903665329],[-2.444330843,42.958089103]]]]}},{"type":"Feature","properties":{"NOMBRE_DESTINO":"SAN_NICOLAS_DEL_PUERTO","ID_DESTINO":"SAN_NICOLAS_DEL_PUERTO","NOMBRE_GRAFO":"http://datos.segittur.es/san_nicolas_del_puerto","ID_GRAFO":"san_nicolas_del_puerto","F_ALTA_GRAFO":"2026-08-21 00:00:00","TRIPLETAS_GRAFO":null,"TRIPLETAS_GRAFO 09/07/2026":null,"TRIPLETAS_GRAFO 27/07/2026":null,"TRIPLETAS_GRAFO 30/07/2026":null,"TRIPLETAS_GRAFO 21/08/2026":267,"TRIPLETAS_GRAFO 10/09/2026":616,"TRIPLETAS_GRAFO 18/09/2026":616,"c_ine":"41088000000","join_status":"matched"},"geometry":{"type":"Polygon","coordinates":[[[-5.683097772,37.950630503],[-5.660754808,37.962217102],[-5.672886303,37.983540186],[-5.658918535,38.011618166],[-5.635875464,38.00896537],[-5.615191692,38.02074453],[-5.602723101,38.014407522],[-5.599544702,37.986653184],[-5.576379509,37.981207014],[-5.629909566,37.945547465],[-5.65270317,37.943089356],[-5.674355697,37.954078476],[-5.683097772,37.950630503]]]}},{"type":"Feature","properties":{"NOMBRE_DESTINO":"SAN PEDRO DEL PINATAR","ID_DESTINO":"SAN_PEDRO_DEL_PINATAR","NOMBRE_GRAFO":"http://datos.segittur.es/san_pedro_del_pinatar","ID_GRAFO":"san pedro del pinatar","F_ALTA_GRAFO":"2026-06-08 00:00:00","TRIPLETAS_GRAFO":"Sin datos","TRIPLETAS_GRAFO 09/07/2026":"Sin datos","TRIPLETAS_GRAFO 27/07/2026":86,"TRIPLETAS_GRAFO 30/07/2026":86,"TRIPLETAS_GRAFO 21/08/2026":616,"TRIPLETAS_GRAFO 10/09/2026":86,"TRIPLETAS_GRAFO 18/09/2026":112,"c_ine":"30036000000","join_status":"matched"},"geometry":{"type":"MultiPolygon","coordinates":[[[[-0.748574649,37.791853364],[-0.748806924,37.791941431],[-0.748626183,37.792070985],[-0.748574649,37.791853364]]],[[[-0.840141402,37.871594409],[-0.80358421,37.859166297],[-0.787572543,37.846681598],[-0.762411665,37.846597012],[-0.757296334,37.822979395],[-0.751748596,37.82297523],[-0.750617347,37.821193688],[-0.75474918,37.822661853],[-0.755296263,37.820885857],[-0.757471229,37.822407076],[-0.75739178,37.819256152],[-0.752860478,37.820697009],[-0.758196435,37.817115036],[-0.752038569,37.795367329],[-0.748220954,37.790685941],[-0.761709352,37.794503524],[-0.775764136,37.819111215],[-0.790129154,37.81357841],[-0.811275077,37.822099727],[-0.809457599,37.834727646],[-0.82554764,37.84511778],[-0.820763745,37.853176703],[-0.840141402,37.871594409]]],[[[-0.760741942,37.845545338],[-0.760602907,37.846070057],[-0.760485828,37.845462336],[-0.760741942,37.845545338]]],[[[-0.76088714,37.847157053],[-0.760767523,37.847040026],[-0.760864245,37.846997919],[-0.76088714,37.847157053]]]]}},{"type":"Feature","properties":{"NOMBRE_DESTINO":"SANTA-ANA","ID_DESTINO":"SANTA-ANA","NOMBRE_GRAFO":"http://datos.segittur.es/santa-ana","ID_GRAFO":"santa-ana","F_ALTA_GRAFO":"2026-09-11 00:00:00","TRIPLETAS_GRAFO":null,"TRIPLETAS_GRAFO 09/07/2026":null,"TRIPLETAS_GRAFO 27/07/2026":null,"TRIPLETAS_GRAFO 30/07/2026":null,"TRIPLETAS_GRAFO 21/08/2026":null,"TRIPLETAS_GRAFO 10/09/2026":null,"TRIPLETAS_GRAFO 18/09/2026":27,"c_ine":"10165000000","join_status":"matched"},"geometry":{"type":"Polygon","coordinates":[[[-6.013268813,39.296896403],[-5.983922932,39.32357897],[-5.968893755,39.363357121],[-5.969294655,39.379660951],[-5.942712711,39.406154703],[-5.911503084,39.40400392],[-5.919025516,39.389203719],[-5.956165584,39.363411174],[-5.958738072,39.340230284],[-5.949908578,39.338824079],[-5.958975369,39.328531355],[-5.9496062,39.327219904],[-5.957481183,39.312894694],[-5.948698915,39.302866036],[-5.953945324,39.306030022],[-5.978876926,39.291584343],[-5.99577505,39.291213499],[-6.007141555,39.278614806],[-6.013268813,39.296896403]]]}},{"type":"Feature","properties":{"NOMBRE_DESTINO":"SANTA-CRUZ-DE-LA-SIERRA","ID_DESTINO":"SANTA-CRUZ-DE-LA-SIERRA","NOMBRE_GRAFO":"http://datos.segittur.es/santa-cruz-de-la-sierra","ID_GRAFO":"santa-cruz-de-la-sierra","F_ALTA_GRAFO":"2026-09-11 00:00:00","TRIPLETAS_GRAFO":null,"TRIPLETAS_GRAFO 09/07/2026":null,"TRIPLETAS_GRAFO 27/07/2026":null,"TRIPLETAS_GRAFO 30/07/2026":null,"TRIPLETAS_GRAFO 21/08/2026":null,"TRIPLETAS_GRAFO 10/09/2026":null,"TRIPLETAS_GRAFO 18/09/2026":111,"c_ine":"10166000000","join_status":"matched"},"geometry":{"type":"Polygon","coordinates":[[[-5.888217808,39.316905363],[-5.896720317,39.341107021],[-5.885679758,39.343174217],[-5.883058642,39.352788245],[-5.870801472,39.353253672],[-5.876515764,39.381372084],[-5.854822071,39.368313002],[-5.79594941,39.379464224],[-5.818288618,39.366916258],[-5.801138872,39.347259455],[-5.805726261,39.341860763],[-5.786853247,39.340179524],[-5.788219666,39.326399419],[-5.778924322,39.317207649],[-5.791537344,39.312995837],[-5.800782179,39.324674202],[-5.807748774,39.323118876],[-5.817412083,39.300048029],[-5.826120924,39.299215184],[-5.846482277,39.319844094],[-5.869633796,39.332094427],[-5.880114433,39.329132764],[-5.888217808,39.316905363]]]}},{"type":"Feature","properties":{"NOMBRE_DESTINO":"SANTA_ELENA","ID_DESTINO":"SANTA_ELENA","NOMBRE_GRAFO":"http://datos.segittur.es/santa_elena","ID_GRAFO":"santa_elena","F_ALTA_GRAFO":"2026-08-14 00:00:00","TRIPLETAS_GRAFO":null,"TRIPLETAS_GRAFO 09/07/2026":null,"TRIPLETAS_GRAFO 27/07/2026":null,"TRIPLETAS_GRAFO 30/07/2026":null,"TRIPLETAS_GRAFO 21/08/2026":1367,"TRIPLETAS_GRAFO 10/09/2026":267,"TRIPLETAS_GRAFO 18/09/2026":267,"c_ine":"23076000000","join_status":"matched"},"geometry":{"type":"Polygon","coordinates":[[[-3.598236236,38.398474084],[-3.585845645,38.405602026],[-3.583075976,38.451468907],[-3.567357041,38.452032607],[-3.535163669,38.439413777],[-3.528442673,38.408641044],[-3.472594706,38.397956236],[-3.453163552,38.400204649],[-3.443600658,38.392652906],[-3.452050884,38.383356257],[-3.451482802,38.369326504],[-3.48453155,38.36251694],[-3.496308401,38.348913466],[-3.490461542,38.338889393],[-3.499664051,38.334290447],[-3.499723075,38.326224236],[-3.480976011,38.321625088],[-3.485120792,38.317011799],[-3.476058044,38.306053885],[-3.48332457,38.299733647],[-3.477053203,38.292098821],[-3.498932038,38.292593756],[-3.513474952,38.305193387],[-3.541830842,38.313303219],[-3.579575005,38.305786952],[-3.58948888,38.329539056],[-3.616483432,38.349083119],[-3.611107759,38.358970599],[-3.622371084,38.375115358],[-3.61623018,38.371858307],[-3.598236236,38.398474084]]]}},{"type":"Feature","properties":{"NOMBRE_DESTINO":"SANTA-MARTA-DE-MAGASCA","ID_DESTINO":"SANTA-MARTA-DE-MAGASCA","NOMBRE_GRAFO":"http://datos.segittur.es/santa-marta-de-magasca","ID_GRAFO":"santa-marta-de-magasca","F_ALTA_GRAFO":"2026-09-11 00:00:00","TRIPLETAS_GRAFO":null,"TRIPLETAS_GRAFO 09/07/2026":null,"TRIPLETAS_GRAFO 27/07/2026":null,"TRIPLETAS_GRAFO 30/07/2026":null,"TRIPLETAS_GRAFO 21/08/2026":null,"TRIPLETAS_GRAFO 10/09/2026":null,"TRIPLETAS_GRAFO 18/09/2026":13,"c_ine":"10168000000","join_status":"matched"},"geometry":{"type":"Polygon","coordinates":[[[-6.144656623,39.540625594],[-6.121171674,39.543574016],[-6.099654059,39.536664568],[-6.092112526,39.525596556],[-6.07969812,39.524467008],[-6.078231321,39.514966382],[-6.07224472,39.519511757],[-6.048016817,39.515492846],[-6.047925928,39.495866653],[-6.032038749,39.493606979],[-6.032737671,39.486418307],[-6.054977307,39.482989111],[-6.0611906,39.470403478],[-6.067769348,39.471473081],[-6.065668881,39.480806797],[-6.076511393,39.469143087],[-6.094616113,39.464888057],[-6.088763173,39.469187444],[-6.098399135,39.476020238],[-6.097565826,39.482122845],[-6.109232138,39.483585861],[-6.116523465,39.50549608],[-6.145788509,39.525254502],[-6.135516908,39.532981725],[-6.144656623,39.540625594]]]}},{"type":"Feature","properties":{"NOMBRE_DESTINO":"SANTANDER","ID_DESTINO":"SANTANDER","NOMBRE_GRAFO":"http://datos.segittur.es/santander","ID_GRAFO":"santander","F_ALTA_GRAFO":"2025-11-27 11:26:17.408000","TRIPLETAS_GRAFO":1367,"TRIPLETAS_GRAFO 09/07/2026":1367,"TRIPLETAS_GRAFO 27/07/2026":1367,"TRIPLETAS_GRAFO 30/07/2026":1367,"TRIPLETAS_GRAFO 21/08/2026":91,"TRIPLETAS_GRAFO 10/09/2026":3041,"TRIPLETAS_GRAFO 18/09/2026":3041,"c_ine":"39075000000","join_status":"matched"},"geometry":{"type":"MultiPolygon","coordinates":[[[[-3.768493115,43.464414513],[-3.768283761,43.464478944],[-3.768504108,43.464306383],[-3.768493115,43.464414513]]],[[[-3.887033207,43.450953543],[-3.870180467,43.457664093],[-3.883227716,43.476005048],[-3.8797367,43.479984996],[-3.862739888,43.476062403],[-3.842707439,43.483991806],[-3.838659666,43.478348575],[-3.811566056,43.494932587],[-3.785203631,43.491766321],[-3.78677601,43.486172633],[-3.778432752,43.485580991],[-3.786327707,43.482123546],[-3.784884935,43.476712511],[-3.775476217,43.470058705],[-3.763286209,43.467195612],[-3.80174799,43.461495007],[-3.814332108,43.449474831],[-3.825337526,43.451674261],[-3.814838107,43.444815743],[-3.827672494,43.442526558],[-3.815011781,43.43749364],[-3.829433878,43.434138128],[-3.882832112,43.438439497],[-3.887033207,43.450953543]]],[[[-3.771330301,43.4648908],[-3.771019764,43.465748335],[-3.77014319,43.46584425],[-3.771330301,43.4648908]]],[[[-3.777501546,43.472764488],[-3.777007924,43.472839859],[-3.776945759,43.472813264],[-3.777501546,43.472764488]]],[[[-3.75468323,43.47332153],[-3.756741692,43.472803755],[-3.756687629,43.473425438],[-3.75468323,43.47332153]]],[[[-3.753771107,43.473552623],[-3.75373603,43.473714938],[-3.753610824,43.473589691],[-3.753771107,43.473552623]]],[[[-3.779784613,43.485878007],[-3.779585593,43.485789307],[-3.779783106,43.485760956],[-3.779784613,43.485878007]]],[[[-3.829827211,43.488039022],[-3.829786538,43.48777818],[-3.829947053,43.487759006],[-3.829827211,43.488039022]]],[[[-3.813047652,43.494732966],[-3.813069126,43.494489685],[-3.813316359,43.494478923],[-3.813047652,43.494732966]]]]}},{"type":"Feature","properties":{"NOMBRE_DESTINO":"SANTIAGO-DE-ALCANTARA","ID_DESTINO":"SANTIAGO-DE-ALCANTARA","NOMBRE_GRAFO":"http://datos.segittur.es/santiago-de-alcantara","ID_GRAFO":"santiago-de-alcantara","F_ALTA_GRAFO":"2026-09-11 00:00:00","TRIPLETAS_GRAFO":null,"TRIPLETAS_GRAFO 09/07/2026":null,"TRIPLETAS_GRAFO 27/07/2026":null,"TRIPLETAS_GRAFO 30/07/2026":null,"TRIPLETAS_GRAFO 21/08/2026":null,"TRIPLETAS_GRAFO 10/09/2026":null,"TRIPLETAS_GRAFO 18/09/2026":87,"c_ine":"10169000000","join_status":"matched"},"geometry":{"type":"Polygon","coordinates":[[[-7.324838641,39.644277546],[-7.286523122,39.660686244],[-7.251521682,39.66681051],[-7.192426592,39.660062674],[-7.189811927,39.643662935],[-7.202006082,39.637476036],[-7.195251126,39.631713759],[-7.212398806,39.599932285],[-7.189376748,39.591631584],[-7.178687783,39.575412913],[-7.220292466,39.556264652],[-7.215159824,39.550858627],[-7.239211994,39.550198542],[-7.264687241,39.587917239],[-7.28186559,39.589220596],[-7.289432051,39.595641178],[-7.285320511,39.601070422],[-7.289389974,39.604945478],[-7.297876109,39.60079496],[-7.295913098,39.613655565],[-7.304597851,39.615512889],[-7.302021136,39.622029461],[-7.310715256,39.618770812],[-7.319825576,39.629688709],[-7.31564198,39.638066517],[-7.324838641,39.644277546]]]}},{"type":"Feature","properties":{"NOMBRE_DESTINO":"SANTIAGO-DEL-CAMPO","ID_DESTINO":"SANTIAGO-DEL-CAMPO","NOMBRE_GRAFO":"http://datos.segittur.es/santiago-del-campo","ID_GRAFO":"santiago-del-campo","F_ALTA_GRAFO":"2026-09-11 00:00:00","TRIPLETAS_GRAFO":null,"TRIPLETAS_GRAFO 09/07/2026":null,"TRIPLETAS_GRAFO 27/07/2026":null,"TRIPLETAS_GRAFO 30/07/2026":null,"TRIPLETAS_GRAFO 21/08/2026":null,"TRIPLETAS_GRAFO 10/09/2026":null,"TRIPLETAS_GRAFO 18/09/2026":27,"c_ine":"10170000000","join_status":"matched"},"geometry":{"type":"Polygon","coordinates":[[[-6.436995917,39.648742891],[-6.461305789,39.686858866],[-6.434746003,39.678812503],[-6.427979473,39.685056532],[-6.426625931,39.677728643],[-6.417764248,39.67885482],[-6.40967734,39.693117103],[-6.385440435,39.685540448],[-6.38030038,39.672188442],[-6.367091693,39.675968371],[-6.345492002,39.670891688],[-6.315117445,39.655298074],[-6.34220021,39.593414833],[-6.374275631,39.601332031],[-6.418550599,39.622491383],[-6.420555241,39.634330879],[-6.436995917,39.648742891]]]}},{"type":"Feature","properties":{"NOMBRE_DESTINO":"SANTIBANEZ-EL-ALTO","ID_DESTINO":"SANTIBANEZ-EL-ALTO","NOMBRE_GRAFO":"http://datos.segittur.es/santibanez-el-alto","ID_GRAFO":"santibanez-el-alto","F_ALTA_GRAFO":"2026-09-11 00:00:00","TRIPLETAS_GRAFO":null,"TRIPLETAS_GRAFO 09/07/2026":null,"TRIPLETAS_GRAFO 27/07/2026":null,"TRIPLETAS_GRAFO 30/07/2026":null,"TRIPLETAS_GRAFO 21/08/2026":null,"TRIPLETAS_GRAFO 10/09/2026":null,"TRIPLETAS_GRAFO 18/09/2026":72,"c_ine":"10171000000","join_status":"matched"},"geometry":{"type":"Polygon","coordinates":[[[-6.59951924,40.130528472],[-6.580878292,40.175895699],[-6.588661129,40.188551399],[-6.587464212,40.204592712],[-6.537031934,40.210577955],[-6.536272208,40.223291155],[-6.568218895,40.238043301],[-6.566772612,40.256811953],[-6.580190486,40.262476213],[-6.585518292,40.272524045],[-6.55833354,40.29021513],[-6.544327736,40.289799076],[-6.533079624,40.274373586],[-6.526721943,40.247990151],[-6.506393788,40.26016389],[-6.506760385,40.267709105],[-6.484722123,40.262809863],[-6.481748558,40.250686787],[-6.515061606,40.24616586],[-6.518697383,40.224701125],[-6.503370254,40.20090338],[-6.514096587,40.196633023],[-6.495814979,40.180975613],[-6.540067887,40.156077442],[-6.521779092,40.144026816],[-6.526022548,40.107871592],[-6.541292605,40.102640707],[-6.596369343,40.107300021],[-6.583882559,40.121899663],[-6.59951924,40.130528472]],[[-6.536243778,40.225678705],[-6.525899494,40.2387207],[-6.529102527,40.244495071],[-6.550770467,40.244398763],[-6.551234689,40.23282942],[-6.536243778,40.225678705]],[[-6.525262019,40.22350139],[-6.523081588,40.227674773],[-6.523786441,40.232426658],[-6.530172563,40.228232962],[-6.525262019,40.22350139]]]}},{"type":"Feature","properties":{"NOMBRE_DESTINO":"SANTOMERA","ID_DESTINO":"SANTOMERA","NOMBRE_GRAFO":"http://datos.segittur.es/santomera","ID_GRAFO":"santomera","F_ALTA_GRAFO":"2026-06-08 00:00:00","TRIPLETAS_GRAFO":"Sin datos","TRIPLETAS_GRAFO 09/07/2026":"Sin datos","TRIPLETAS_GRAFO 27/07/2026":91,"TRIPLETAS_GRAFO 30/07/2026":91,"TRIPLETAS_GRAFO 21/08/2026":19914,"TRIPLETAS_GRAFO 10/09/2026":91,"TRIPLETAS_GRAFO 18/09/2026":91,"c_ine":"30901000000","join_status":"matched"},"geometry":{"type":"Polygon","coordinates":[[[-1.101412311,38.113933533],[-1.0546889,38.123677133],[-1.030688572,38.115723467],[-1.023533435,38.078256468],[-1.010314173,38.059649534],[-1.04800671,38.039806149],[-1.067752803,38.063095858],[-1.088798147,38.067216544],[-1.0931638,38.081927325],[-1.088051947,38.085860696],[-1.105298563,38.105384406],[-1.101412311,38.113933533]]]}},{"type":"Feature","properties":{"NOMBRE_DESTINO":"SANXENXO","ID_DESTINO":"SANXENXO","NOMBRE_GRAFO":"http://datos.segittur.es/sanxenxo","ID_GRAFO":"sanxenxo","F_ALTA_GRAFO":"2025-11-27 12:27:14.344000","TRIPLETAS_GRAFO":19856,"TRIPLETAS_GRAFO 09/07/2026":19914,"TRIPLETAS_GRAFO 27/07/2026":19914,"TRIPLETAS_GRAFO 30/07/2026":19914,"TRIPLETAS_GRAFO 21/08/2026":1005,"TRIPLETAS_GRAFO 10/09/2026":19914,"TRIPLETAS_GRAFO 18/09/2026":19914,"c_ine":"36051000000","join_status":"matched"},"geometry":{"type":"MultiPolygon","coordinates":[[[[-8.859936024,42.40291088],[-8.860195236,42.403995814],[-8.859420499,42.403243384],[-8.859936024,42.40291088]]],[[[-8.860567001,42.40381471],[-8.860653667,42.403702242],[-8.86068119,42.403736837],[-8.860567001,42.40381471]]],[[[-8.861071824,42.403887834],[-8.860821692,42.403810647],[-8.861140543,42.403713272],[-8.861071824,42.403887834]]],[[[-8.861218647,42.40415936],[-8.861251938,42.403995618],[-8.861307822,42.404073768],[-8.861218647,42.40415936]]],[[[-8.861500117,42.404441981],[-8.861224132,42.404348118],[-8.861461714,42.404290919],[-8.861500117,42.404441981]]],[[[-8.881129162,42.423237287],[-8.881737798,42.423638041],[-8.881232982,42.423826064],[-8.881129162,42.423237287]]],[[[-8.879326705,42.429541346],[-8.88032792,42.430110941],[-8.879033471,42.430042538],[-8.879326705,42.429541346]]],[[[-8.87775561,42.436760668],[-8.877701368,42.43734858],[-8.877428905,42.437164558],[-8.87775561,42.436760668]]],[[[-8.874194836,42.43753795],[-8.8740996,42.437299797],[-8.874224742,42.437338371],[-8.874194836,42.43753795]]],[[[-8.874700106,42.437872041],[-8.874568068,42.438148888],[-8.874439065,42.437939477],[-8.874700106,42.437872041]]],[[[-8.873469325,42.437836309],[-8.873220533,42.438164166],[-8.873088177,42.437918919],[-8.873469325,42.437836309]]],[[[-8.853794566,42.456966961],[-8.855056262,42.457199359],[-8.85078427,42.457796326],[-8.853794566,42.456966961]]],[[[-8.827256539,42.385831311],[-8.827249322,42.386407803],[-8.827096041,42.386064545],[-8.827256539,42.385831311]]],[[[-8.776131016,42.387896079],[-8.776164528,42.387732349],[-8.776226611,42.387747214],[-8.776131016,42.387896079]]],[[[-8.774256143,42.388107863],[-8.774074556,42.388378098],[-8.774006433,42.388165492],[-8.774256143,42.388107863]]],[[[-8.772863618,42.388943394],[-8.772737802,42.388895738],[-8.772867467,42.38885318],[-8.772863618,42.388943394]]],[[[-8.772319688,42.388970873],[-8.772402652,42.388948678],[-8.772387538,42.389048463],[-8.772319688,42.388970873]]],[[[-8.772032063,42.389012408],[-8.772150465,42.388979421],[-8.772156231,42.389042144],[-8.772032063,42.389012408]]],[[[-8.772597697,42.388956828],[-8.772485061,42.389052539],[-8.772512262,42.388952142],[-8.772597697,42.388956828]]],[[[-8.782175645,42.395251061],[-8.78223662,42.395121948],[-8.782294052,42.395218063],[-8.782175645,42.395251061]]],[[[-8.793130784,42.396442542],[-8.793045968,42.3967079],[-8.793018681,42.396412218],[-8.793130784,42.396442542]]],[[[-8.869093983,42.447823745],[-8.855925505,42.450763483],[-8.848222382,42.460304007],[-8.845061818,42.455487737],[-8.837519559,42.458952053],[-8.838024045,42.45419128],[-8.827979504,42.457026658],[-8.81743325,42.434177203],[-8.801301474,42.437265996],[-8.786964493,42.41768463],[-8.758216831,42.41990223],[-8.758437926,42.397160965],[-8.775368157,42.387655576],[-8.781738034,42.395642287],[-8.815084847,42.400989558],[-8.824447431,42.396389779],[-8.818504513,42.394118019],[-8.827149251,42.386637956],[-8.839229824,42.384400868],[-8.849267828,42.397264257],[-8.857487598,42.397239222],[-8.858452229,42.403410064],[-8.864771396,42.411241552],[-8.880981676,42.414927167],[-8.869093983,42.447823745]]],[[[-8.84947155,42.464957025],[-8.851616043,42.465657356],[-8.85121978,42.466100743],[-8.84947155,42.464957025]]],[[[-8.840189299,42.465549],[-8.83961138,42.465479525],[-8.839964772,42.465227409],[-8.840189299,42.465549]]]]}},{"type":"Feature","properties":{"NOMBRE_DESTINO":"SAN XOAN DE RIO","ID_DESTINO":"SAN_XOAN_DE_RIO","NOMBRE_GRAFO":"http://datos.segittur.es/san_xoan_de_rio","ID_GRAFO":"san xoan de rio","F_ALTA_GRAFO":"2026-03-17 13:46:46.345000","TRIPLETAS_GRAFO":1005,"TRIPLETAS_GRAFO 09/07/2026":1005,"TRIPLETAS_GRAFO 27/07/2026":1005,"TRIPLETAS_GRAFO 30/07/2026":1005,"TRIPLETAS_GRAFO 21/08/2026":86,"TRIPLETAS_GRAFO 10/09/2026":1005,"TRIPLETAS_GRAFO 18/09/2026":1005,"c_ine":"32070000000","join_status":"matched"},"geometry":{"type":"Polygon","coordinates":[[[-7.370103999,42.421604964],[-7.344476431,42.429676116],[-7.305020124,42.428611466],[-7.291033758,42.414254401],[-7.268274894,42.413892809],[-7.255871025,42.399925587],[-7.254698327,42.386544412],[-7.279769247,42.36997874],[-7.292153946,42.346645002],[-7.328659952,42.335104518],[-7.352669958,42.343800848],[-7.362891622,42.361878384],[-7.340676652,42.373176759],[-7.347362542,42.377676934],[-7.338574742,42.38988654],[-7.35248981,42.396669094],[-7.348248891,42.406482414],[-7.370103999,42.421604964]]]}},{"type":"Feature","properties":{"NOMBRE_DESTINO":"SAUCEDILLA","ID_DESTINO":"SAUCEDILLA","NOMBRE_GRAFO":"http://datos.segittur.es/saucedilla","ID_GRAFO":"saucedilla","F_ALTA_GRAFO":"2026-09-11 00:00:00","TRIPLETAS_GRAFO":null,"TRIPLETAS_GRAFO 09/07/2026":null,"TRIPLETAS_GRAFO 27/07/2026":null,"TRIPLETAS_GRAFO 30/07/2026":null,"TRIPLETAS_GRAFO 21/08/2026":null,"TRIPLETAS_GRAFO 10/09/2026":null,"TRIPLETAS_GRAFO 18/09/2026":34,"c_ine":"10173000000","join_status":"matched"},"geometry":{"type":"Polygon","coordinates":[[[-5.754549835,39.848941334],[-5.750639557,39.868374701],[-5.728713295,39.874685036],[-5.683384532,39.867157995],[-5.653652358,39.869787787],[-5.635954404,39.887235],[-5.590606275,39.867987726],[-5.596210775,39.85353924],[-5.634310086,39.851914769],[-5.648847698,39.84153045],[-5.677139762,39.83582735],[-5.697918765,39.821581289],[-5.70661655,39.804767417],[-5.727540307,39.80018759],[-5.72819017,39.808649076],[-5.746322971,39.825796219],[-5.754549835,39.848941334]]]}},{"type":"Feature","properties":{"NOMBRE_DESTINO":"SEGURA-DE-TORO","ID_DESTINO":"SEGURA-DE-TORO","NOMBRE_GRAFO":"http://datos.segittur.es/segura-de-toro","ID_GRAFO":"segura-de-toro","F_ALTA_GRAFO":"2026-09-11 00:00:00","TRIPLETAS_GRAFO":null,"TRIPLETAS_GRAFO 09/07/2026":null,"TRIPLETAS_GRAFO 27/07/2026":null,"TRIPLETAS_GRAFO 30/07/2026":null,"TRIPLETAS_GRAFO 21/08/2026":null,"TRIPLETAS_GRAFO 10/09/2026":null,"TRIPLETAS_GRAFO 18/09/2026":79,"c_ine":"10174000000","join_status":"matched"},"geometry":{"type":"Polygon","coordinates":[[[-5.97920854,40.224134608],[-5.951191994,40.234085368],[-5.888691463,40.211974003],[-5.901628052,40.198238221],[-5.910609761,40.204723044],[-5.969585763,40.212600548],[-5.97920854,40.224134608]]]}},{"type":"Feature","properties":{"NOMBRE_DESTINO":"SENIJA","ID_DESTINO":"SENIJA","NOMBRE_GRAFO":"http://datos.segittur.es/senija","ID_GRAFO":"senija","F_ALTA_GRAFO":"2026-07-10 00:00:00","TRIPLETAS_GRAFO":null,"TRIPLETAS_GRAFO 09/07/2026":null,"TRIPLETAS_GRAFO 27/07/2026":null,"TRIPLETAS_GRAFO 30/07/2026":null,"TRIPLETAS_GRAFO 21/08/2026":null,"TRIPLETAS_GRAFO 10/09/2026":20,"TRIPLETAS_GRAFO 18/09/2026":20,"c_ine":"03125000000","join_status":"matched"},"geometry":{"type":"Polygon","coordinates":[[[0.029766464,38.734155992],[0.038488778,38.739388816],[0.040540209,38.750038158],[0.054898107,38.749771495],[0.053160732,38.72064568],[0.033783813,38.724186743],[0.029766464,38.734155992]]]}},{"type":"Feature","properties":{"NOMBRE_DESTINO":"SERRADILLA","ID_DESTINO":"SERRADILLA","NOMBRE_GRAFO":"http://datos.segittur.es/serradilla","ID_GRAFO":"serradilla","F_ALTA_GRAFO":"2026-09-11 00:00:00","TRIPLETAS_GRAFO":null,"TRIPLETAS_GRAFO 09/07/2026":null,"TRIPLETAS_GRAFO 27/07/2026":null,"TRIPLETAS_GRAFO 30/07/2026":null,"TRIPLETAS_GRAFO 21/08/2026":null,"TRIPLETAS_GRAFO 10/09/2026":null,"TRIPLETAS_GRAFO 18/09/2026":315,"c_ine":"10175000000","join_status":"matched"},"geometry":{"type":"Polygon","coordinates":[[[-6.233170796,39.758080668],[-6.164236665,39.781852758],[-6.174195156,39.811801055],[-6.197246067,39.838892707],[-6.149187972,39.838370992],[-6.160461975,39.842162559],[-6.166342524,39.859764946],[-6.126953627,39.866185028],[-6.128356654,39.876992317],[-6.110779321,39.888238605],[-6.046849522,39.870975786],[-6.054051804,39.883910489],[-6.050846337,39.899686323],[-6.05928754,39.905147663],[-6.048812218,39.909197925],[-6.048750591,39.928899329],[-6.032009666,39.93662575],[-6.021160083,39.927793333],[-6.01215924,39.929576977],[-6.019375921,39.907428372],[-6.012024077,39.905944246],[-6.018669415,39.897997675],[-6.011519007,39.900021276],[-6.013299748,39.8928859],[-6.006020808,39.892228191],[-6.017013651,39.883979707],[-6.00175367,39.88206993],[-6.004538532,39.863639909],[-5.998945254,39.865649361],[-5.98135138,39.852384262],[-5.992186648,39.836809803],[-6.009642245,39.845888262],[-6.032333381,39.83095658],[-6.052902093,39.834263114],[-6.058973556,39.82995951],[-6.061673942,39.824735794],[-6.044715584,39.811337389],[-6.047712977,39.805953052],[-6.040598431,39.809085379],[-6.033425446,39.803201975],[-6.033186249,39.779958999],[-6.041584068,39.769181872],[-6.061900588,39.767476289],[-6.060661212,39.758474153],[-6.082356622,39.750612315],[-6.077315765,39.728343703],[-6.052061208,39.696924754],[-6.073005346,39.679103857],[-6.117057317,39.661714875],[-6.123896811,39.668917392],[-6.12287266,39.7487989],[-6.141685483,39.743714912],[-6.166661264,39.720408403],[-6.185703574,39.713707763],[-6.203190403,39.719081143],[-6.223172166,39.751891616],[-6.233170796,39.758080668]]]}},{"type":"Feature","properties":{"NOMBRE_DESTINO":"SEVILLA","ID_DESTINO":"SEVILLA","NOMBRE_GRAFO":"http://datos.segittur.es/sevilla","ID_GRAFO":"sevilla","F_ALTA_GRAFO":"2026-02-20 10:53:10.409000","TRIPLETAS_GRAFO":31291,"TRIPLETAS_GRAFO 09/07/2026":162528,"TRIPLETAS_GRAFO 27/07/2026":156901,"TRIPLETAS_GRAFO 30/07/2026":156956,"TRIPLETAS_GRAFO 21/08/2026":158011,"TRIPLETAS_GRAFO 10/09/2026":158278,"TRIPLETAS_GRAFO 18/09/2026":158353,"c_ine":"41091000000","join_status":"matched"},"geometry":{"type":"MultiPolygon","coordinates":[[[[-6.030001999,37.301848622],[-6.031525549,37.309764839],[-6.015120469,37.314402204],[-6.030001999,37.301848622]]],[[[-6.02806391,37.44266806],[-5.949256946,37.452942447],[-5.917582977,37.447688667],[-5.905525866,37.44391626],[-5.866236864,37.402208363],[-5.840738184,37.395780365],[-5.818405162,37.398710467],[-5.819041362,37.390094885],[-5.887477349,37.386459026],[-5.945067259,37.367358325],[-5.938700787,37.362035411],[-5.968986496,37.313417248],[-6.001260685,37.319727464],[-6.021986008,37.339215454],[-6.02500984,37.390652486],[-6.012306381,37.415778578],[-5.990879557,37.424369138],[-6.00527318,37.431716793],[-6.011331398,37.443041715],[-6.012368189,37.421831964],[-6.020095429,37.420138988],[-6.02806391,37.44266806]]]]}},{"type":"Feature","properties":{"NOMBRE_DESTINO":"SIERRA-DE-FUENTES","ID_DESTINO":"SIERRA-DE-FUENTES","NOMBRE_GRAFO":"http://datos.segittur.es/sierra-de-fuentes","ID_GRAFO":"sierra-de-fuentes","F_ALTA_GRAFO":"2026-09-11 00:00:00","TRIPLETAS_GRAFO":null,"TRIPLETAS_GRAFO 09/07/2026":null,"TRIPLETAS_GRAFO 27/07/2026":null,"TRIPLETAS_GRAFO 30/07/2026":null,"TRIPLETAS_GRAFO 21/08/2026":null,"TRIPLETAS_GRAFO 10/09/2026":null,"TRIPLETAS_GRAFO 18/09/2026":73,"c_ine":"10177000000","join_status":"matched"},"geometry":{"type":"MultiPolygon","coordinates":[[[[-6.272269032,39.287268439],[-6.2998887,39.325429449],[-6.290321579,39.326195981],[-6.275576248,39.316667478],[-6.266810881,39.30474425],[-6.272269032,39.287268439]]],[[[-6.26108834,39.416783174],[-6.289713682,39.42046239],[-6.299079286,39.444923254],[-6.283000043,39.459745997],[-6.231942629,39.448250996],[-6.239060145,39.419083595],[-6.253887167,39.425245188],[-6.26108834,39.416783174]]]]}},{"type":"Feature","properties":{"NOMBRE_DESTINO":"TALAVAN","ID_DESTINO":"TALAVAN","NOMBRE_GRAFO":"http://datos.segittur.es/talavan","ID_GRAFO":"talavan","F_ALTA_GRAFO":"2026-09-11 00:00:00","TRIPLETAS_GRAFO":null,"TRIPLETAS_GRAFO 09/07/2026":null,"TRIPLETAS_GRAFO 27/07/2026":null,"TRIPLETAS_GRAFO 30/07/2026":null,"TRIPLETAS_GRAFO 21/08/2026":null,"TRIPLETAS_GRAFO 10/09/2026":null,"TRIPLETAS_GRAFO 18/09/2026":36,"c_ine":"10178000000","join_status":"matched"},"geometry":{"type":"Polygon","coordinates":[[[-6.34220021,39.593414833],[-6.33833235,39.610802409],[-6.316193045,39.646602184],[-6.305011411,39.705559628],[-6.296945815,39.713967925],[-6.304157371,39.723814948],[-6.30311112,39.739760838],[-6.31005637,39.742751391],[-6.272037563,39.746586751],[-6.260161745,39.715719319],[-6.24452869,39.718364537],[-6.223727716,39.711261078],[-6.217654199,39.720095003],[-6.198006547,39.719980822],[-6.186558002,39.714026585],[-6.236269978,39.680691455],[-6.2330881,39.663719776],[-6.258392307,39.64914034],[-6.254791362,39.612877763],[-6.284167315,39.608303238],[-6.306824011,39.589617952],[-6.34220021,39.593414833]]]}},{"type":"Feature","properties":{"NOMBRE_DESTINO":"TALAVERUELA DE LA VERA","ID_DESTINO":"TALAVERUELA_DE_LA_VERA","NOMBRE_GRAFO":"http://datos.segittur.es/talaveruela_de_la_vera","ID_GRAFO":"talaveruela de la vera","F_ALTA_GRAFO":"2026-06-01 00:00:00","TRIPLETAS_GRAFO":165,"TRIPLETAS_GRAFO 09/07/2026":165,"TRIPLETAS_GRAFO 27/07/2026":165,"TRIPLETAS_GRAFO 30/07/2026":165,"TRIPLETAS_GRAFO 21/08/2026":165,"TRIPLETAS_GRAFO 10/09/2026":165,"TRIPLETAS_GRAFO 18/09/2026":165,"c_ine":"10179000000","join_status":"matched"},"geometry":{"type":"Polygon","coordinates":[[[-5.539558977,40.093487898],[-5.526592693,40.114571383],[-5.530677732,40.137398524],[-5.520701675,40.1558124],[-5.518744877,40.196867908],[-5.497068919,40.199995081],[-5.495348819,40.190249656],[-5.510386421,40.152100142],[-5.506265329,40.131011621],[-5.5166791,40.076718922],[-5.523493646,40.07263401],[-5.539558977,40.093487898]]]}},{"type":"Feature","properties":{"NOMBRE_DESTINO":"TALAYUELA","ID_DESTINO":"TALAYUELA","NOMBRE_GRAFO":"http://datos.segittur.es/talayuela","ID_GRAFO":"talayuela","F_ALTA_GRAFO":"2026-09-11 00:00:00","TRIPLETAS_GRAFO":null,"TRIPLETAS_GRAFO 09/07/2026":null,"TRIPLETAS_GRAFO 27/07/2026":null,"TRIPLETAS_GRAFO 30/07/2026":null,"TRIPLETAS_GRAFO 21/08/2026":null,"TRIPLETAS_GRAFO 10/09/2026":null,"TRIPLETAS_GRAFO 18/09/2026":97,"c_ine":"10180000000","join_status":"matched"},"geometry":{"type":"Polygon","coordinates":[[[-5.648417237,39.973925683],[-5.641749963,40.021775812],[-5.601467581,40.023309215],[-5.591694551,40.03689647],[-5.56401852,40.047664826],[-5.513638192,40.053660912],[-5.508074232,40.067194808],[-5.456848971,40.071103698],[-5.445738085,40.085977415],[-5.425201396,40.085616712],[-5.406336263,40.093272696],[-5.396078893,40.089114898],[-5.409210575,40.086160725],[-5.429478252,40.06747716],[-5.422929449,40.060040671],[-5.413870494,40.061767051],[-5.417502267,40.054650469],[-5.395443298,40.048106597],[-5.396017381,40.042680855],[-5.375506902,40.043651112],[-5.370378993,40.034625458],[-5.365428377,40.036480383],[-5.365143998,39.982918599],[-5.394827915,39.918429098],[-5.401077924,39.885661764],[-5.436354677,39.914311491],[-5.439003185,39.931588235],[-5.457087697,39.935350152],[-5.467630025,39.941506616],[-5.450123538,39.940933797],[-5.433643577,39.959272111],[-5.468227693,39.971385648],[-5.426781889,39.974473684],[-5.421284712,39.982015346],[-5.428570144,39.987911303],[-5.411041674,40.00360772],[-5.4303801,40.008379123],[-5.426568336,40.015611814],[-5.4393739,40.012460866],[-5.443555977,40.029549461],[-5.461075291,40.047601435],[-5.481554476,40.050887766],[-5.499344943,40.040819904],[-5.51379923,40.049386757],[-5.516782466,39.997650944],[-5.563810019,39.999871805],[-5.574645435,39.984002176],[-5.603443016,39.968945437],[-5.648417237,39.973925683]]]}},{"type":"Feature","properties":{"NOMBRE_DESTINO":"TARRAGONA","ID_DESTINO":"TARRAGONA","NOMBRE_GRAFO":"http://datos.segittur.es/tarragona","ID_GRAFO":"tarragona","F_ALTA_GRAFO":"2026-03-05 17:59:46.470000","TRIPLETAS_GRAFO":588,"TRIPLETAS_GRAFO 09/07/2026":588,"TRIPLETAS_GRAFO 27/07/2026":588,"TRIPLETAS_GRAFO 30/07/2026":588,"TRIPLETAS_GRAFO 21/08/2026":588,"TRIPLETAS_GRAFO 10/09/2026":588,"TRIPLETAS_GRAFO 18/09/2026":588,"c_ine":"43148000000","join_status":"matched"},"geometry":{"type":"Polygon","coordinates":[[[1.189027771,41.12824707],[1.20909867,41.131999968],[1.238048905,41.150935187],[1.236850916,41.163041731],[1.247990668,41.166881379],[1.244796127,41.159782629],[1.27109804,41.159139269],[1.271206082,41.153123923],[1.283801177,41.146072619],[1.304867211,41.1659051],[1.314641368,41.158587477],[1.314976819,41.150891092],[1.329340514,41.163328135],[1.333559479,41.156288677],[1.356979603,41.152461941],[1.361003088,41.140180686],[1.375215891,41.138396021],[1.37065888,41.131326537],[1.344026653,41.124859528],[1.294372936,41.126769163],[1.270435499,41.113122667],[1.255522528,41.111692724],[1.246464994,41.100551662],[1.21348977,41.078642788],[1.249096064,41.108639904],[1.230038765,41.100878905],[1.225876928,41.10525744],[1.22272948,41.096116462],[1.222304605,41.105764508],[1.212614395,41.099103075],[1.216289844,41.090290479],[1.204819129,41.095714008],[1.21420062,41.087102581],[1.208767882,41.087157013],[1.188937964,41.101373138],[1.207460621,41.106147611],[1.189447138,41.114570771],[1.189027771,41.12824707]]]}},{"type":"Feature","properties":{"NOMBRE_DESTINO":"TEJEDA DE TIETAR","ID_DESTINO":"TEJEDA_DE_TIETAR","NOMBRE_GRAFO":"http://datos.segittur.es/tejeda_de_tietar","ID_GRAFO":"tejeda de tietar","F_ALTA_GRAFO":"2026-06-01 00:00:00","TRIPLETAS_GRAFO":165,"TRIPLETAS_GRAFO 09/07/2026":165,"TRIPLETAS_GRAFO 27/07/2026":165,"TRIPLETAS_GRAFO 30/07/2026":165,"TRIPLETAS_GRAFO 21/08/2026":165,"TRIPLETAS_GRAFO 10/09/2026":165,"TRIPLETAS_GRAFO 18/09/2026":165,"c_ine":"10181000000","join_status":"matched"},"geometry":{"type":"Polygon","coordinates":[[[-5.915358698,40.008222535],[-5.914078487,40.023828939],[-5.884088223,40.035875236],[-5.853860782,40.034065865],[-5.835696616,40.019910486],[-5.826865539,40.001534294],[-5.835862147,39.994207227],[-5.831072333,39.976353699],[-5.835521052,39.965300338],[-5.858250302,39.950293251],[-5.884357016,39.944052473],[-5.891074857,39.955451111],[-5.907395298,39.957754093],[-5.905961465,39.975850679],[-5.886759372,39.982789317],[-5.897036761,39.987414989],[-5.896461136,39.995959742],[-5.908684389,39.99890527],[-5.905981017,40.004476798],[-5.915358698,40.008222535]]]}},{"type":"Feature","properties":{"NOMBRE_DESTINO":"TEULADA","ID_DESTINO":"TEULADA","NOMBRE_GRAFO":"http://datos.segittur.es/teulada","ID_GRAFO":"teulada","F_ALTA_GRAFO":"2026-07-10 00:00:00","TRIPLETAS_GRAFO":null,"TRIPLETAS_GRAFO 09/07/2026":null,"TRIPLETAS_GRAFO 27/07/2026":null,"TRIPLETAS_GRAFO 30/07/2026":null,"TRIPLETAS_GRAFO 21/08/2026":null,"TRIPLETAS_GRAFO 10/09/2026":4405,"TRIPLETAS_GRAFO 18/09/2026":4530,"c_ine":"03128000000","join_status":"matched"},"geometry":{"type":"MultiPolygon","coordinates":[[[[0.156021672,38.691439803],[0.155779263,38.691680671],[0.156036323,38.691715438],[0.156021672,38.691439803]]],[[[0.155856471,38.691781736],[0.155836155,38.691871292],[0.155917657,38.69183738],[0.155856471,38.691781736]]],[[[0.156053996,38.692232247],[0.156046468,38.692309386],[0.156164473,38.692279531],[0.156053996,38.692232247]]],[[[0.156442516,38.694168376],[0.156320697,38.694012302],[0.15627011,38.694127089],[0.156442516,38.694168376]]],[[[0.156393615,38.697109635],[0.156455376,38.697227874],[0.156540672,38.69715467],[0.156393615,38.697109635]]],[[[0.081478968,38.745622567],[0.116827979,38.749138567],[0.113375978,38.73709199],[0.136117742,38.727411678],[0.139400461,38.71598133],[0.1513735,38.70663211],[0.156482587,38.693257943],[0.155621887,38.69223455],[0.154639976,38.688615376],[0.154994754,38.68695646],[0.152214948,38.682267531],[0.130531943,38.686976043],[0.115171163,38.673734244],[0.108332609,38.674659051],[0.107659823,38.688334903],[0.094711271,38.697525308],[0.080613484,38.693429559],[0.088690253,38.724260888],[0.081478968,38.745622567]]]]}},{"type":"Feature","properties":{"NOMBRE_DESTINO":"TIBI","ID_DESTINO":"TIBI","NOMBRE_GRAFO":"http://datos.segittur.es/tibi","ID_GRAFO":"tibi","F_ALTA_GRAFO":"2026-07-10 00:00:00","TRIPLETAS_GRAFO":null,"TRIPLETAS_GRAFO 09/07/2026":null,"TRIPLETAS_GRAFO 27/07/2026":null,"TRIPLETAS_GRAFO 30/07/2026":null,"TRIPLETAS_GRAFO 21/08/2026":null,"TRIPLETAS_GRAFO 10/09/2026":103,"TRIPLETAS_GRAFO 18/09/2026":103,"c_ine":"03129000000","join_status":"matched"},"geometry":{"type":"Polygon","coordinates":[[[-0.631434407,38.502261142],[-0.653813788,38.511172551],[-0.660369624,38.52473816],[-0.649361165,38.52641868],[-0.596725439,38.566345714],[-0.573618546,38.56614811],[-0.560486791,38.573011032],[-0.551771667,38.544392972],[-0.541202264,38.535053093],[-0.55694799,38.510785214],[-0.553641087,38.503462947],[-0.56212914,38.480943278],[-0.590124451,38.474314816],[-0.614758391,38.476324136],[-0.626464852,38.485644549],[-0.631434407,38.502261142]]]}},{"type":"Feature","properties":{"NOMBRE_DESTINO":"TIETAR","ID_DESTINO":"TIETAR","NOMBRE_GRAFO":"http://datos.segittur.es/tietar","ID_GRAFO":"tietar","F_ALTA_GRAFO":"2026-09-11 00:00:00","TRIPLETAS_GRAFO":null,"TRIPLETAS_GRAFO 09/07/2026":null,"TRIPLETAS_GRAFO 27/07/2026":null,"TRIPLETAS_GRAFO 30/07/2026":null,"TRIPLETAS_GRAFO 21/08/2026":null,"TRIPLETAS_GRAFO 10/09/2026":null,"TRIPLETAS_GRAFO 18/09/2026":59,"c_ine":"10904000000","join_status":"matched"},"geometry":{"type":"Polygon","coordinates":[[[-5.516782466,39.997650944],[-5.51379923,40.049386757],[-5.499344943,40.040819904],[-5.471153197,40.050974528],[-5.443499874,40.02944849],[-5.4393739,40.012460866],[-5.44473518,40.015503728],[-5.455940362,40.00822557],[-5.479706175,40.020392397],[-5.479075923,40.009514953],[-5.496581308,40.007674671],[-5.510987892,39.993903061],[-5.516782466,39.997650944]]]}},{"type":"Feature","properties":{"NOMBRE_DESTINO":"TORIL","ID_DESTINO":"TORIL","NOMBRE_GRAFO":"http://datos.segittur.es/toril","ID_GRAFO":"toril","F_ALTA_GRAFO":"2026-09-11 00:00:00","TRIPLETAS_GRAFO":null,"TRIPLETAS_GRAFO 09/07/2026":null,"TRIPLETAS_GRAFO 27/07/2026":null,"TRIPLETAS_GRAFO 30/07/2026":null,"TRIPLETAS_GRAFO 21/08/2026":null,"TRIPLETAS_GRAFO 10/09/2026":null,"TRIPLETAS_GRAFO 18/09/2026":98,"c_ine":"10182000000","join_status":"matched"},"geometry":{"type":"Polygon","coordinates":[[[-6.022851332,39.838257294],[-6.009642245,39.845888262],[-5.992186648,39.836809803],[-5.983850339,39.85152728],[-5.964146671,39.842844708],[-5.960241968,39.857762427],[-5.946517077,39.865885882],[-5.927955743,39.866473282],[-5.919653196,39.897264495],[-5.900768896,39.903431645],[-5.886178937,39.920856849],[-5.895016044,39.93900349],[-5.837964532,39.962394023],[-5.822735739,39.950181987],[-5.813581518,39.927299194],[-5.748724167,39.913478809],[-5.754549835,39.848941334],[-5.796209735,39.868707901],[-5.838964612,39.868236313],[-5.865993975,39.856770678],[-5.85108755,39.849048996],[-5.868608197,39.830294533],[-5.9027904,39.837136682],[-5.916588086,39.83101633],[-5.919172934,39.82252883],[-5.9382625,39.81706529],[-5.949672458,39.827107712],[-6.022851332,39.838257294]]]}},{"type":"Feature","properties":{"NOMBRE_DESTINO":"TORNAVACAS","ID_DESTINO":"TORNAVACAS","NOMBRE_GRAFO":"http://datos.segittur.es/tornavacas","ID_GRAFO":"tornavacas","F_ALTA_GRAFO":"2026-06-01 00:00:00","TRIPLETAS_GRAFO":367,"TRIPLETAS_GRAFO 09/07/2026":367,"TRIPLETAS_GRAFO 27/07/2026":367,"TRIPLETAS_GRAFO 30/07/2026":367,"TRIPLETAS_GRAFO 21/08/2026":367,"TRIPLETAS_GRAFO 10/09/2026":367,"TRIPLETAS_GRAFO 18/09/2026":664,"c_ine":"10183000000","join_status":"matched"},"geometry":{"type":"Polygon","coordinates":[[[-5.748221664,40.279079994],[-5.737561939,40.294123259],[-5.692661929,40.292106062],[-5.65669759,40.27040081],[-5.66000071,40.257768351],[-5.649198888,40.249720301],[-5.62199979,40.24588134],[-5.614113523,40.235845249],[-5.618905275,40.223855826],[-5.612051322,40.21124693],[-5.647046362,40.20866781],[-5.65554611,40.196168488],[-5.689927714,40.173863798],[-5.715271569,40.242170919],[-5.739520887,40.255263454],[-5.748221664,40.279079994]]]}},{"type":"Feature","properties":{"NOMBRE_DESTINO":"TORRECILLAS-DE-LA-TIESA","ID_DESTINO":"TORRECILLAS-DE-LA-TIESA","NOMBRE_GRAFO":"http://datos.segittur.es/torrecillas-de-la-tiesa","ID_GRAFO":"torrecillas-de-la-tiesa","F_ALTA_GRAFO":"2026-09-11 00:00:00","TRIPLETAS_GRAFO":null,"TRIPLETAS_GRAFO 09/07/2026":null,"TRIPLETAS_GRAFO 27/07/2026":null,"TRIPLETAS_GRAFO 30/07/2026":null,"TRIPLETAS_GRAFO 21/08/2026":null,"TRIPLETAS_GRAFO 10/09/2026":null,"TRIPLETAS_GRAFO 18/09/2026":44,"c_ine":"10186000000","join_status":"matched"},"geometry":{"type":"Polygon","coordinates":[[[-5.833583673,39.64757791],[-5.807309464,39.649081047],[-5.753095752,39.635173171],[-5.667598439,39.592910166],[-5.699904301,39.56577782],[-5.691411187,39.541489912],[-5.69745533,39.528116389],[-5.741348923,39.522278679],[-5.752335059,39.526252871],[-5.772621506,39.516302723],[-5.790819085,39.525776193],[-5.82001346,39.555591259],[-5.818690816,39.562586796],[-5.831867748,39.564644457],[-5.835387986,39.585908194],[-5.825965972,39.598713406],[-5.83725595,39.598302973],[-5.833037428,39.612503902],[-5.842540577,39.613343628],[-5.822695065,39.628835652],[-5.833583673,39.64757791]]]}},{"type":"Feature","properties":{"NOMBRE_DESTINO":"TORRE-DE-DON-MIGUEL","ID_DESTINO":"TORRE-DE-DON-MIGUEL","NOMBRE_GRAFO":"http://datos.segittur.es/torre-de-don-miguel","ID_GRAFO":"torre-de-don-miguel","F_ALTA_GRAFO":"2026-09-11 00:00:00","TRIPLETAS_GRAFO":null,"TRIPLETAS_GRAFO 09/07/2026":null,"TRIPLETAS_GRAFO 27/07/2026":null,"TRIPLETAS_GRAFO 30/07/2026":null,"TRIPLETAS_GRAFO 21/08/2026":null,"TRIPLETAS_GRAFO 10/09/2026":null,"TRIPLETAS_GRAFO 18/09/2026":57,"c_ine":"10187000000","join_status":"matched"},"geometry":{"type":"Polygon","coordinates":[[[-6.587464212,40.204592712],[-6.591896615,40.22489026],[-6.568218895,40.238043301],[-6.536272208,40.223291155],[-6.537031934,40.210577955],[-6.587464212,40.204592712]]]}},{"type":"Feature","properties":{"NOMBRE_DESTINO":"TORRE-DE-SANTA-MARIA","ID_DESTINO":"TORRE-DE-SANTA-MARIA","NOMBRE_GRAFO":"http://datos.segittur.es/torre-de-santa-maria","ID_GRAFO":"torre-de-santa-maria","F_ALTA_GRAFO":"2026-09-11 00:00:00","TRIPLETAS_GRAFO":null,"TRIPLETAS_GRAFO 09/07/2026":null,"TRIPLETAS_GRAFO 27/07/2026":null,"TRIPLETAS_GRAFO 30/07/2026":null,"TRIPLETAS_GRAFO 21/08/2026":null,"TRIPLETAS_GRAFO 10/09/2026":null,"TRIPLETAS_GRAFO 18/09/2026":45,"c_ine":"10188000000","join_status":"matched"},"geometry":{"type":"Polygon","coordinates":[[[-6.131850247,39.263600318],[-6.116993991,39.262355503],[-6.103577556,39.276055412],[-6.08966918,39.280001856],[-6.069215059,39.254860479],[-6.071371007,39.220634865],[-6.07884276,39.232907251],[-6.098649547,39.231945293],[-6.119533224,39.241691368],[-6.131850247,39.263600318]]]}},{"type":"Feature","properties":{"NOMBRE_DESTINO":"TORREJONCILLO","ID_DESTINO":"TORREJONCILLO","NOMBRE_GRAFO":"http://datos.segittur.es/torrejoncillo","ID_GRAFO":"torrejoncillo","F_ALTA_GRAFO":"2026-09-11 00:00:00","TRIPLETAS_GRAFO":null,"TRIPLETAS_GRAFO 09/07/2026":null,"TRIPLETAS_GRAFO 27/07/2026":null,"TRIPLETAS_GRAFO 30/07/2026":null,"TRIPLETAS_GRAFO 21/08/2026":null,"TRIPLETAS_GRAFO 10/09/2026":null,"TRIPLETAS_GRAFO 18/09/2026":46,"c_ine":"10189000000","join_status":"matched"},"geometry":{"type":"Polygon","coordinates":[[[-6.52106116,39.928050704],[-6.495935841,39.92881184],[-6.497072564,39.947908268],[-6.491320424,39.953530981],[-6.466855468,39.952500589],[-6.441882487,39.964188934],[-6.420094812,39.95283719],[-6.392873182,39.95851975],[-6.397928502,39.957083513],[-6.405186317,39.915131683],[-6.397202692,39.896316124],[-6.424426437,39.891875641],[-6.428816713,39.887296273],[-6.422694956,39.879172768],[-6.439870926,39.872908478],[-6.432958322,39.867204874],[-6.436721781,39.863922788],[-6.452746551,39.868823522],[-6.476328135,39.864299266],[-6.49277732,39.8749732],[-6.503788109,39.846944014],[-6.514762467,39.853853232],[-6.527345252,39.885941047],[-6.53616306,39.885077712],[-6.54041959,39.891225548],[-6.518760297,39.915339757],[-6.52106116,39.928050704]]]}},{"type":"Feature","properties":{"NOMBRE_DESTINO":"TORREJON-EL-RUBIO","ID_DESTINO":"TORREJON-EL-RUBIO","NOMBRE_GRAFO":"http://datos.segittur.es/torrejon-el-rubio","ID_GRAFO":"torrejon-el-rubio","F_ALTA_GRAFO":"2026-09-11 00:00:00","TRIPLETAS_GRAFO":null,"TRIPLETAS_GRAFO 09/07/2026":null,"TRIPLETAS_GRAFO 27/07/2026":null,"TRIPLETAS_GRAFO 30/07/2026":null,"TRIPLETAS_GRAFO 21/08/2026":null,"TRIPLETAS_GRAFO 10/09/2026":null,"TRIPLETAS_GRAFO 18/09/2026":386,"c_ine":"10190000000","join_status":"matched"},"geometry":{"type":"Polygon","coordinates":[[[-6.052061208,39.696924754],[-6.077315765,39.728343703],[-6.082356622,39.750612315],[-6.060661212,39.758474153],[-6.061900588,39.767476289],[-6.042302741,39.768802709],[-6.033764752,39.777980156],[-6.033425446,39.803201975],[-6.040598431,39.809085379],[-6.047712977,39.805953052],[-6.044715584,39.811337389],[-6.061673942,39.824735794],[-6.054485747,39.833879106],[-5.990003065,39.834956472],[-5.948406809,39.826743553],[-5.938998777,39.817073656],[-5.921646998,39.823295254],[-5.915980214,39.81913208],[-5.92030021,39.805286189],[-5.902607986,39.792839868],[-5.895006145,39.789777968],[-5.884005157,39.796168516],[-5.865258779,39.788489862],[-5.858069062,39.79279296],[-5.857126824,39.783853121],[-5.870174427,39.774162565],[-5.88838144,39.713464381],[-5.921829128,39.726076038],[-5.924754132,39.717174443],[-5.95803819,39.705304948],[-5.938419312,39.682157228],[-5.940704887,39.664317389],[-6.005656079,39.663167018],[-6.02606413,39.703460794],[-6.040246041,39.711719651],[-6.052061208,39.696924754]]]}},{"type":"Feature","properties":{"NOMBRE_DESTINO":"TORREMENGA","ID_DESTINO":"TORREMENGA","NOMBRE_GRAFO":"http://datos.segittur.es/torremenga","ID_GRAFO":"torremenga","F_ALTA_GRAFO":"2026-06-01 00:00:00","TRIPLETAS_GRAFO":517,"TRIPLETAS_GRAFO 09/07/2026":517,"TRIPLETAS_GRAFO 27/07/2026":517,"TRIPLETAS_GRAFO 30/07/2026":517,"TRIPLETAS_GRAFO 21/08/2026":517,"TRIPLETAS_GRAFO 10/09/2026":517,"TRIPLETAS_GRAFO 18/09/2026":517,"c_ine":"10191000000","join_status":"matched"},"geometry":{"type":"Polygon","coordinates":[[[-5.799183659,40.062144401],[-5.769638919,40.051387937],[-5.75764824,40.02959584],[-5.766995775,40.016185386],[-5.785382108,40.009682423],[-5.795063067,40.022429508],[-5.79004157,40.03375631],[-5.797007412,40.041046747],[-5.792085009,40.056830073],[-5.799183659,40.062144401]]]}},{"type":"Feature","properties":{"NOMBRE_DESTINO":"TORREORGAZ","ID_DESTINO":"TORREORGAZ","NOMBRE_GRAFO":"http://datos.segittur.es/torreorgaz","ID_GRAFO":"torreorgaz","F_ALTA_GRAFO":"2026-09-11 00:00:00","TRIPLETAS_GRAFO":null,"TRIPLETAS_GRAFO 09/07/2026":null,"TRIPLETAS_GRAFO 27/07/2026":null,"TRIPLETAS_GRAFO 30/07/2026":null,"TRIPLETAS_GRAFO 21/08/2026":null,"TRIPLETAS_GRAFO 10/09/2026":null,"TRIPLETAS_GRAFO 18/09/2026":33,"c_ine":"10193000000","join_status":"matched"},"geometry":{"type":"Polygon","coordinates":[[[-6.287147698,39.326033521],[-6.281778281,39.353551213],[-6.259242344,39.356716344],[-6.259786846,39.365925184],[-6.276139268,39.363970233],[-6.271473604,39.375631709],[-6.280892989,39.387661996],[-6.259891815,39.404818283],[-6.232943949,39.401841625],[-6.232197819,39.387449727],[-6.239075515,39.380295182],[-6.230278775,39.378062754],[-6.249956911,39.353652332],[-6.241402766,39.349324086],[-6.270930464,39.286900729],[-6.266810881,39.30474425],[-6.287147698,39.326033521]]]}},{"type":"Feature","properties":{"NOMBRE_DESTINO":"TORREPACHECO","ID_DESTINO":"TORREPACHECO","NOMBRE_GRAFO":"http://datos.segittur.es/torrepacheco","ID_GRAFO":"torrepacheco","F_ALTA_GRAFO":"2026-06-08 00:00:00","TRIPLETAS_GRAFO":"Sin datos","TRIPLETAS_GRAFO 09/07/2026":"Sin datos","TRIPLETAS_GRAFO 27/07/2026":163,"TRIPLETAS_GRAFO 30/07/2026":196,"TRIPLETAS_GRAFO 21/08/2026":196,"TRIPLETAS_GRAFO 10/09/2026":196,"TRIPLETAS_GRAFO 18/09/2026":254,"c_ine":"30037000000","join_status":"matched"},"geometry":{"type":"Polygon","coordinates":[[[-1.050816542,37.723404791],[-1.076338673,37.786403619],[-1.028327947,37.816933954],[-1.021521181,37.834267481],[-1.001522051,37.849043339],[-0.982275036,37.823203169],[-0.937171026,37.830762533],[-0.912383844,37.842747544],[-0.892686674,37.816386738],[-0.850503225,37.79234504],[-0.869639818,37.768973791],[-0.866455719,37.76552939],[-0.914104498,37.720998458],[-1.050816542,37.723404791]]]}},{"type":"Feature","properties":{"NOMBRE_DESTINO":"TORREQUEMADA","ID_DESTINO":"TORREQUEMADA","NOMBRE_GRAFO":"http://datos.segittur.es/torrequemada","ID_GRAFO":"torrequemada","F_ALTA_GRAFO":"2026-09-11 00:00:00","TRIPLETAS_GRAFO":null,"TRIPLETAS_GRAFO 09/07/2026":null,"TRIPLETAS_GRAFO 27/07/2026":null,"TRIPLETAS_GRAFO 30/07/2026":null,"TRIPLETAS_GRAFO 21/08/2026":null,"TRIPLETAS_GRAFO 10/09/2026":null,"TRIPLETAS_GRAFO 18/09/2026":67,"c_ine":"10194000000","join_status":"matched"},"geometry":{"type":"Polygon","coordinates":[[[-6.270930464,39.286900729],[-6.241402766,39.349324086],[-6.250578727,39.352049553],[-6.238737962,39.372746935],[-6.221379406,39.384687305],[-6.202961084,39.385016039],[-6.194566176,39.376824561],[-6.209487034,39.349353658],[-6.201169461,39.349123534],[-6.20294624,39.343066267],[-6.263026992,39.279456895],[-6.270930464,39.286900729]]]}},{"type":"Feature","properties":{"NOMBRE_DESTINO":"TOTANA","ID_DESTINO":"TOTANA","NOMBRE_GRAFO":"http://datos.segittur.es/totana","ID_GRAFO":"totana","F_ALTA_GRAFO":"2026-03-03 09:06:01.317000","TRIPLETAS_GRAFO":5065,"TRIPLETAS_GRAFO 09/07/2026":5065,"TRIPLETAS_GRAFO 27/07/2026":5065,"TRIPLETAS_GRAFO 30/07/2026":5065,"TRIPLETAS_GRAFO 21/08/2026":5065,"TRIPLETAS_GRAFO 10/09/2026":5065,"TRIPLETAS_GRAFO 18/09/2026":5065,"c_ine":"30039000000","join_status":"matched"},"geometry":{"type":"Polygon","coordinates":[[[-1.665089303,37.863584808],[-1.654572819,37.859345749],[-1.609872299,37.889936436],[-1.577787672,37.896106905],[-1.487789719,37.814484695],[-1.369475875,37.721475716],[-1.396338524,37.704861856],[-1.462365015,37.679507959],[-1.476121759,37.680731021],[-1.512668619,37.66754807],[-1.543341683,37.706916275],[-1.550236327,37.725757936],[-1.566296117,37.738976859],[-1.607360031,37.750270341],[-1.645111498,37.736339756],[-1.658569641,37.753441481],[-1.574750963,37.770471461],[-1.571009619,37.786316142],[-1.559086163,37.791245845],[-1.560557494,37.805077285],[-1.587831105,37.817098822],[-1.632356772,37.82188678],[-1.653225025,37.81986855],[-1.66098965,37.797141029],[-1.671557886,37.825030347],[-1.665089303,37.863584808]]]}},{"type":"Feature","properties":{"NOMBRE_DESTINO":"TRUJILLO","ID_DESTINO":"TRUJILLO","NOMBRE_GRAFO":"http://datos.segittur.es/trujillo","ID_GRAFO":"trujillo","F_ALTA_GRAFO":"2026-09-11 00:00:00","TRIPLETAS_GRAFO":null,"TRIPLETAS_GRAFO 09/07/2026":null,"TRIPLETAS_GRAFO 27/07/2026":null,"TRIPLETAS_GRAFO 30/07/2026":null,"TRIPLETAS_GRAFO 21/08/2026":null,"TRIPLETAS_GRAFO 10/09/2026":null,"TRIPLETAS_GRAFO 18/09/2026":1033,"c_ine":"10195000000","join_status":"matched"},"geometry":{"type":"MultiPolygon","coordinates":[[[[-6.002559638,39.345494024],[-6.00182188,39.366736575],[-5.989107076,39.371739444],[-5.970168783,39.360036518],[-5.983922932,39.32357897],[-5.988823073,39.322624385],[-5.989891632,39.344703385],[-6.002559638,39.345494024]]],[[[-6.094616113,39.464888057],[-6.076511393,39.469143087],[-6.065668881,39.480806797],[-6.067320187,39.470773303],[-6.052535609,39.475801802],[-6.061875094,39.452090072],[-6.056196647,39.444465571],[-6.044426339,39.451368436],[-6.034293666,39.439580573],[-6.047514938,39.435604376],[-6.03618443,39.428550283],[-6.053935028,39.428868952],[-6.019820275,39.387971323],[-5.997313769,39.391292285],[-5.991880918,39.375271409],[-6.029758154,39.375650798],[-6.032055582,39.386625955],[-6.060667523,39.408333543],[-6.087182172,39.407118986],[-6.078739971,39.421620665],[-6.089442271,39.423849979],[-6.08343871,39.433620975],[-6.091492222,39.441577354],[-6.080940504,39.452838325],[-6.093420001,39.454416553],[-6.094616113,39.464888057]]],[[[-6.305352402,39.591965789],[-6.284167315,39.608303238],[-6.241304324,39.615101702],[-6.209858298,39.609543949],[-6.163637263,39.611335109],[-6.152230321,39.596845528],[-6.127314226,39.603590568],[-6.117888718,39.599069874],[-6.103564641,39.603453134],[-6.104755153,39.607682046],[-6.048605548,39.643319248],[-6.029048077,39.644777089],[-6.005020519,39.663561813],[-5.9320171,39.667239604],[-5.910493902,39.657088603],[-5.887399762,39.653836828],[-5.875385523,39.658350872],[-5.833583673,39.64757791],[-5.822695065,39.628835652],[-5.842540577,39.613343628],[-5.833037428,39.612503902],[-5.83725595,39.598302973],[-5.825965972,39.598713406],[-5.835387986,39.585908194],[-5.831867748,39.564644457],[-5.818690816,39.562586796],[-5.82001346,39.555591259],[-5.805211271,39.538851936],[-5.772621506,39.516302723],[-5.750107631,39.52640471],[-5.730751223,39.517204252],[-5.739680758,39.506769545],[-5.7460196,39.516240866],[-5.75737691,39.504918598],[-5.765448537,39.506708605],[-5.781543996,39.489235533],[-5.783450896,39.478749176],[-5.797007554,39.472433072],[-5.795278027,39.462331265],[-5.807421955,39.45364266],[-5.785557207,39.450547502],[-5.781158646,39.443383072],[-5.798533293,39.44176782],[-5.802500797,39.434087092],[-5.815656857,39.4301927],[-5.805005642,39.422685022],[-5.820891969,39.410229159],[-5.811148938,39.399537982],[-5.796982584,39.395159328],[-5.784638811,39.403284105],[-5.767337458,39.393598791],[-5.783600996,39.383319011],[-5.78278205,39.377609098],[-5.801646515,39.379696401],[-5.855603288,39.368401919],[-5.872629574,39.380017816],[-5.880934111,39.378163757],[-5.889608874,39.402730589],[-5.907314872,39.404369992],[-5.911817567,39.397609121],[-5.911503084,39.40400392],[-5.931345822,39.404243892],[-5.93754186,39.427914419],[-5.945742518,39.427364538],[-5.948673577,39.436820953],[-5.959815803,39.436033245],[-5.956973602,39.457536178],[-5.972098497,39.459060058],[-5.961930204,39.473570652],[-5.982503282,39.483097515],[-5.976550224,39.498050569],[-5.96120829,39.503388105],[-5.973491719,39.516298342],[-5.977982216,39.512246756],[-5.990270104,39.519732149],[-5.99358219,39.52806042],[-6.008300475,39.528148597],[-6.013463298,39.521655067],[-6.020481882,39.525796657],[-6.037424882,39.513959659],[-6.07224472,39.519511757],[-6.078231321,39.514966382],[-6.078830204,39.523778378],[-6.092685372,39.525923612],[-6.102064975,39.537771249],[-6.121171674,39.543574016],[-6.153988737,39.538607048],[-6.156533895,39.546500871],[-6.177303599,39.551114107],[-6.189009406,39.566601993],[-6.200769072,39.571007563],[-6.24240241,39.575761639],[-6.241344195,39.582772129],[-6.267556495,39.587658178],[-6.273715481,39.58396271],[-6.286815161,39.595356501],[-6.305352402,39.591965789]],[[-5.905886414,39.526656957],[-5.891328579,39.537442779],[-5.89620805,39.55461694],[-5.889414805,39.560569475],[-5.897112119,39.574097261],[-5.891699975,39.590347896],[-5.898178745,39.591312403],[-5.890859285,39.600088699],[-5.895016491,39.602885771],[-5.901144453,39.595418158],[-5.902267131,39.607244908],[-5.920150691,39.608805371],[-5.930636869,39.599533015],[-5.961294759,39.597034681],[-5.953519723,39.576829215],[-5.94456512,39.573183077],[-5.954408827,39.561312533],[-5.940910599,39.548962568],[-5.940043187,39.535589402],[-5.920901299,39.535757008],[-5.905886414,39.526656957]]]]}},{"type":"Feature","properties":{"NOMBRE_DESTINO":"ULEA","ID_DESTINO":"ULEA","NOMBRE_GRAFO":"http://datos.segittur.es/ulea","ID_GRAFO":"ulea","F_ALTA_GRAFO":"2026-06-08 00:00:00","TRIPLETAS_GRAFO":"Sin datos","TRIPLETAS_GRAFO 09/07/2026":"Sin datos","TRIPLETAS_GRAFO 27/07/2026":31,"TRIPLETAS_GRAFO 30/07/2026":64,"TRIPLETAS_GRAFO 21/08/2026":64,"TRIPLETAS_GRAFO 10/09/2026":64,"TRIPLETAS_GRAFO 18/09/2026":64,"c_ine":"30040000000","join_status":"matched"},"geometry":{"type":"Polygon","coordinates":[[[-1.338346692,38.140266748],[-1.323412537,38.147642406],[-1.324178036,38.157070595],[-1.334458027,38.163964853],[-1.329505645,38.175989943],[-1.252724767,38.200018391],[-1.236950941,38.198268475],[-1.236702141,38.185394475],[-1.248260871,38.167923044],[-1.260304961,38.162708567],[-1.271062735,38.151567102],[-1.273647667,38.138396369],[-1.294120026,38.124574122],[-1.311793593,38.128425142],[-1.322773513,38.142163153],[-1.332936503,38.134323421],[-1.338346692,38.140266748]]]}},{"type":"Feature","properties":{"NOMBRE_DESTINO":"URKABUSTAIZ","ID_DESTINO":"URKABUSTAIZ","NOMBRE_GRAFO":"http://datos.segittur.es/urkabustaiz","ID_GRAFO":"urkabustaiz","F_ALTA_GRAFO":"2026-06-03 00:00:00","TRIPLETAS_GRAFO":"Sin datos","TRIPLETAS_GRAFO 09/07/2026":1781,"TRIPLETAS_GRAFO 27/07/2026":"Sin datos","TRIPLETAS_GRAFO 30/07/2026":"Sin datos","TRIPLETAS_GRAFO 21/08/2026":"Sin datos","TRIPLETAS_GRAFO 10/09/2026":1604,"TRIPLETAS_GRAFO 18/09/2026":1604,"c_ine":"01054000000","join_status":"matched"},"geometry":{"type":"Polygon","coordinates":[[[-2.975173772,42.938253876],[-2.969260425,42.968068714],[-2.961510581,42.968048317],[-2.954839254,42.985101309],[-2.955577086,42.998899211],[-2.913746633,43.020344398],[-2.883177918,42.990063358],[-2.884192774,42.973970623],[-2.873103579,42.967728754],[-2.879033923,42.942155747],[-2.870999253,42.93567891],[-2.868095579,42.921897643],[-2.891713003,42.923268969],[-2.927624666,42.937708326],[-2.929440195,42.931480748],[-2.94501156,42.927957176],[-2.975173772,42.938253876]]]}},{"type":"Feature","properties":{"NOMBRE_DESTINO":"VALDASTILLAS","ID_DESTINO":"VALDASTILLAS","NOMBRE_GRAFO":"http://datos.segittur.es/valdastillas","ID_GRAFO":"valdastillas","F_ALTA_GRAFO":"2026-06-01 00:00:00","TRIPLETAS_GRAFO":187,"TRIPLETAS_GRAFO 09/07/2026":187,"TRIPLETAS_GRAFO 27/07/2026":187,"TRIPLETAS_GRAFO 30/07/2026":187,"TRIPLETAS_GRAFO 21/08/2026":187,"TRIPLETAS_GRAFO 10/09/2026":187,"TRIPLETAS_GRAFO 18/09/2026":270,"c_ine":"10196000000","join_status":"matched"},"geometry":{"type":"Polygon","coordinates":[[[-5.954070068,40.164512482],[-5.920334456,40.157333395],[-5.919470159,40.147302961],[-5.899936322,40.138147208],[-5.8779432,40.147604664],[-5.868244318,40.135811484],[-5.860471556,40.13628311],[-5.876333199,40.124756689],[-5.892988581,40.133448082],[-5.908856439,40.132113531],[-5.954070068,40.164512482]]]}},{"type":"Feature","properties":{"NOMBRE_DESTINO":"VALDECANAS-DE-TAJO","ID_DESTINO":"VALDECANAS-DE-TAJO","NOMBRE_GRAFO":"http://datos.segittur.es/valdecanas-de-tajo","ID_GRAFO":"valdecanas-de-tajo","F_ALTA_GRAFO":"2026-09-11 00:00:00","TRIPLETAS_GRAFO":null,"TRIPLETAS_GRAFO 09/07/2026":null,"TRIPLETAS_GRAFO 27/07/2026":null,"TRIPLETAS_GRAFO 30/07/2026":null,"TRIPLETAS_GRAFO 21/08/2026":null,"TRIPLETAS_GRAFO 10/09/2026":null,"TRIPLETAS_GRAFO 18/09/2026":26,"c_ine":"10197000000","join_status":"matched"},"geometry":{"type":"Polygon","coordinates":[[[-5.643782389,39.766696627],[-5.604180957,39.779973506],[-5.601235554,39.767369931],[-5.577466909,39.749793393],[-5.591022623,39.745915169],[-5.599854486,39.730024943],[-5.612929581,39.733019361],[-5.624852306,39.722832008],[-5.622946477,39.738414643],[-5.640382447,39.74186584],[-5.646216786,39.750705314],[-5.643782389,39.766696627]]]}},{"type":"Feature","properties":{"NOMBRE_DESTINO":"VALDEFUENTES","ID_DESTINO":"VALDEFUENTES","NOMBRE_GRAFO":"http://datos.segittur.es/valdefuentes","ID_GRAFO":"valdefuentes","F_ALTA_GRAFO":"2026-09-11 00:00:00","TRIPLETAS_GRAFO":null,"TRIPLETAS_GRAFO 09/07/2026":null,"TRIPLETAS_GRAFO 27/07/2026":null,"TRIPLETAS_GRAFO 30/07/2026":null,"TRIPLETAS_GRAFO 21/08/2026":null,"TRIPLETAS_GRAFO 10/09/2026":null,"TRIPLETAS_GRAFO 18/09/2026":111,"c_ine":"10198000000","join_status":"matched"},"geometry":{"type":"Polygon","coordinates":[[[-6.169106687,39.295149272],[-6.120241467,39.324271871],[-6.10587427,39.309441673],[-6.101533469,39.289269022],[-6.092521732,39.283580889],[-6.116993991,39.262355503],[-6.133101207,39.263484665],[-6.165860875,39.283498562],[-6.169106687,39.295149272]]]}},{"type":"Feature","properties":{"NOMBRE_DESTINO":"VALDEGOVIAGAUBEA","ID_DESTINO":"VALDEGOVIAGAUBEA","NOMBRE_GRAFO":"http://datos.segittur.es/valdegoviagaubea","ID_GRAFO":"valdegoviagaubea","F_ALTA_GRAFO":"2026-08-06 00:00:00","TRIPLETAS_GRAFO":null,"TRIPLETAS_GRAFO 09/07/2026":null,"TRIPLETAS_GRAFO 27/07/2026":null,"TRIPLETAS_GRAFO 30/07/2026":null,"TRIPLETAS_GRAFO 21/08/2026":null,"TRIPLETAS_GRAFO 10/09/2026":2385,"TRIPLETAS_GRAFO 18/09/2026":2385,"c_ine":"01055000000","join_status":"matched"},"geometry":{"type":"Polygon","coordinates":[[[-3.286766947,42.885148658],[-3.276402781,42.887020225],[-3.277239172,42.901579579],[-3.248544554,42.912145441],[-3.235367989,42.933074114],[-3.235556002,42.943861822],[-3.224729322,42.949691737],[-3.144731581,42.93468239],[-3.150834125,42.919194865],[-3.13284745,42.913480626],[-3.126531072,42.904059337],[-3.104663255,42.910159578],[-3.092101501,42.898778715],[-3.016250979,42.910567456],[-3.013673262,42.900273046],[-2.992963086,42.879075355],[-3.001999227,42.848682846],[-3.018076862,42.834047846],[-3.020420957,42.817027254],[-3.008958451,42.81130127],[-3.017273724,42.803267458],[-3.015375511,42.791578654],[-3.064030353,42.781268584],[-3.05770675,42.762891315],[-3.064026308,42.76017648],[-3.080804841,42.766775583],[-3.100631881,42.787825717],[-3.131386593,42.78980325],[-3.159228831,42.804591427],[-3.148914162,42.812917201],[-3.141186908,42.836052829],[-3.132111605,42.837945619],[-3.128427155,42.849251416],[-3.113149875,42.861064245],[-3.10505283,42.879586686],[-3.113322296,42.881866252],[-3.11494004,42.88924895],[-3.125696924,42.891317984],[-3.138720032,42.871293511],[-3.16282285,42.85673665],[-3.190686477,42.869463475],[-3.2094436,42.844225015],[-3.222175605,42.838635785],[-3.205533459,42.827401091],[-3.216969703,42.826515509],[-3.272075999,42.866444546],[-3.286766947,42.885148658]]]}},{"type":"Feature","properties":{"NOMBRE_DESTINO":"VALDEHUNCAR","ID_DESTINO":"VALDEHUNCAR","NOMBRE_GRAFO":"http://datos.segittur.es/valdehuncar","ID_GRAFO":"valdehuncar","F_ALTA_GRAFO":"2026-09-11 00:00:00","TRIPLETAS_GRAFO":null,"TRIPLETAS_GRAFO 09/07/2026":null,"TRIPLETAS_GRAFO 27/07/2026":null,"TRIPLETAS_GRAFO 30/07/2026":null,"TRIPLETAS_GRAFO 21/08/2026":null,"TRIPLETAS_GRAFO 10/09/2026":null,"TRIPLETAS_GRAFO 18/09/2026":39,"c_ine":"10199000000","join_status":"matched"},"geometry":{"type":"Polygon","coordinates":[[[-5.5710848,39.834941531],[-5.521243486,39.853289824],[-5.506404777,39.846823066],[-5.488296714,39.824179066],[-5.494452854,39.807131464],[-5.511232933,39.808348677],[-5.518001838,39.802747417],[-5.545119711,39.814711001],[-5.560490395,39.808693408],[-5.562351858,39.8209936],[-5.574606194,39.827548463],[-5.5710848,39.834941531]]]}},{"type":"Feature","properties":{"NOMBRE_DESTINO":"VALDEOBISPO","ID_DESTINO":"VALDEOBISPO","NOMBRE_GRAFO":"http://datos.segittur.es/valdeobispo","ID_GRAFO":"valdeobispo","F_ALTA_GRAFO":"2026-09-11 00:00:00","TRIPLETAS_GRAFO":null,"TRIPLETAS_GRAFO 09/07/2026":null,"TRIPLETAS_GRAFO 27/07/2026":null,"TRIPLETAS_GRAFO 30/07/2026":null,"TRIPLETAS_GRAFO 21/08/2026":null,"TRIPLETAS_GRAFO 10/09/2026":null,"TRIPLETAS_GRAFO 18/09/2026":13,"c_ine":"10202000000","join_status":"matched"},"geometry":{"type":"Polygon","coordinates":[[[-6.294183515,40.065653388],[-6.298139606,40.077420906],[-6.260262963,40.092293055],[-6.245277506,40.104180269],[-6.241585926,40.116344143],[-6.227227133,40.123302672],[-6.198526946,40.108013083],[-6.178822013,40.106295347],[-6.193353058,40.074406469],[-6.226618016,40.071231945],[-6.257441842,40.034376138],[-6.264619929,40.051701653],[-6.294183515,40.065653388]]]}},{"type":"Feature","properties":{"NOMBRE_DESTINO":"VALENCIA","ID_DESTINO":"VALENCIA","NOMBRE_GRAFO":"http://datos.segittur.es/valencia","ID_GRAFO":"valencia","F_ALTA_GRAFO":"2026-03-06 10:05:07.436000","TRIPLETAS_GRAFO":114,"TRIPLETAS_GRAFO 09/07/2026":114,"TRIPLETAS_GRAFO 27/07/2026":3649,"TRIPLETAS_GRAFO 30/07/2026":24877,"TRIPLETAS_GRAFO 21/08/2026":24877,"TRIPLETAS_GRAFO 10/09/2026":24877,"TRIPLETAS_GRAFO 18/09/2026":24877,"c_ine":"46250000000","join_status":"matched"},"geometry":{"type":"MultiPolygon","coordinates":[[[[-0.426977839,39.562292056],[-0.400915076,39.540577236],[-0.395054115,39.527428277],[-0.384458143,39.533271105],[-0.370870762,39.527387962],[-0.366607325,39.512637974],[-0.372288118,39.509461588],[-0.355991597,39.501986579],[-0.352863307,39.490185482],[-0.323215814,39.484117107],[-0.319501,39.463013],[-0.312455,39.462679],[-0.310511,39.46107],[-0.329399,39.461591],[-0.329088,39.457379],[-0.320968,39.460781],[-0.315086,39.457164],[-0.307807,39.462779],[-0.285736,39.45501],[-0.291459,39.444085],[-0.286318,39.45501],[-0.309352,39.457522],[-0.301994,39.444825],[-0.295207,39.451167],[-0.30294,39.433594],[-0.305017,39.44447],[-0.308844,39.445052],[-0.310426,39.442125],[-0.3127,39.441913],[-0.308182,39.450231],[-0.31447,39.446156],[-0.32363,39.458346],[-0.326265,39.452051],[-0.320582,39.449851],[-0.325092,39.446281],[-0.316249,39.442911],[-0.330283,39.435188],[-0.31487,39.430164],[-0.313522,39.435394],[-0.30916,39.429732],[-0.312716,39.423209],[-0.317429,39.420577],[-0.332506,39.431791],[-0.323508,39.423762],[-0.335743,39.427099],[-0.329858,39.422458],[-0.331932274,39.40956219],[-0.311962288,39.350270268],[-0.272581592,39.278637809],[-0.292979536,39.284040417],[-0.305610162,39.299279301],[-0.318224208,39.303255473],[-0.322591559,39.314004514],[-0.347554399,39.315396432],[-0.364685757,39.305155145],[-0.376040741,39.307564734],[-0.38153452,39.31665216],[-0.390811953,39.315112727],[-0.398841858,39.331877447],[-0.382181142,39.355882546],[-0.347269944,39.369821082],[-0.341119198,39.366743554],[-0.337073688,39.373019991],[-0.330142948,39.364834122],[-0.350428876,39.401036228],[-0.349942596,39.422123141],[-0.364415808,39.419794737],[-0.389296254,39.433620757],[-0.391061359,39.426734665],[-0.401621,39.427723],[-0.402870726,39.436894034],[-0.420550351,39.435157923],[-0.431991215,39.451303869],[-0.415831092,39.453889049],[-0.411527446,39.466353919],[-0.418154514,39.468943475],[-0.410365238,39.481546209],[-0.425936912,39.487629351],[-0.431599429,39.506058035],[-0.424167609,39.507416325],[-0.411196,39.497473],[-0.396761607,39.501744047],[-0.402108609,39.515432362],[-0.395942827,39.523259119],[-0.430459,39.554677],[-0.432818888,39.561144325],[-0.426977839,39.562292056]]],[[[-0.361466809,39.516435307],[-0.362052266,39.532323025],[-0.35132432,39.522699462],[-0.361466809,39.516435307]]],[[[-0.343705863,39.547517526],[-0.329585,39.546604],[-0.334262,39.542595],[-0.330748775,39.536321882],[-0.341641472,39.539730182],[-0.337070592,39.543556589],[-0.343705863,39.547517526]]],[[[-0.319441544,39.562472395],[-0.310748791,39.565154191],[-0.291940284,39.557978573],[-0.288473639,39.554030236],[-0.292043355,39.548825278],[-0.319441544,39.562472395]]]]}},{"type":"Feature","properties":{"NOMBRE_DESTINO":"VALENCIA-DE-ALCANTARA","ID_DESTINO":"VALENCIA-DE-ALCANTARA","NOMBRE_GRAFO":"http://datos.segittur.es/valencia-de-alcantara","ID_GRAFO":"valencia-de-alcantara","F_ALTA_GRAFO":"2026-09-11 00:00:00","TRIPLETAS_GRAFO":null,"TRIPLETAS_GRAFO 09/07/2026":null,"TRIPLETAS_GRAFO 27/07/2026":null,"TRIPLETAS_GRAFO 30/07/2026":null,"TRIPLETAS_GRAFO 21/08/2026":null,"TRIPLETAS_GRAFO 10/09/2026":null,"TRIPLETAS_GRAFO 18/09/2026":226,"c_ine":"10203000000","join_status":"matched"},"geometry":{"type":"Polygon","coordinates":[[[-7.390881941,39.529893438],[-7.377362249,39.541322333],[-7.353485729,39.542842139],[-7.341861227,39.560838455],[-7.350835484,39.572614567],[-7.324461807,39.581498595],[-7.319509847,39.618074351],[-7.302021136,39.622029461],[-7.304597851,39.615512889],[-7.295913098,39.613655565],[-7.297876109,39.60079496],[-7.289389974,39.604945478],[-7.285320511,39.601070422],[-7.289432051,39.595641178],[-7.28186559,39.589220596],[-7.264687241,39.587917239],[-7.239211994,39.550198542],[-7.215159824,39.550858627],[-7.220292466,39.556264652],[-7.178687783,39.575412913],[-7.16251493,39.557982484],[-7.14090308,39.549281458],[-7.143338658,39.511261239],[-7.107850526,39.497806556],[-7.094840554,39.504300298],[-7.098678454,39.493060286],[-7.126838994,39.465701838],[-7.048769464,39.436661438],[-7.067025108,39.414297273],[-7.039824465,39.397080909],[-7.00926691,39.388484818],[-7.019332553,39.382471995],[-7.021372226,39.371314604],[-7.032613258,39.367637664],[-7.02982819,39.351504882],[-7.048021718,39.333508312],[-7.044127871,39.326925158],[-7.077165952,39.310180888],[-7.0842662,39.323008684],[-7.082852522,39.335568048],[-7.101767242,39.346051612],[-7.103238653,39.353546854],[-7.098588409,39.35912371],[-7.079124436,39.351414869],[-7.062968976,39.372272016],[-7.073875279,39.381220532],[-7.118872968,39.38365964],[-7.154297358,39.36751118],[-7.177831937,39.331219315],[-7.168511058,39.320152347],[-7.155416084,39.329663507],[-7.155198543,39.314450927],[-7.169750401,39.305896241],[-7.203858401,39.265698211],[-7.252015502,39.29066889],[-7.281503835,39.320614584],[-7.308137668,39.336845223],[-7.306286696,39.356270801],[-7.322873057,39.381900529],[-7.302585587,39.412377833],[-7.301419509,39.422876613],[-7.308492317,39.430314998],[-7.305503685,39.446117223],[-7.294261011,39.456827542],[-7.322945217,39.474741105],[-7.343811022,39.478135679],[-7.347765531,39.487990795],[-7.36252805,39.481405953],[-7.381864672,39.491297262],[-7.37911287,39.496401763],[-7.390297721,39.50327394],[-7.390881941,39.529893438]]]}},{"type":"Feature","properties":{"NOMBRE_DESTINO":"VALLADOLID","ID_DESTINO":"VALLADOLID","NOMBRE_GRAFO":"http://datos.segittur.es/valladolid","ID_GRAFO":"valladolid","F_ALTA_GRAFO":"2026-04-30 09:42:24.018000","TRIPLETAS_GRAFO":14197,"TRIPLETAS_GRAFO 09/07/2026":60393,"TRIPLETAS_GRAFO 27/07/2026":181941,"TRIPLETAS_GRAFO 30/07/2026":181941,"TRIPLETAS_GRAFO 21/08/2026":189020,"TRIPLETAS_GRAFO 10/09/2026":172428,"TRIPLETAS_GRAFO 18/09/2026":223575,"c_ine":"47186000000","join_status":"matched"},"geometry":{"type":"MultiPolygon","coordinates":[[[[-4.861787616,41.554610589],[-4.809038104,41.567410077],[-4.793317274,41.563721286],[-4.774894223,41.592690441],[-4.790312098,41.589753774],[-4.797133119,41.606947604],[-4.761688678,41.624399385],[-4.776107382,41.63480306],[-4.764491994,41.643204242],[-4.76040523,41.663458262],[-4.788860211,41.667875633],[-4.793238959,41.676044883],[-4.786529748,41.684093293],[-4.810401063,41.687862651],[-4.791980919,41.695654004],[-4.722059983,41.692310016],[-4.706708621,41.711624205],[-4.695025477,41.716219403],[-4.682270605,41.7046711],[-4.698537971,41.696668055],[-4.688212017,41.684412142],[-4.64604456,41.684978666],[-4.632237391,41.691900316],[-4.632314601,41.685127324],[-4.647800851,41.682369742],[-4.660633556,41.669049198],[-4.654635118,41.64013524],[-4.643496058,41.626998511],[-4.663631629,41.626349421],[-4.694007483,41.614602384],[-4.695053664,41.593573991],[-4.728402735,41.59650001],[-4.750134771,41.58858741],[-4.759415449,41.558326757],[-4.773959499,41.554752674],[-4.767441974,41.548791381],[-4.778869173,41.539635186],[-4.765153985,41.53078554],[-4.787818961,41.523328853],[-4.832858198,41.528186972],[-4.83428685,41.53645957],[-4.861787616,41.554610589]]],[[[-4.916255025,41.628963469],[-4.907034429,41.644409958],[-4.887875798,41.619084331],[-4.909107143,41.616581181],[-4.916255025,41.628963469]]],[[[-4.928180339,41.800436674],[-4.889417794,41.798649334],[-4.876896991,41.808860877],[-4.851326327,41.815508631],[-4.851463084,41.782209414],[-4.839849485,41.78005445],[-4.812587573,41.737481677],[-4.851113702,41.722762757],[-4.871117159,41.731400322],[-4.91910482,41.717270246],[-4.91969058,41.732103133],[-4.905870085,41.729081896],[-4.884921807,41.762274129],[-4.912586056,41.779154146],[-4.928180339,41.800436674]]]]}},{"type":"Feature","properties":{"NOMBRE_DESTINO":"VALVERDE-DE-LA-VERA","ID_DESTINO":"VALVERDE-DE-LA-VERA","NOMBRE_GRAFO":"http://datos.segittur.es/valverde-de-la-vera","ID_GRAFO":"valverde-de-la-vera","F_ALTA_GRAFO":"2026-06-02 00:00:00","TRIPLETAS_GRAFO":null,"TRIPLETAS_GRAFO 09/07/2026":null,"TRIPLETAS_GRAFO 27/07/2026":null,"TRIPLETAS_GRAFO 30/07/2026":null,"TRIPLETAS_GRAFO 21/08/2026":null,"TRIPLETAS_GRAFO 10/09/2026":null,"TRIPLETAS_GRAFO 18/09/2026":137,"c_ine":"10204000000","join_status":"matched"},"geometry":{"type":"Polygon","coordinates":[[[-5.523493646,40.07263401],[-5.51406094,40.084279627],[-5.512662507,40.118621984],[-5.506265329,40.131011621],[-5.510386421,40.152100142],[-5.495348819,40.190249656],[-5.497068919,40.199995081],[-5.476995961,40.204290945],[-5.469013803,40.184725285],[-5.475755986,40.172789879],[-5.469406239,40.162188084],[-5.479462809,40.146227014],[-5.479472563,40.131003209],[-5.475531633,40.10681077],[-5.460000764,40.078855965],[-5.469234522,40.06828187],[-5.509046092,40.066840447],[-5.512603635,40.057088478],[-5.520885633,40.059466796],[-5.523493646,40.07263401]]]}},{"type":"Feature","properties":{"NOMBRE_DESTINO":"VALVERDE-DEL-FRESNO","ID_DESTINO":"VALVERDE-DEL-FRESNO","NOMBRE_GRAFO":"http://datos.segittur.es/valverde-del-fresno","ID_GRAFO":"valverde-del-fresno","F_ALTA_GRAFO":"2026-09-09 00:00:00","TRIPLETAS_GRAFO":null,"TRIPLETAS_GRAFO 09/07/2026":null,"TRIPLETAS_GRAFO 27/07/2026":null,"TRIPLETAS_GRAFO 30/07/2026":null,"TRIPLETAS_GRAFO 21/08/2026":null,"TRIPLETAS_GRAFO 10/09/2026":null,"TRIPLETAS_GRAFO 18/09/2026":31,"c_ine":"10205000000","join_status":"matched"},"geometry":{"type":"Polygon","coordinates":[[[-6.920001731,40.084109214],[-6.933655281,40.103551668],[-6.942912086,40.103990467],[-6.941022601,40.112588675],[-6.960809135,40.11118309],[-6.962258476,40.117051849],[-6.986742375,40.119160425],[-6.993101774,40.112371173],[-6.993248424,40.1193331],[-7.012905996,40.126130913],[-7.008973661,40.130126653],[-7.021235638,40.143975195],[-7.014271629,40.149337896],[-7.021958821,40.167290179],[-7.016486528,40.176463929],[-7.02990592,40.186373556],[-7.018914392,40.197291612],[-7.012296392,40.226094334],[-6.998524975,40.235216473],[-6.979057475,40.24065414],[-6.965951114,40.236904112],[-6.95142492,40.257570362],[-6.90732917,40.253897029],[-6.87625217,40.259986301],[-6.864897586,40.270274223],[-6.846804493,40.254430669],[-6.868456835,40.219612308],[-6.86820995,40.210326638],[-6.886746728,40.193503544],[-6.86566462,40.180035325],[-6.864705996,40.149519631],[-6.872573865,40.143825887],[-6.861202762,40.131201645],[-6.89877075,40.113559673],[-6.897211357,40.105362876],[-6.91334689,40.097550349],[-6.920001731,40.084109214]]]}},{"type":"Feature","properties":{"NOMBRE_DESTINO":"VEGAVIANA","ID_DESTINO":"VEGAVIANA","NOMBRE_GRAFO":"http://datos.segittur.es/vegaviana","ID_GRAFO":"vegaviana","F_ALTA_GRAFO":"2026-09-11 00:00:00","TRIPLETAS_GRAFO":null,"TRIPLETAS_GRAFO 09/07/2026":null,"TRIPLETAS_GRAFO 27/07/2026":null,"TRIPLETAS_GRAFO 30/07/2026":null,"TRIPLETAS_GRAFO 21/08/2026":null,"TRIPLETAS_GRAFO 10/09/2026":null,"TRIPLETAS_GRAFO 18/09/2026":13,"c_ine":"10902000000","join_status":"matched"},"geometry":{"type":"Polygon","coordinates":[[[-6.752167316,40.022199877],[-6.75667712,40.042011214],[-6.734938963,40.064154178],[-6.731401555,40.081047266],[-6.722218404,40.070670101],[-6.695182206,40.064579955],[-6.708979526,40.053513823],[-6.70029167,40.026015033],[-6.715712019,40.030791401],[-6.721310719,40.026698479],[-6.704721945,40.021305239],[-6.706995646,40.014995249],[-6.718862189,40.011246424],[-6.752167316,40.022199877]]]}},{"type":"Feature","properties":{"NOMBRE_DESTINO":"VIANDAR DE LA VERA","ID_DESTINO":"VIANDAR_DE_LA_VERA","NOMBRE_GRAFO":"http://datos.segittur.es/viandar_de_la_vera","ID_GRAFO":"viandar de la vera","F_ALTA_GRAFO":"2026-06-01 00:00:00","TRIPLETAS_GRAFO":88,"TRIPLETAS_GRAFO 09/07/2026":88,"TRIPLETAS_GRAFO 27/07/2026":88,"TRIPLETAS_GRAFO 30/07/2026":88,"TRIPLETAS_GRAFO 21/08/2026":88,"TRIPLETAS_GRAFO 10/09/2026":88,"TRIPLETAS_GRAFO 18/09/2026":88,"c_ine":"10206000000","join_status":"matched"},"geometry":{"type":"Polygon","coordinates":[[[-5.539558977,40.093487898],[-5.55630689,40.100659034],[-5.561180291,40.121431932],[-5.571847608,40.132977805],[-5.55646294,40.154289229],[-5.561692439,40.158803664],[-5.546532218,40.165308736],[-5.54855683,40.171092241],[-5.530964093,40.194718621],[-5.518744877,40.196867908],[-5.520701675,40.1558124],[-5.530677732,40.137398524],[-5.526592693,40.114571383],[-5.539558977,40.093487898]]]}},{"type":"Feature","properties":{"NOMBRE_DESTINO":"VILLABUENA DE ALAVAESKUERNAGA","ID_DESTINO":"VILLABUENA_DE_ALAVAESKUERNAGA","NOMBRE_GRAFO":"http://datos.segittur.es/villabuena_de_alavaeskuernaga","ID_GRAFO":"villabuena de alavaeskuernaga","F_ALTA_GRAFO":"2026-06-03 00:00:00","TRIPLETAS_GRAFO":"Sin datos","TRIPLETAS_GRAFO 09/07/2026":584,"TRIPLETAS_GRAFO 27/07/2026":"Sin datos","TRIPLETAS_GRAFO 30/07/2026":"Sin datos","TRIPLETAS_GRAFO 21/08/2026":3308,"TRIPLETAS_GRAFO 10/09/2026":583,"TRIPLETAS_GRAFO 18/09/2026":583,"c_ine":"01057000000","join_status":"matched"},"geometry":{"type":"Polygon","coordinates":[[[-2.686105891,42.54500091],[-2.665589748,42.55759617],[-2.650953733,42.558678318],[-2.645087281,42.54492636],[-2.651323671,42.533895291],[-2.640659591,42.520695762],[-2.655494099,42.519579536],[-2.666652649,42.534220052],[-2.680592625,42.537114578],[-2.686105891,42.54500091]]]}},{"type":"Feature","properties":{"NOMBRE_DESTINO":"VILLAMESIAS","ID_DESTINO":"VILLAMESIAS","NOMBRE_GRAFO":"http://datos.segittur.es/villamesias","ID_GRAFO":"villamesias","F_ALTA_GRAFO":"2026-09-11 00:00:00","TRIPLETAS_GRAFO":null,"TRIPLETAS_GRAFO 09/07/2026":null,"TRIPLETAS_GRAFO 27/07/2026":null,"TRIPLETAS_GRAFO 30/07/2026":null,"TRIPLETAS_GRAFO 21/08/2026":null,"TRIPLETAS_GRAFO 10/09/2026":null,"TRIPLETAS_GRAFO 18/09/2026":14,"c_ine":"10209000000","join_status":"matched"},"geometry":{"type":"Polygon","coordinates":[[[-5.957791743,39.225783576],[-5.945979734,39.243262484],[-5.906037089,39.259311099],[-5.884587654,39.255907972],[-5.856746202,39.273089709],[-5.85484682,39.28339723],[-5.834699061,39.27819632],[-5.84783176,39.257596984],[-5.836055089,39.238821975],[-5.841660971,39.210667897],[-5.883404146,39.219389015],[-5.919561015,39.212415997],[-5.957791743,39.225783576]]]}},{"type":"Feature","properties":{"NOMBRE_DESTINO":"VILLAMIEL","ID_DESTINO":"VILLAMIEL","NOMBRE_GRAFO":"http://datos.segittur.es/villamiel","ID_GRAFO":"villamiel","F_ALTA_GRAFO":"2026-09-11 00:00:00","TRIPLETAS_GRAFO":null,"TRIPLETAS_GRAFO 09/07/2026":null,"TRIPLETAS_GRAFO 27/07/2026":null,"TRIPLETAS_GRAFO 30/07/2026":null,"TRIPLETAS_GRAFO 21/08/2026":null,"TRIPLETAS_GRAFO 10/09/2026":null,"TRIPLETAS_GRAFO 18/09/2026":36,"c_ine":"10210000000","join_status":"matched"},"geometry":{"type":"Polygon","coordinates":[[[-6.867013443,40.171749927],[-6.76445514,40.203593405],[-6.745354695,40.182878631],[-6.740886301,40.147953758],[-6.795846522,40.125439839],[-6.804822764,40.114535847],[-6.837311723,40.10989625],[-6.844072823,40.129745952],[-6.859401344,40.129847852],[-6.872573865,40.143825887],[-6.864705996,40.149519631],[-6.867013443,40.171749927]]]}},{"type":"Feature","properties":{"NOMBRE_DESTINO":"VILLANUEVA-DE-LA-SIERRA","ID_DESTINO":"VILLANUEVA-DE-LA-SIERRA","NOMBRE_GRAFO":"http://datos.segittur.es/villanueva-de-la-sierra","ID_GRAFO":"villanueva-de-la-sierra","F_ALTA_GRAFO":"2026-09-11 00:00:00","TRIPLETAS_GRAFO":null,"TRIPLETAS_GRAFO 09/07/2026":null,"TRIPLETAS_GRAFO 27/07/2026":null,"TRIPLETAS_GRAFO 30/07/2026":null,"TRIPLETAS_GRAFO 21/08/2026":null,"TRIPLETAS_GRAFO 10/09/2026":null,"TRIPLETAS_GRAFO 18/09/2026":14,"c_ine":"10211000000","join_status":"matched"},"geometry":{"type":"Polygon","coordinates":[[[-6.459968618,40.195581636],[-6.436442438,40.203929869],[-6.443442208,40.214340328],[-6.438236137,40.219881207],[-6.387537881,40.224125015],[-6.393286424,40.237349276],[-6.387288433,40.251395409],[-6.375458877,40.264071586],[-6.364955174,40.264215778],[-6.368786241,40.222025026],[-6.380432188,40.208130015],[-6.375007445,40.183808275],[-6.385759185,40.169785754],[-6.426453771,40.168181862],[-6.447728802,40.17817731],[-6.459968618,40.195581636]]]}},{"type":"Feature","properties":{"NOMBRE_DESTINO":"VILLANUEVA-DE-LA-VERA","ID_DESTINO":"VILLANUEVA-DE-LA-VERA","NOMBRE_GRAFO":"http://datos.segittur.es/villanueva-de-la-vera","ID_GRAFO":"villanueva-de-la-vera","F_ALTA_GRAFO":"2026-06-02 00:00:00","TRIPLETAS_GRAFO":null,"TRIPLETAS_GRAFO 09/07/2026":null,"TRIPLETAS_GRAFO 27/07/2026":null,"TRIPLETAS_GRAFO 30/07/2026":null,"TRIPLETAS_GRAFO 21/08/2026":null,"TRIPLETAS_GRAFO 10/09/2026":null,"TRIPLETAS_GRAFO 18/09/2026":242,"c_ine":"10212000000","join_status":"matched"},"geometry":{"type":"Polygon","coordinates":[[[-5.488067502,40.204737975],[-5.47091046,40.207853072],[-5.468071307,40.224154832],[-5.439772239,40.233627791],[-5.429825034,40.252258156],[-5.395009108,40.250461945],[-5.393232665,40.22171853],[-5.384733381,40.216939621],[-5.387131375,40.187497233],[-5.396357174,40.167633184],[-5.359444709,40.108406119],[-5.369010615,40.100085271],[-5.391794859,40.100193469],[-5.414031107,40.088120271],[-5.44649144,40.085727282],[-5.447762559,40.077016419],[-5.467345617,40.069222966],[-5.460079772,40.079421807],[-5.475531633,40.10681077],[-5.479472563,40.131003209],[-5.479462809,40.146227014],[-5.469406239,40.162188084],[-5.475755986,40.172789879],[-5.469013803,40.184725285],[-5.476995961,40.204290945],[-5.488067502,40.204737975]]]}},{"type":"Feature","properties":{"NOMBRE_DESTINO":"VILLANUEVA DEL RIO SEGURA","ID_DESTINO":"VILLANUEVA_DEL_RIO_SEGURA","NOMBRE_GRAFO":"http://datos.segittur.es/villanueva_del_rio_segura","ID_GRAFO":"villanueva del rio segura","F_ALTA_GRAFO":"2026-06-08 00:00:00","TRIPLETAS_GRAFO":"Sin datos","TRIPLETAS_GRAFO 09/07/2026":"Sin datos","TRIPLETAS_GRAFO 27/07/2026":"Sin datos","TRIPLETAS_GRAFO 30/07/2026":33,"TRIPLETAS_GRAFO 21/08/2026":33,"TRIPLETAS_GRAFO 10/09/2026":33,"TRIPLETAS_GRAFO 18/09/2026":33,"c_ine":"30042000000","join_status":"matched"},"geometry":{"type":"Polygon","coordinates":[[[-1.333501263,38.134574753],[-1.322308507,38.142039359],[-1.309363349,38.127939601],[-1.309561298,38.115407092],[-1.31851681,38.110876523],[-1.32531512,38.095383177],[-1.325584878,38.090061026],[-1.305795576,38.082663086],[-1.319543079,38.060907469],[-1.331419569,38.061153938],[-1.326718475,38.074856155],[-1.336157051,38.085957605],[-1.336816611,38.109163425],[-1.329163341,38.125672577],[-1.333501263,38.134574753]]]}},{"type":"Feature","properties":{"NOMBRE_DESTINO":"VILLAR-DEL-PEDROSO","ID_DESTINO":"VILLAR-DEL-PEDROSO","NOMBRE_GRAFO":"http://datos.segittur.es/villar-del-pedroso","ID_GRAFO":"villar-del-pedroso","F_ALTA_GRAFO":"2026-09-11 00:00:00","TRIPLETAS_GRAFO":null,"TRIPLETAS_GRAFO 09/07/2026":null,"TRIPLETAS_GRAFO 27/07/2026":null,"TRIPLETAS_GRAFO 30/07/2026":null,"TRIPLETAS_GRAFO 21/08/2026":null,"TRIPLETAS_GRAFO 10/09/2026":null,"TRIPLETAS_GRAFO 18/09/2026":67,"c_ine":"10213000000","join_status":"matched"},"geometry":{"type":"Polygon","coordinates":[[[-5.403029388,39.530722992],[-5.387467591,39.537638329],[-5.35012644,39.574048154],[-5.354331679,39.591665599],[-5.337107841,39.602337685],[-5.325237551,39.623125362],[-5.329184896,39.655361299],[-5.302893477,39.672624298],[-5.294356272,39.668991549],[-5.249525653,39.689220259],[-5.250598595,39.71075789],[-5.23906191,39.720116132],[-5.2460004,39.728297281],[-5.241588299,39.73112131],[-5.254414478,39.741602427],[-5.248490202,39.747104702],[-5.25422268,39.752542946],[-5.244094743,39.767009342],[-5.206085461,39.797728765],[-5.16689958,39.799881729],[-5.15845866,39.759661268],[-5.173964104,39.751254738],[-5.137793795,39.714998939],[-5.151855159,39.696009123],[-5.156403172,39.67389741],[-5.149122662,39.665816065],[-5.16242312,39.655343781],[-5.161764535,39.642436977],[-5.17264942,39.635395915],[-5.173768785,39.651789557],[-5.184758746,39.662880672],[-5.241523262,39.679753479],[-5.25001919,39.665273815],[-5.279298032,39.657027006],[-5.250584776,39.626659257],[-5.202069592,39.592021558],[-5.215958596,39.582433008],[-5.31699435,39.549551515],[-5.353797675,39.516694542],[-5.380021943,39.475998114],[-5.403029388,39.530722992]]]}},{"type":"Feature","properties":{"NOMBRE_DESTINO":"VILLASBUENAS-DE-GATA","ID_DESTINO":"VILLASBUENAS-DE-GATA","NOMBRE_GRAFO":"http://datos.segittur.es/villasbuenas-de-gata","ID_GRAFO":"villasbuenas-de-gata","F_ALTA_GRAFO":"2026-09-11 00:00:00","TRIPLETAS_GRAFO":null,"TRIPLETAS_GRAFO 09/07/2026":null,"TRIPLETAS_GRAFO 27/07/2026":null,"TRIPLETAS_GRAFO 30/07/2026":null,"TRIPLETAS_GRAFO 21/08/2026":null,"TRIPLETAS_GRAFO 10/09/2026":null,"TRIPLETAS_GRAFO 18/09/2026":40,"c_ine":"10215000000","join_status":"matched"},"geometry":{"type":"Polygon","coordinates":[[[-6.674705952,40.184677536],[-6.587464212,40.204592712],[-6.588661129,40.188551399],[-6.580878292,40.175895699],[-6.59951924,40.130528472],[-6.633499419,40.133401579],[-6.632551035,40.127937549],[-6.650491854,40.116574135],[-6.66355244,40.135641595],[-6.661163493,40.16279889],[-6.674705952,40.184677536]]]}},{"type":"Feature","properties":{"NOMBRE_DESTINO":"VINAROS","ID_DESTINO":"VINAROS","NOMBRE_GRAFO":"http://datos.segittur.es/vinaros","ID_GRAFO":"vinaros","F_ALTA_GRAFO":"2025-06-18 07:11:28","TRIPLETAS_GRAFO":44675,"TRIPLETAS_GRAFO 09/07/2026":44363,"TRIPLETAS_GRAFO 27/07/2026":44425,"TRIPLETAS_GRAFO 30/07/2026":44485,"TRIPLETAS_GRAFO 21/08/2026":44569,"TRIPLETAS_GRAFO 10/09/2026":45267,"TRIPLETAS_GRAFO 18/09/2026":45267,"c_ine":"12138000000","join_status":"matched"},"geometry":{"type":"Polygon","coordinates":[[[0.353700165,40.511838871],[0.399785576,40.549938945],[0.424615357,40.583938038],[0.443529025,40.578132301],[0.433578392,40.565785875],[0.438703294,40.546403751],[0.514761413,40.522653613],[0.484228523,40.474717375],[0.480103842,40.476822968],[0.483305272,40.474655837],[0.483932462,40.473655301],[0.476968468,40.467395486],[0.478704863,40.462073061],[0.477724733,40.458619709],[0.475220194,40.466436527],[0.475638492,40.460520921],[0.466520157,40.46020569],[0.453506721,40.442573206],[0.439457371,40.44889047],[0.421498615,40.475741292],[0.389997255,40.490747918],[0.374347885,40.489675328],[0.375092457,40.495111527],[0.369523044,40.493680078],[0.353700165,40.511838871]]]}},{"type":"Feature","properties":{"NOMBRE_DESTINO":"VITORIAGASTEIZ","ID_DESTINO":"VITORIAGASTEIZ","NOMBRE_GRAFO":"http://datos.segittur.es/vitoriagasteiz","ID_GRAFO":"vitoriagasteiz","F_ALTA_GRAFO":"2026-06-16 00:00:00","TRIPLETAS_GRAFO":null,"TRIPLETAS_GRAFO 09/07/2026":null,"TRIPLETAS_GRAFO 27/07/2026":null,"TRIPLETAS_GRAFO 30/07/2026":null,"TRIPLETAS_GRAFO 21/08/2026":null,"TRIPLETAS_GRAFO 10/09/2026":32189,"TRIPLETAS_GRAFO 18/09/2026":32189,"c_ine":"01059000000","join_status":"matched"},"geometry":{"type":"Polygon","coordinates":[[[-2.846996996,42.863273186],[-2.854825203,42.87133722],[-2.8533853,42.884716998],[-2.829366715,42.912716303],[-2.80828482,42.911836129],[-2.785826127,42.925494332],[-2.765551763,42.915240789],[-2.706889182,42.902497246],[-2.699688397,42.909646532],[-2.685560553,42.910175633],[-2.667511494,42.930490415],[-2.65628067,42.932293853],[-2.640593035,42.922003709],[-2.624888859,42.936708329],[-2.618325994,42.920528085],[-2.646010243,42.893066813],[-2.63907153,42.861035461],[-2.619635946,42.860158556],[-2.604945986,42.867892533],[-2.609491471,42.868944455],[-2.602158022,42.880661452],[-2.610697996,42.897221747],[-2.594099664,42.913069848],[-2.560740177,42.894309856],[-2.574411122,42.87444227],[-2.584034403,42.874477782],[-2.583047831,42.868287621],[-2.558255469,42.868482459],[-2.543883007,42.856872253],[-2.559409236,42.84580283],[-2.564395952,42.818977279],[-2.571016349,42.818615129],[-2.574118652,42.803344705],[-2.5640078,42.783854955],[-2.58436093,42.784255134],[-2.603343948,42.770129683],[-2.644009719,42.764681098],[-2.731702933,42.794485752],[-2.779273416,42.792930598],[-2.779296434,42.799740104],[-2.790834848,42.808659346],[-2.787619499,42.818928507],[-2.762005782,42.818463323],[-2.766952444,42.84958691],[-2.846996996,42.863273186]]]}},{"type":"Feature","properties":{"NOMBRE_DESTINO":"YECORAIEKORA","ID_DESTINO":"YECORAIEKORA","NOMBRE_GRAFO":"http://datos.segittur.es/yecoraiekora","ID_GRAFO":"yecoraiekora","F_ALTA_GRAFO":"2026-06-03 00:00:00","TRIPLETAS_GRAFO":"Sin datos","TRIPLETAS_GRAFO 09/07/2026":206,"TRIPLETAS_GRAFO 27/07/2026":150,"TRIPLETAS_GRAFO 30/07/2026":"Sin datos","TRIPLETAS_GRAFO 21/08/2026":"Sin datos","TRIPLETAS_GRAFO 10/09/2026":202,"TRIPLETAS_GRAFO 18/09/2026":202,"c_ine":"01060000000","join_status":"matched"},"geometry":{"type":"Polygon","coordinates":[[[-2.49034884,42.585022572],[-2.462205208,42.587386334],[-2.442062316,42.535173184],[-2.483618587,42.519581274],[-2.481145242,42.56090684],[-2.49034884,42.585022572]]]}},{"type":"Feature","properties":{"NOMBRE_DESTINO":"ZALDUONDO","ID_DESTINO":"ZALDUONDO","NOMBRE_GRAFO":"http://datos.segittur.es/zalduondo","ID_GRAFO":"zalduondo","F_ALTA_GRAFO":"2026-06-03 00:00:00","TRIPLETAS_GRAFO":"Sin datos","TRIPLETAS_GRAFO 09/07/2026":1066,"TRIPLETAS_GRAFO 27/07/2026":"Sin datos","TRIPLETAS_GRAFO 30/07/2026":"Sin datos","TRIPLETAS_GRAFO 21/08/2026":"Sin datos","TRIPLETAS_GRAFO 10/09/2026":799,"TRIPLETAS_GRAFO 18/09/2026":799,"c_ine":"01061000000","join_status":"matched"},"geometry":{"type":"Polygon","coordinates":[[[-2.339166823,42.936116308],[-2.322899694,42.931337411],[-2.343202796,42.891414077],[-2.328488313,42.885114135],[-2.337759922,42.871234044],[-2.358619642,42.872676801],[-2.358497581,42.878520441],[-2.369699221,42.88353565],[-2.357422899,42.893507906],[-2.339166823,42.936116308]]]}},{"type":"Feature","properties":{"NOMBRE_DESTINO":"ZAMBRANA","ID_DESTINO":"ZAMBRANA","NOMBRE_GRAFO":"http://datos.segittur.es/zambrana","ID_GRAFO":"zambrana","F_ALTA_GRAFO":"2026-06-03 00:00:00","TRIPLETAS_GRAFO":"Sin datos","TRIPLETAS_GRAFO 09/07/2026":1536,"TRIPLETAS_GRAFO 27/07/2026":"Sin datos","TRIPLETAS_GRAFO 30/07/2026":"Sin datos","TRIPLETAS_GRAFO 21/08/2026":"Sin datos","TRIPLETAS_GRAFO 10/09/2026":1355,"TRIPLETAS_GRAFO 18/09/2026":1355,"c_ine":"01062000000","join_status":"matched"},"geometry":{"type":"Polygon","coordinates":[[[-2.896618691,42.676803404],[-2.860569724,42.670278957],[-2.837415097,42.685846078],[-2.807441699,42.676090621],[-2.790289792,42.662965567],[-2.737686157,42.66311717],[-2.759078951,42.649898804],[-2.758880199,42.638262621],[-2.78166054,42.639425563],[-2.803971219,42.631261901],[-2.803458982,42.63894317],[-2.82569009,42.644968674],[-2.871018576,42.639184948],[-2.896510123,42.654192302],[-2.896618691,42.676803404]],[[-2.868536784,42.642702842],[-2.850559386,42.651497781],[-2.847343525,42.664273092],[-2.864688436,42.661980426],[-2.868536784,42.642702842]]]}},{"type":"Feature","properties":{"NOMBRE_DESTINO":"ZARZA-DE-GRANADILLA","ID_DESTINO":"ZARZA-DE-GRANADILLA","NOMBRE_GRAFO":"http://datos.segittur.es/zarza-de-granadilla","ID_GRAFO":"zarza-de-granadilla","F_ALTA_GRAFO":"2026-09-11 00:00:00","TRIPLETAS_GRAFO":null,"TRIPLETAS_GRAFO 09/07/2026":null,"TRIPLETAS_GRAFO 27/07/2026":null,"TRIPLETAS_GRAFO 30/07/2026":null,"TRIPLETAS_GRAFO 21/08/2026":null,"TRIPLETAS_GRAFO 10/09/2026":null,"TRIPLETAS_GRAFO 18/09/2026":174,"c_ine":"10216000000","join_status":"matched"},"geometry":{"type":"Polygon","coordinates":[[[-6.133033969,40.23283772],[-6.109952013,40.269385279],[-6.125378816,40.274481589],[-6.127321001,40.331857781],[-6.118417793,40.338376243],[-6.119927521,40.34686511],[-6.108491209,40.346740985],[-6.105855583,40.356823206],[-6.053558464,40.342133235],[-6.01614364,40.339979481],[-6.016428402,40.316520621],[-6.048012192,40.31838529],[-6.062375791,40.2998203],[-6.047773961,40.273599035],[-6.028931787,40.25798031],[-6.037598834,40.251204749],[-5.988893375,40.218039044],[-6.065138791,40.177044737],[-6.076674704,40.177465377],[-6.100505109,40.188740101],[-6.091826652,40.215777139],[-6.09471198,40.2277094],[-6.116508455,40.222585847],[-6.122507015,40.227367924],[-6.11295596,40.236702903],[-6.133033969,40.23283772]]]}},{"type":"Feature","properties":{"NOMBRE_DESTINO":"ZARZA-DE-MONTANCHEZ","ID_DESTINO":"ZARZA-DE-MONTANCHEZ","NOMBRE_GRAFO":"http://datos.segittur.es/zarza-de-montanchez","ID_GRAFO":"zarza-de-montanchez","F_ALTA_GRAFO":"2026-09-11 00:00:00","TRIPLETAS_GRAFO":null,"TRIPLETAS_GRAFO 09/07/2026":null,"TRIPLETAS_GRAFO 27/07/2026":null,"TRIPLETAS_GRAFO 30/07/2026":null,"TRIPLETAS_GRAFO 21/08/2026":null,"TRIPLETAS_GRAFO 10/09/2026":null,"TRIPLETAS_GRAFO 18/09/2026":121,"c_ine":"10217000000","join_status":"matched"},"geometry":{"type":"Polygon","coordinates":[[[-6.071906817,39.219909061],[-6.070448422,39.253386607],[-6.058085292,39.267765198],[-6.031648841,39.278456275],[-6.007824258,39.274525362],[-6.023331767,39.25808849],[-6.018137845,39.237494909],[-5.997609206,39.220035499],[-5.990442752,39.200716347],[-6.039381922,39.203935131],[-6.04197989,39.20993897],[-6.071906817,39.219909061]]]}},{"type":"Feature","properties":{"NOMBRE_DESTINO":"ZARZA-LA-MAYOR","ID_DESTINO":"ZARZA-LA-MAYOR","NOMBRE_GRAFO":"http://datos.segittur.es/zarza-la-mayor","ID_GRAFO":"zarza-la-mayor","F_ALTA_GRAFO":"2026-09-11 00:00:00","TRIPLETAS_GRAFO":null,"TRIPLETAS_GRAFO 09/07/2026":null,"TRIPLETAS_GRAFO 27/07/2026":null,"TRIPLETAS_GRAFO 30/07/2026":null,"TRIPLETAS_GRAFO 21/08/2026":null,"TRIPLETAS_GRAFO 10/09/2026":null,"TRIPLETAS_GRAFO 18/09/2026":57,"c_ine":"10218000000","join_status":"matched"},"geometry":{"type":"Polygon","coordinates":[[[-6.916312523,39.858380301],[-6.902801715,39.872741014],[-6.906038963,39.890330717],[-6.899529287,39.910718819],[-6.906638517,39.923820852],[-6.884473167,39.941864247],[-6.888059108,39.964034251],[-6.879569723,39.972290663],[-6.886756583,39.979314481],[-6.869195399,40.009237849],[-6.852187711,40.002906132],[-6.832627385,39.97605974],[-6.809945725,39.958462901],[-6.77052829,39.955898669],[-6.758979008,39.935424222],[-6.723518982,39.903515377],[-6.737092654,39.891630729],[-6.75614343,39.890429055],[-6.76204884,39.89536217],[-6.760704434,39.886390176],[-6.795692703,39.876593448],[-6.810700126,39.831184519],[-6.820017673,39.827103938],[-6.838277293,39.828824165],[-6.916312523,39.858380301]]]}},{"type":"Feature","properties":{"NOMBRE_DESTINO":"ZIGOITIA","ID_DESTINO":"ZIGOITIA","NOMBRE_GRAFO":"http://datos.segittur.es/zigoitia","ID_GRAFO":"zigoitia","F_ALTA_GRAFO":"2026-08-05 00:00:00","TRIPLETAS_GRAFO":null,"TRIPLETAS_GRAFO 09/07/2026":null,"TRIPLETAS_GRAFO 27/07/2026":null,"TRIPLETAS_GRAFO 30/07/2026":null,"TRIPLETAS_GRAFO 21/08/2026":null,"TRIPLETAS_GRAFO 10/09/2026":1815,"TRIPLETAS_GRAFO 18/09/2026":1815,"c_ine":"01018000000","join_status":"matched"},"geometry":{"type":"Polygon","coordinates":[[[-2.785826127,42.925494332],[-2.788424285,42.94712674],[-2.771340707,42.960300946],[-2.780923349,42.984353567],[-2.773800272,43.028956618],[-2.749838381,43.026984255],[-2.740501598,43.034192089],[-2.730055515,43.02405635],[-2.703712141,43.031122815],[-2.687208824,43.023484773],[-2.676359562,42.994050505],[-2.686409274,42.976743839],[-2.678156309,42.967238402],[-2.693125931,42.943209066],[-2.68485323,42.940610966],[-2.688276846,42.930174493],[-2.677982029,42.916965809],[-2.707195583,42.902462016],[-2.765551763,42.915240789],[-2.785826127,42.925494332]]]}},{"type":"Feature","properties":{"NOMBRE_DESTINO":"ZORITA","ID_DESTINO":"ZORITA","NOMBRE_GRAFO":"http://datos.segittur.es/zorita","ID_GRAFO":"zorita","F_ALTA_GRAFO":"2026-09-11 00:00:00","TRIPLETAS_GRAFO":null,"TRIPLETAS_GRAFO 09/07/2026":null,"TRIPLETAS_GRAFO 27/07/2026":null,"TRIPLETAS_GRAFO 30/07/2026":null,"TRIPLETAS_GRAFO 21/08/2026":null,"TRIPLETAS_GRAFO 10/09/2026":null,"TRIPLETAS_GRAFO 18/09/2026":78,"c_ine":"10219000000","join_status":"matched"},"geometry":{"type":"Polygon","coordinates":[[[-5.777895887,39.283007586],[-5.764665321,39.305583623],[-5.742012602,39.310173726],[-5.722159137,39.324225324],[-5.708963254,39.325524255],[-5.702470437,39.31987344],[-5.697670915,39.329282077],[-5.68504475,39.332168699],[-5.670813858,39.34655916],[-5.651198724,39.344854629],[-5.641705091,39.356791215],[-5.623147025,39.355175056],[-5.597398925,39.369311141],[-5.590331761,39.361495721],[-5.59831253,39.352317811],[-5.603075899,39.318085133],[-5.590274966,39.319433808],[-5.587432119,39.307127551],[-5.601055962,39.29079668],[-5.581968469,39.284050386],[-5.58166186,39.270020942],[-5.558881705,39.264776057],[-5.559659038,39.246326172],[-5.573261372,39.240305498],[-5.570487784,39.231609822],[-5.608942443,39.221817393],[-5.656403749,39.173203135],[-5.694183136,39.238975405],[-5.732628982,39.273764002],[-5.729006838,39.285254338],[-5.747866186,39.290549309],[-5.766490008,39.27036053],[-5.777895887,39.283007586]]]}},{"type":"Feature","properties":{"NOMBRE_DESTINO":"ZUIA","ID_DESTINO":"ZUIA","NOMBRE_GRAFO":"http://datos.segittur.es/zuia","ID_GRAFO":"zuia","F_ALTA_GRAFO":"2026-08-05 00:00:00","TRIPLETAS_GRAFO":null,"TRIPLETAS_GRAFO 09/07/2026":null,"TRIPLETAS_GRAFO 27/07/2026":null,"TRIPLETAS_GRAFO 30/07/2026":null,"TRIPLETAS_GRAFO 21/08/2026":null,"TRIPLETAS_GRAFO 10/09/2026":2998,"TRIPLETAS_GRAFO 18/09/2026":2998,"c_ine":"01063000000","join_status":"matched"},"geometry":{"type":"Polygon","coordinates":[[[-2.914815977,43.02006262],[-2.916468475,43.032022445],[-2.897214571,43.035905819],[-2.880094334,43.051107191],[-2.864168978,43.051736227],[-2.821712473,43.035597121],[-2.774978566,43.031222177],[-2.780923349,42.984353567],[-2.771340707,42.960300946],[-2.788424285,42.94712674],[-2.78370481,42.92645372],[-2.80828482,42.911836129],[-2.856377836,42.914059515],[-2.868095579,42.921897643],[-2.879033923,42.942155747],[-2.873103579,42.967728754],[-2.884192774,42.973970623],[-2.883177918,42.990063358],[-2.914815977,43.02006262]]]}}]}